{
    "quote_number": "1213",
    "quote_title": "롤 및 사무용 PC",
    "date_create": "2023.12.31",
    "cpu_gpu_combinations": "라이젠5 5600G +  조합",
    "quotation_summary": " 50이하 포토샵이나 가벼운 사무용과 롤 같은 캐주얼 게임을 즐기는 라이트 유저를 위한 견적입니다.# 50이하 포토샵이나 가벼운 사무용과 롤 같은 캐주얼 게임을 즐기는 라이트 유저를 위한 견적입니다.",
    "quote_person_introduction": "퀘이사존, 다나와, 쿨엔에서 활동 중인  잉여인간17호입니다.다양한 필테 경력과 컴덕질을 경험삼아 도움 드리고자 합니다.어떠한 스폰도 받지 않는 유저 입장에서 직접 사용해보고 테스트한 견적 위주로 견적드리겠습니다.",
    "quote_feedback": "50이하 포토샵이나 가벼운 사무용과 롤 같은 캐주얼 게임을 즐기는 라이트 유저를 위한 견적입니다.",
    "computer_estimate_data": "[CPU]AMD 라이젠5-4세대 5600G (세잔) (멀티팩)상세보기[메인보드]MSI A520M-A PRO상세보기[메모리]삼성전자 DDR4-3200 (8GB) PC4-25600 x 2 개상세보기[SSD]SK하이닉스 GOLD P31 M2 NVMe (500GB)상세보기[케이스]아이구주 HATCH 1 야인 블랙 (미니타워)상세보기[파워서플라이]쿨러마스터 MWE 500 BRONZE V2 230V상세보기[CPU쿨러]쿨러마스터 HYPER 420S ARGB상세보기[쿨러.튜닝.조명.액세서리]케이엘시스템 KLcom M.2 2280 방열판 (BLACK)상세보기[조립PC관련][견적왕] 조립 서비스 + 1년 출장 A/S상세보기",
    "quote_description": "CPU는 6코어 12스레드에 뛰어난 내장 그래픽 성능으로 가벼운 포토샵 작업까지 문제 없는 사무용 PC입니다.메모리는 삼성 메모리는 말이 필요 없죠 ^^SSD는 이천 특산물로 불리며 낮은 발열과 뛰어난 성능으로 게임용이나 사무용도로도 훌륭한 제품입니다. \n안정성이 이미 검증된 제품이죠케이스는 아이구주의 깔끔한 미니타워 케이스입니다파워서플라이는 가성비 좋은 쿨러마스터의 500W 브론즈 효율 파워입니다.CPU쿨러는 2만원 이하에 준수한 성능과 ARGB를 지원하는 가성비 좋은 쿨러입니다.",
    "parts_price": {
        "CPU": {
            "제품명": "AMD 라이젠5-4세대 5600G",
            "가격": "152,000원",
            "수량": "1"
        },
        "메인보드": {
            "제품명": "MSI A520M-A PRO",
            "가격": "71,000원",
            "수량": "1"
        },
        "메모리": {
            "제품명": "삼성전자 DDR4-3200 PC4-25600  8GB",
            "가격": "20,770원",
            "수량": "2"
        },
        "SSD": {
            "제품명": "SK하이닉스 GOLD P31 M2 NVMe 500GB",
            "가격": "79,000원",
            "수량": "1"
        },
        "케이스": {
            "제품명": "아이구주 HATCH 1 야인 블랙",
            "가격": "24,000원",
            "수량": "1"
        },
        "파워서플라이": {
            "제품명": "쿨러마스터 MWE 500 BRONZE V2 230V",
            "가격": "44,860원",
            "수량": "1"
        },
        "CPU쿨러": {
            "제품명": "쿨러마스터 HYPER 420S ARGB",
            "가격": "17,750원",
            "수량": "1"
        },
        "쿨러.튜닝.조명.액세서리": {
            "제품명": "케이엘시스템 KLcom M.2 2280 방열판",
            "가격": "1,260원",
            "수량": "1"
        }
    },
    "total_price": "431410원",
    "CPU": "AMD 라이젠5-4세대 5600G (세잔) (멀티팩)",
    "Motherboard": "MSI A520M-A PRO",
    "SSD": "SK하이닉스 GOLD P31 M2 NVMe (500GB)",
    "Memory": "삼성전자 DDR4-3200 (8GB) PC4-25600 x 2 개",
    "Power Supply": "쿨러마스터 MWE 500 BRONZE V2 230V",
    "CPU Cooler": "쿨러마스터 HYPER 420S ARGB",
    "cpu_score": 504,
    "gpu_score": null,
    "performance_grade": "정보 없음",
    "cpu_benchmarkscore": 21908,
    "gpu_benchmarkscore": null
}