{
    "quote_number": "1244",
    "quote_title": "12400 + 1660 SUPER + 가성비 편집용",
    "date_create": "2024.3.8",
    "cpu_gpu_combinations": "코어i5-12400 + GTX 1660 SUPER 조합",
    "quotation_summary": "",
    "quote_person_introduction": "안녕하세요! 견적왕 견적맨 총괄 매니저 로비오트입니다!퀘이사존 유저랭킹 1등을 계속해서 유지하고 있고견적게시판에서만 주로 활동하는 유저로그 누구보다 제품의 장단점, 성능적인 파악을 정확하게 하고 있습니다.물건을 판매하려는 견적이 아닌 실질적인 소비자 기준으로 구성을 하고 있으며기본적으로 A/S가 좋지 않은 곳은 걸러서 구성하고 있습니다.또한 블랙컨슈머로 인한 A/S이슈는 고려하지도듣지도 보지도 않고 있으니 이런 부분도 걸러 듣고 견적을 작성하고 있습니다!",
    "quote_feedback": "브이로그 급이면 그리 하드한 편집보단컷편집이랑 색보정 정도가 될 듯 한데저 가격대라면 12400이나 13400급 (F 들어간 제품말고 일반으로 추천드립니다)B660M Pro Rs D4 에즈윈 정도 메인보드 구성하고렘 용량 32기가에 GTX 1660 SUPER 정도면 Vram 용량도 충분하리라 보여집니다.다만 4K 캠촬영이라면 GPU나 CPU 성능을 더 올려야 할 수도 있습니다.",
    "computer_estimate_data": "[CPU]인텔 코어i5-12세대 12400 (엘더레이크)(벌크)상세보기[메인보드]MSI PRO B760M-A DDR4 II상세보기[메모리]마이크론 Crucial DDR4-3200 CL22 (16GB) x 2 개상세보기[그래픽카드]ARKTEK 지포스 GTX 1660 SUPER D6 6GB상세보기[SSD]삼성전자 970 EVO Plus M.2 2280 (500GB)상세보기[케이스]DAVEN D4 MESH BLACK (미들타워)상세보기[파워서플라이]SF-500R12ST MEGA 80PLUS STANDARD 230V EU상세보기[CPU쿨러]PCCOOLER PALADIN EX400 (BLACK)상세보기[조립PC관련][견적왕] 조립 서비스 + 1년 출장 A/S상세보기",
    "quote_description": "메인보드는 가성비 좋은 DDR4 메인보드!\n전원부 구성도 가성비 중 최강!메모리는 QHD 게이밍은 32기가!\n특히 싱글 AAA급 게임은 더더욱!그래픽카드는 가성비 좋은 GTX 1660 SUPER!\nSTOCM 유통으로 AS 퀄리티 무난~파워서플라이는 GTX 1660 SUPER 라면충분한 용량의 500w!\n무한 고주파 교체 AS의 슈퍼플라워!CPU쿨러는 팔라딘 400의 가성비 제품!\n소음 억제력 , 발열 제어능력 준수!",
    "parts_price": {
        "CPU": {
            "제품명": "인텔 코어i5-12세대 12400",
            "가격": "164,970원",
            "수량": "1"
        },
        "메인보드": {
            "제품명": "MSI PRO B760M-A DDR4 II",
            "가격": "173,130원",
            "수량": "1"
        },
        "메모리": {
            "제품명": "마이크론 Crucial DDR4-3200 CL22  16GB",
            "가격": "41,250원",
            "수량": "2"
        },
        "그래픽카드": {
            "제품명": "ARKTEK 지포스 GTX 1660 SUPER D6 6GB",
            "가격": "254,220원",
            "수량": "1"
        },
        "SSD": {
            "제품명": "삼성전자 970 EVO Plus M.2 2280 500GB",
            "가격": "87,980원",
            "수량": "1"
        },
        "케이스": {
            "제품명": "DAVEN D4 MESH BLACK",
            "가격": "34,840원",
            "수량": "1"
        },
        "파워서플라이": {
            "제품명": "SF-500R12ST MEGA 80PLUS STANDARD 230V EU",
            "가격": "46,971원",
            "수량": "1"
        },
        "CPU쿨러": {
            "제품명": "PCCOOLER PALADIN EX400",
            "가격": "22,160원",
            "수량": "1"
        }
    },
    "total_price": "866771원",
    "CPU": "인텔 코어i5-12세대 12400 (엘더레이크)(벌크)",
    "Motherboard": "MSI PRO B760M-A DDR4 II",
    "Graphic Card": "ARKTEK 지포스 GTX 1660 SUPER D6 6GB",
    "SSD": "삼성전자 970 EVO Plus M.2 2280 (500GB)",
    "Memory": "마이크론 Crucial DDR4-3200 CL22 (16GB) x 2 개",
    "Power Supply": "SF-500R12ST MEGA 80PLUS STANDARD 230V EU",
    "CPU Cooler": "PCCOOLER PALADIN EX400 (BLACK)",
    "cpu_score": 595,
    "gpu_score": 152,
    "performance_grade": "저성능",
    "cpu_benchmarkscore": 19566,
    "gpu_benchmarkscore": 12926
}