{
    "quote_number": "1252",
    "quote_title": "부담없는 6코어 사무용 4650G 내장그래픽 컴퓨터 견적",
    "date_create": "2023.10.11",
    "cpu_gpu_combinations": "라이젠5 PRO 4650G +  조합",
    "quotation_summary": " 라이젠 4650G / 내장 그래픽 / RAM 16GB / SSD 500GB# 사무용# 40만원대",
    "quote_person_introduction": "안녕하세요. 로카프입니다.우리 주변에는 아직 컴퓨터 견적구성을 어떻게 할 지 몰라 고민에 빠지는 분들이 많이 계십니다.성능은 괜찮을까? 고장은 나지 않을까? 가격은 괜찮은건가? 이런 고민들을 한 번쯤은 해보셨을 겁니다.용도에 알맞는 성능과 합리적인 가격, 최우선으로 안정성과 신뢰도 높은 부품들로 구성된 견적을 추천해드리겠습니다.컴퓨터를 처음 알아보시는 분들의 입장에서 생각하고 견적을 구성해드리는 견적맨이 되겠습니다.",
    "quote_feedback": "의뢰자님께서 사용중인 PC의 CPU는 출시 10년이 다되가는 CPU로 현재 출시되는 제품들에 비해서 현저하게 성능이 뒤떨어집니다.따라서, 요즘 출시되는 CPU중 사무용 용도로 나오는 제품으로 구성해도 사용하시는데 큰 불편함이 없을 것으로 생각됩니다.",
    "computer_estimate_data": "[CPU]AMD 라이젠5 PRO 르누아르 4650G (정품 멀티팩)(쿨러포함)상세보기[메인보드]MSI A520M-A PRO상세보기[메모리]마이크론 Crucial DDR4 8G PC4-25600 CL22 x 2 개상세보기[SSD]SK하이닉스 GOLD P31 M2 NVMe (500GB)상세보기[케이스]마이크로닉스 COOLMAX HEAVEN Black (미니타워)상세보기[파워서플라이]SF-500R12ST MEGA 80PLUS STANDARD 230V EU상세보기[조립PC관련][견적왕] 조립 서비스 + 1년 출장 A/S상세보기",
    "quote_description": "CPU는 내장그래픽을 탑재하여 사무용도 견적구성 시 뛰어난 가성비를 보여주는 라이젠 4650G입니다. 6코어 12쓰레드 설계로 탁월한 멀티태스킹 성능을 보여줍니다.메인보드는 A520칩셋 제품으로 모니터 출력포트로 HDMI와 DVI-D포트가 있는 A520M-A PRO 제품입니다. HDMI포트로 최대 4K 60Hz 출력이 가능하며 EZ디버그 LED 기능을 통해 문제 발생 시 대략적인 하드웨어적 원인 파악이 가능합니다.메모리는 삼성전자 제품보다 소폭 저렴하면서 성능은 동일하고 라이프 워런티 A/S 정책으로 사후서비스면에서 메리트가 있는 제품입니다.SSD는 PCIe 3.0 방식의 SSD에서는 이견이 없는 최고의 SSD입니다. 성능이면 성능, 발열이면 발열 모두 최고입니다.케이스는 심플한 사무용 케이스 디자인에 120mm 후면팬이 기본 구성된 HEAVEN Black 제품입니다.파워서플라이는 고주파 발생에도 A/S 걱정이 없는 슈퍼플라워사의 500W 제품입니다.",
    "parts_price": {
        "CPU": {
            "제품명": "AMD 라이젠5 PRO 르누아르 4650G",
            "가격": "106,200원",
            "수량": "1"
        },
        "메인보드": {
            "제품명": "MSI A520M-A PRO",
            "가격": "71,000원",
            "수량": "1"
        },
        "메모리": {
            "제품명": "마이크론 Crucial DDR4 8G PC4-25600 CL22",
            "가격": "21,480원",
            "수량": "2"
        },
        "SSD": {
            "제품명": "SK하이닉스 GOLD P31 M2 NVMe 500GB",
            "가격": "79,000원",
            "수량": "1"
        },
        "케이스": {
            "제품명": "마이크로닉스 COOLMAX HEAVEN Black",
            "가격": "19,340원",
            "수량": "1"
        },
        "파워서플라이": {
            "제품명": "SF-500R12ST MEGA 80PLUS STANDARD 230V EU",
            "가격": "46,971원",
            "수량": "1"
        }
    },
    "total_price": "365471원",
    "CPU": "AMD 라이젠5 PRO 르누아르 4650G (정품 멀티팩)(쿨러포함)",
    "Motherboard": "MSI A520M-A PRO",
    "SSD": "SK하이닉스 GOLD P31 M2 NVMe (500GB)",
    "Memory": "마이크론 Crucial DDR4 8G PC4-25600 CL22 x 2 개",
    "Power Supply": "SF-500R12ST MEGA 80PLUS STANDARD 230V EU",
    "cpu_score": 745,
    "gpu_score": null,
    "performance_grade": "정보 없음",
    "cpu_benchmarkscore": null,
    "gpu_benchmarkscore": null
}