{
    "quote_number": "1264",
    "quote_title": "블소레볼루션 라이젠 7600 + RTX 3070 게이밍 컴퓨터 견적",
    "date_create": "2024.3.9",
    "cpu_gpu_combinations": "라이젠5 7600 + RTX 3070 조합",
    "quotation_summary": " 라이젠 7600 / RTX 3070 / RAM 32GB / SSD 500GB# 130만원# 블소레볼루션# FHD 게이밍",
    "quote_person_introduction": "안녕하세요. 로카프입니다.우리 주변에는 아직 컴퓨터 견적구성을 어떻게 할 지 몰라 고민에 빠지는 분들이 많이 계십니다.성능은 괜찮을까? 고장은 나지 않을까? 가격은 괜찮은건가? 이런 고민들을 한 번쯤은 해보셨을 겁니다.용도에 알맞는 성능과 합리적인 가격, 최우선으로 안정성과 신뢰도 높은 부품들로 구성된 견적을 추천해드리겠습니다.컴퓨터를 처음 알아보시는 분들의 입장에서 생각하고 견적을 구성해드리는 견적맨이 되겠습니다.",
    "quote_feedback": "의뢰자님께서 요청하신대로 150만원 안팎으로 짠 견적입니다.",
    "computer_estimate_data": "[CPU]AMD 라이젠5-5세대 7600 (라파엘) (멀티팩(정품))상세보기[메인보드]ASRock A620M-HDV/M.2+ 에즈윈상세보기[메모리]TeamGroup DDR5-5600 CL46 Elite (16GB) x 2 개상세보기[그래픽카드]액슬 지포스 RTX 3070 D6 8GB White 에즈윈상세보기[SSD]마이크론 Crucial P5 Plus M.2 NVMe 대원CTS (500GB)상세보기[케이스]마이크로닉스 GL1-MORTAR (미들타워)상세보기[파워서플라이]쿨러마스터 G800 GOLD상세보기[CPU쿨러]PCCOOLER PALADIN 400상세보기[쿨러.튜닝.조명.액세서리]케이엘시스템 KLcom M.2 2280 방열판 (BLACK)상세보기[조립PC관련][견적왕] 조립 서비스 + 1년 출장 A/S상세보기",
    "quote_description": "CPU는 6코어 12쓰레드 구조로 A620 메인보드와 싱글타워공랭쿨러 구성만으로도 쾌적하게 작동하여 가성비 있게 견적을 구성할 때 많이 추천되고 있는 라이젠 7600입니다.메인보드는 300A급 드라이버모스펫 채용으로 전원부 성능이 준수하며 A620칩셋 메인보드로 가격경쟁력까지 갖추고 있어 7600 CPU와 구성하기에 충분한 A620M-HDV/M.2+ 입니다.메모리는 라이프워런티정책으로 제품 단종 시까지 서비스 지원하는 팀그룹 JEDEC 표준 일반램입니다.그래픽카드는 3060Ti보다 한 차원 높은 성능을 자랑하며 FHD 게이밍에서 막강한 성능을 자랑하는 3070입니다.SSD는 PCIe 4.0을 지원하기때문에 3.0규격 SSD에 비해 월등히 좋은 성능을 보여줌과 동시에 가성비도 좋은 제품입니다.케이스는 전면팬 3개, 후면팬 1개 모두 LED팬으로 총 4개의 쿨링팬을 기본제공하여 준수한 쿨링성능을 보여주는 가성비 좋은 케이스입니다.파워서플라이는 800W 골드등급의 제품으로 시스템에 안정적으로 전원 공급가능한 용량이며, 쿨러마스터 제품 역시 A/S 정책이 좋습니다.CPU쿨러는 2~3만원대 쿨러 중 가성비가 뛰어난 제품으로, AM4소켓 CPU 구성시 발생할 수 있는 무뽑기 파손증상 방지키트가 구성품에 포함되어 있습니다.",
    "parts_price": {
        "CPU": {
            "제품명": "AMD 라이젠5-5세대 7600)",
            "가격": "239,940원",
            "수량": "1"
        },
        "메인보드": {
            "제품명": "ASRock A620M-HDV/M.2+ 에즈윈",
            "가격": "109,680원",
            "수량": "1"
        },
        "메모리": {
            "제품명": "TeamGroup DDR5-5600 CL46 Elite  16GB",
            "가격": "64,480원",
            "수량": "2"
        },
        "그래픽카드": {
            "제품명": "액슬 지포스 RTX 3070 D6 8GB White 에즈윈",
            "가격": "571,780원",
            "수량": "1"
        },
        "SSD": {
            "제품명": "마이크론 Crucial P5 Plus M.2 NVMe 대원CTS 500GB",
            "가격": "69,520원",
            "수량": "1"
        },
        "케이스": {
            "제품명": "마이크로닉스 GL1-MORTAR",
            "가격": "32,000원",
            "수량": "1"
        },
        "파워서플라이": {
            "제품명": "쿨러마스터 G800 GOLD",
            "가격": "89,990원",
            "수량": "1"
        },
        "CPU쿨러": {
            "제품명": "PCCOOLER PALADIN 400",
            "가격": "28,990원",
            "수량": "1"
        },
        "쿨러.튜닝.조명.액세서리": {
            "제품명": "케이엘시스템 KLcom M.2 2280 방열판",
            "가격": "1,260원",
            "수량": "1"
        }
    },
    "total_price": "1272120원",
    "CPU": "AMD 라이젠5-5세대 7600 (라파엘) (멀티팩(정품))",
    "Motherboard": "ASRock A620M-HDV/M.2+ 에즈윈",
    "Graphic Card": "액슬 지포스 RTX 3070 D6 8GB White 에즈윈",
    "SSD": "마이크론 Crucial P5 Plus M.2 NVMe 대원CTS (500GB)",
    "Memory": "TeamGroup DDR5-5600 CL46 Elite (16GB) x 2 개",
    "Power Supply": "쿨러마스터 G800 GOLD",
    "CPU Cooler": "PCCOOLER PALADIN 400",
    "cpu_score": 312,
    "gpu_score": 28,
    "performance_grade": "중성능",
    "cpu_benchmarkscore": 28555,
    "gpu_benchmarkscore": 23661
}