{
    "quote_number": "1268",
    "quote_title": "5600G + 캐쥬얼 게임용",
    "date_create": "2024.1.11",
    "cpu_gpu_combinations": "라이젠5 5600G +  조합",
    "quotation_summary": "",
    "quote_person_introduction": "안녕하세요! 견적왕 견적맨 총괄 매니저 로비오트입니다!퀘이사존 유저랭킹 1등을 계속해서 유지하고 있고견적게시판에서만 주로 활동하는 유저로그 누구보다 제품의 장단점, 성능적인 파악을 정확하게 하고 있습니다.물건을 판매하려는 견적이 아닌 실질적인 소비자 기준으로 구성을 하고 있으며기본적으로 A/S가 좋지 않은 곳은 걸러서 구성하고 있습니다.또한 블랙컨슈머로 인한 A/S이슈는 고려하지도듣지도 보지도 않고 있으니 이런 부분도 걸러 듣고 견적을 작성하고 있습니다!",
    "quote_feedback": "모니터까지 포함해서 하는거라면내장그래픽 구성이 되어야 할텐데5600G 정도가 그나마 내장그래픽 있는 CPU 중에서 성능도 괜찮고 가격도 나쁘진 않을 겁니다.다만 요즘 롤 그래픽 자체가 좀 올라간 편이라 풀옵은 프레임 하락이 좀 있는 부분이고옵션타협은 해주시는게 좋을 듯 합니다.",
    "computer_estimate_data": "[CPU]AMD 라이젠5-4세대 5600G (세잔) (멀티팩)상세보기[메인보드]ASUS PRIME A320M-K 대원CTS상세보기[메모리]마이크론 Crucial DDR4 8G PC4-25600 CL22 x 2 개상세보기[SSD]삼성전자 970 EVO Plus M.2 2280 (500GB)상세보기[케이스]DARKFLASH DK110 (미들타워)상세보기[파워서플라이]SF-500R12ST MEGA 80PLUS STANDARD 230V EU상세보기[소프트웨어]Microsoft Windows 11 Home (처음사용자용 한글)상세보기[모니터]대원씨티에스 Luming DW27F1GM 게이밍 무결점상세보기[조립PC관련][견적왕] 조립 서비스 + 1년 출장 A/S상세보기",
    "quote_description": "메인보드는 HDMI 4K 30HZ 정식 지원!\nM.2 슬롯도 지원! 가성비 A320 보드!메모리는 라이프 워런티 지원!\n수율 좋은 DDR4 메모리!케이스는 가성비 케이스중 이정도의 확장성은 없다!\n깔끔한 사무용 케이스 디자인!파워서플라이는 GTX 1660 SUPER 라면충분한 용량의 500w!\n무한 고주파 교체 AS의 슈퍼플라워!소프트웨어는 윈도우는 11!\n10도 사용 가능!",
    "parts_price": {
        "CPU": {
            "제품명": "AMD 라이젠5-4세대 5600G",
            "가격": "152,000원",
            "수량": "1"
        },
        "메인보드": {
            "제품명": "ASUS PRIME A320M-K 대원CTS",
            "가격": "68,640원",
            "수량": "1"
        },
        "메모리": {
            "제품명": "마이크론 Crucial DDR4 8G PC4-25600 CL22",
            "가격": "21,480원",
            "수량": "2"
        },
        "SSD": {
            "제품명": "삼성전자 970 EVO Plus M.2 2280 500GB",
            "가격": "87,980원",
            "수량": "1"
        },
        "케이스": {
            "제품명": "DARKFLASH DK110",
            "가격": "18,560원",
            "수량": "1"
        },
        "파워서플라이": {
            "제품명": "SF-500R12ST MEGA 80PLUS STANDARD 230V EU",
            "가격": "46,971원",
            "수량": "1"
        },
        "소프트웨어": {
            "제품명": "Microsoft Windows 11 Home",
            "가격": "173,730원",
            "수량": "1"
        },
        "모니터": {
            "제품명": "대원씨티에스 Luming DW27F1GM 게이밍 무결점",
            "가격": "168,950원",
            "수량": "1"
        }
    },
    "total_price": "759791원",
    "CPU": "AMD 라이젠5-4세대 5600G (세잔) (멀티팩)",
    "Motherboard": "ASUS PRIME A320M-K 대원CTS",
    "SSD": "삼성전자 970 EVO Plus M.2 2280 (500GB)",
    "Memory": "마이크론 Crucial DDR4 8G PC4-25600 CL22 x 2 개",
    "Power Supply": "SF-500R12ST MEGA 80PLUS STANDARD 230V EU",
    "cpu_score": 504,
    "gpu_score": null,
    "performance_grade": "정보 없음",
    "cpu_benchmarkscore": 21908,
    "gpu_benchmarkscore": null
}