{
    "quote_number": "1337",
    "quote_title": "7600 + RTX 4070 Ti + 디아블로 4 QHD 끝판왕 + 모니터 포함",
    "date_create": "2024.3.31",
    "cpu_gpu_combinations": "라이젠5 7600 + RTX 4070 Ti 조합",
    "quotation_summary": "",
    "quote_person_introduction": "안녕하세요! 견적왕 견적맨 총괄 매니저 로비오트입니다!퀘이사존 유저랭킹 1등을 계속해서 유지하고 있고견적게시판에서만 주로 활동하는 유저로그 누구보다 제품의 장단점, 성능적인 파악을 정확하게 하고 있습니다.물건을 판매하려는 견적이 아닌 실질적인 소비자 기준으로 구성을 하고 있으며기본적으로 A/S가 좋지 않은 곳은 걸러서 구성하고 있습니다.또한 블랙컨슈머로 인한 A/S이슈는 고려하지도듣지도 보지도 않고 있으니 이런 부분도 걸러 듣고 견적을 작성하고 있습니다!",
    "quote_feedback": "https://www.ppomppu.co.kr/zboard/view.php?id=pc_consult&page=1&divpage=4&no=18605지금가격대면 QHD는 풀옵션 매우 충분하게 구성이 가능 할 듯 합니다.RTX 4070 Ti부터는 4k도 DLSS 켜놓으면 충분히 가능한 수준이기는 하나금액적으로 4k 게이밍 모니터까지는 구성이 어려울 듯 합니다.",
    "computer_estimate_data": "[CPU]AMD 라이젠5-5세대 7600 (라파엘) (멀티팩(정품))상세보기[메인보드]ASRock A620M-HDV/M.2+ 에즈윈상세보기[메모리]ESSENCORE KLEVV DDR5-5600 CL46 (16GB) x 2 개상세보기[그래픽카드]이엠텍 지포스 RTX 4070 Ti BLACK STORM D6X 12GB상세보기[SSD]SK하이닉스 Gold P31 M2 NVMe (1TB)상세보기[케이스]DARKFLASH DF2100 MESH RGB 강화유리 블랙 (미들타워)상세보기[파워서플라이]SuperFlower SF-850F14HG LEADEX III GOLD BLACK (PCIE 5)상세보기[CPU쿨러]잘만 CNPS9X PERFORMA RGB (SILVER)상세보기[모니터]삼성전자 오디세이 G5 C27G54T상세보기[조립PC관련][견적왕] 조립 서비스 + 1년 출장 A/S상세보기",
    "quote_description": "CPU는 새로나온 가성비 CPU!\n동급 인텔대비 월등한 게이밍 성능!메인보드는 7900까지 충분히 커버 가능한 탄탄한 전원부!\nA620에서 M.2 3장을 사용 할 수 있는 갓성비!메모리는 하이닉스 A다이 메모리\n인식률 호환성 안정성 굳!그래픽카드는 믿음의 이엠텍 AS!\n발열은 좀 있지만 가성비 좋은 블랙 스톰!SSD는 이천 특산물! SK 하이닉스!\nPCIe 3.0의 끝판왕!케이스는 DF2100 가격은 착하지만 확장성은 DLX21!\n상단 3열 완벽 호환!파워서플라이는 고주파 완벽 지원 슈퍼플라워!\nPCie 5.0 케이블 완벽 지원!CPU쿨러는 가성비 좋고 성능 좋고!\n3만원 미만에서의 갓성비 모델!",
    "parts_price": {
        "CPU": {
            "제품명": "AMD 라이젠5-5세대 7600)",
            "가격": "239,940원",
            "수량": "1"
        },
        "메인보드": {
            "제품명": "ASRock A620M-HDV/M.2+ 에즈윈",
            "가격": "109,680원",
            "수량": "1"
        },
        "메모리": {
            "제품명": "ESSENCORE KLEVV DDR5-5600 CL46  16GB",
            "가격": "65,000원",
            "수량": "2"
        },
        "그래픽카드": {
            "제품명": "이엠텍 지포스 RTX 4070 Ti BLACK STORM D6X 12GB",
            "가격": "1,229,220원",
            "수량": "1"
        },
        "SSD": {
            "제품명": "SK하이닉스 Gold P31 M2 NVMe 1TB",
            "가격": "138,000원",
            "수량": "1"
        },
        "케이스": {
            "제품명": "DARKFLASH DF2100 MESH RGB 강화유리 블랙",
            "가격": "81,000원",
            "수량": "1"
        },
        "파워서플라이": {
            "제품명": "SuperFlower SF-850F14HG LEADEX III GOLD BLACK",
            "가격": "154,407원",
            "수량": "1"
        },
        "CPU쿨러": {
            "제품명": "잘만 CNPS9X PERFORMA RGB",
            "가격": "33,740원",
            "수량": "1"
        },
        "모니터": {
            "제품명": "삼성전자 오디세이 G5 C27G54T",
            "가격": "278,990원",
            "수량": "1"
        }
    },
    "total_price": "2394977원",
    "CPU": "AMD 라이젠5-5세대 7600 (라파엘) (멀티팩(정품))",
    "Motherboard": "ASRock A620M-HDV/M.2+ 에즈윈",
    "Graphic Card": "이엠텍 지포스 RTX 4070 Ti BLACK STORM D6X 12GB",
    "SSD": "SK하이닉스 Gold P31 M2 NVMe (1TB)",
    "Memory": "ESSENCORE KLEVV DDR5-5600 CL46 (16GB) x 2 개",
    "Power Supply": "SuperFlower SF-850F14HG LEADEX III GOLD BLACK (PCIE 5)",
    "CPU Cooler": "잘만 CNPS9X PERFORMA RGB (SILVER)",
    "cpu_score": 312,
    "gpu_score": 4,
    "performance_grade": "중성능",
    "cpu_benchmarkscore": 28555,
    "gpu_benchmarkscore": 31768
}