{
    "quote_number": "1340",
    "quote_title": "라이젠 5600 + GTX 1660SUPER FHD 게이밍PC 견적",
    "date_create": "2024.3.6",
    "cpu_gpu_combinations": "라이젠5 5600 + GTX 1660 SUPER 조합",
    "quotation_summary": " 라이젠 5600 / GTX 1660SUPER / RAM 16GB / SSD 500GB# FHD 게이밍# 롤# 피파# 오버워치",
    "quote_person_introduction": "안녕하세요. 로카프입니다.우리 주변에는 아직 컴퓨터 견적구성을 어떻게 할 지 몰라 고민에 빠지는 분들이 많이 계십니다.성능은 괜찮을까? 고장은 나지 않을까? 가격은 괜찮은건가? 이런 고민들을 한 번쯤은 해보셨을 겁니다.용도에 알맞는 성능과 합리적인 가격, 최우선으로 안정성과 신뢰도 높은 부품들로 구성된 견적을 추천해드리겠습니다.컴퓨터를 처음 알아보시는 분들의 입장에서 생각하고 견적을 구성해드리는 견적맨이 되겠습니다.",
    "quote_feedback": "의뢰자님께서 말씀해주신 사양에서 조금만 다듬어서 견적 재구성해봤습니다.CPU쿨러는 AM4소켓 CPU들의 배송중 파손을 방지하는 무뽑기방지킷이 포함된 쿨러로 마무리했습니다.",
    "computer_estimate_data": "[CPU]AMD 라이젠5-4세대 5600 (버미어) (멀티팩(정품))상세보기[메인보드]MSI A520M-A PRO상세보기[메모리]마이크론 Crucial DDR4 8G PC4-25600 CL22 x 2 개상세보기[그래픽카드]ARKTEK 지포스 GTX 1660 SUPER D6 6GB상세보기[SSD]SK하이닉스 GOLD P31 M2 NVMe (500GB)상세보기[케이스]DARKFLASH DK200 RGB 강화유리 블랙 (미들타워)상세보기[파워서플라이]SuperFlower SF-600R12ST MEGA 80PLUS STANDARD 230V EU상세보기[CPU쿨러]PCCOOLER PALADIN 400상세보기[조립PC관련][견적왕] 조립 서비스 + 1년 출장 A/S상세보기",
    "quote_description": "CPU는 6코어 12쓰레드 구조로 A520 메인보드와 싱글타워공랭쿨러 구성만으로도 쾌적하게 작동합니다. 또한 출시때부터 초가성비 견적을 구성할 때 많이 추천되고 있는 라이젠 5600입니다.메인보드는 A520칩셋 제품으로 모니터 출력포트로 HDMI와 DVI-D포트가 있는 A520M-A PRO 제품입니다. HDMI포트로 최대 4K 60Hz 출력이 가능하며 EZ디버그 LED 기능을 통해 문제 발생 시 대략적인 하드웨어적 원인 파악이 가능합니다.메모리는 삼성전자 제품보다 소폭 저렴하면서 성능은 동일하고 라이프 워런티 A/S 정책으로 사후서비스면에서 메리트가 있는 제품입니다.그래픽카드는 STCOM에서 유통하는 ARKTEK GTX 1660SUPER이며 24년 3월 초 현재 20만원대 중반의 그래픽카드입니다. FHD해상도에서 사양이 낮은 온라인게임들은 무리없이 플레이가능하며 사양이 조금 있는 편인 스팀게임들도 옵션타협해서 즐기실 수 있습니다.SSD는 PCIe 3.0 방식의 SSD에서는 이견이 없는 최고의 SSD입니다. 성능이면 성능, 발열이면 발열 모두 최고입니다.케이스는 기본팬 6개 제공으로 좋은 쿨링성능을 제공하고 있는 케이스 가운데 가성비가 좋은 darkFlash DK200 제품입니다.파워서플라이는 슈퍼플라워사의 무상보증기간 5년 600W 스탠다드 파워입니다. 구입 후 3개월 이내 제품 불량시 새제품 교체 가능하며, 6개월 이내 불량 시 왕복 택배비를 지원합니다. 1년 이내 불량 발생 시 빠른 교체가 필요한 경우 고객센터 문의를 통해 선출교 요청도 가능하겠습니다.CPU쿨러는 2~3만원대 쿨러 중 가성비가 뛰어난 제품으로, AM4소켓 CPU 구성시 발생할 수 있는 무뽑기 파손증상 방지키트가 구성품에 포함되어 있습니다.",
    "parts_price": {
        "CPU": {
            "제품명": "AMD 라이젠5-4세대 5600",
            "가격": "143,660원",
            "수량": "1"
        },
        "메인보드": {
            "제품명": "MSI A520M-A PRO",
            "가격": "71,000원",
            "수량": "1"
        },
        "메모리": {
            "제품명": "마이크론 Crucial DDR4 8G PC4-25600 CL22",
            "가격": "21,480원",
            "수량": "2"
        },
        "그래픽카드": {
            "제품명": "ARKTEK 지포스 GTX 1660 SUPER D6 6GB",
            "가격": "254,220원",
            "수량": "1"
        },
        "SSD": {
            "제품명": "SK하이닉스 GOLD P31 M2 NVMe 500GB",
            "가격": "79,000원",
            "수량": "1"
        },
        "케이스": {
            "제품명": "DARKFLASH DK200 RGB 강화유리 블랙",
            "가격": "36,280원",
            "수량": "1"
        },
        "파워서플라이": {
            "제품명": "SuperFlower SF-600R12ST MEGA 80PLUS STANDARD 230V EU",
            "가격": "61,500원",
            "수량": "1"
        },
        "CPU쿨러": {
            "제품명": "PCCOOLER PALADIN 400",
            "가격": "28,990원",
            "수량": "1"
        }
    },
    "total_price": "717610원",
    "CPU": "AMD 라이젠5-4세대 5600 (버미어) (멀티팩(정품))",
    "Motherboard": "MSI A520M-A PRO",
    "Graphic Card": "ARKTEK 지포스 GTX 1660 SUPER D6 6GB",
    "SSD": "SK하이닉스 GOLD P31 M2 NVMe (500GB)",
    "Memory": "마이크론 Crucial DDR4 8G PC4-25600 CL22 x 2 개",
    "Power Supply": "SuperFlower SF-600R12ST MEGA 80PLUS STANDARD 230V EU",
    "CPU Cooler": "PCCOOLER PALADIN 400",
    "cpu_score": 504,
    "gpu_score": 152,
    "performance_grade": "중성능",
    "cpu_benchmarkscore": 21908,
    "gpu_benchmarkscore": 12926
}