{
    "quote_number": "1356",
    "quote_title": "7800X3D + RTX 4070 Ti + QHD 고사양 게임 + 메모리 64기가",
    "date_create": "2024.1.8",
    "cpu_gpu_combinations": "라이젠7 7800X3D + RTX 4070 Ti 조합",
    "quotation_summary": "",
    "quote_person_introduction": "안녕하세요! 견적왕 견적맨 총괄 매니저 로비오트입니다!퀘이사존 유저랭킹 1등을 계속해서 유지하고 있고견적게시판에서만 주로 활동하는 유저로그 누구보다 제품의 장단점, 성능적인 파악을 정확하게 하고 있습니다.물건을 판매하려는 견적이 아닌 실질적인 소비자 기준으로 구성을 하고 있으며기본적으로 A/S가 좋지 않은 곳은 걸러서 구성하고 있습니다.또한 블랙컨슈머로 인한 A/S이슈는 고려하지도듣지도 보지도 않고 있으니 이런 부분도 걸러 듣고 견적을 작성하고 있습니다!",
    "quote_feedback": "https://quasarzone.com/bbs/qf_hwjoin/views/1772774이노3디 제품이면 msi 제품으로 간섭은 딱히 없기는 할텐데저 메인보드가 전원부 구성이 9페이즈 급으로 좀 낮기는 합니다..WIFI가 무조건 필요한 환경이 아니라면차라리 B650M PG 쪽이 그래픽카드 간섭에서도 자유로운 편이고전원부 페이즈 구성도 더 좋은 편입니다 ^^메모리의 경우 DDR5는 용량 상관없이 4장을 전부다 장착하면 성능 하락이 발생합니다.가능하면 32기가 2장으로 구성해 주시는게 좋을 듯 합니다5600mhz짜리 중에서 기본인식이 바로 되는 모델이 32GB 모델에서는 없기에4800mhz 32gb 팀그룹 메모리로 구성하시는걸 추천드립니다 ^^SSD의 경우 P31이 PCie 3.0 기반 제품일텐데지금은 동급에서는 970 evo plus가 더 저렴한 부분이고~혹은 PCIe 4.0 기반에서 비슷한가격인데 성능이 더 좋은 p5 plus 같은 모델도 존재하는 부분입니다 ^^HDD는 SMR 작동 방식 보단PMR, CMR 작동 방식이 안정적인 부분이고~2TB급 용량에서는 토시바 P300 7200RPM 64MB 제품이 유일한 가성비 대체품 입니다~파워의 경우 ATX 3.0 모델을 사용하는 이유가 RTX 4천번대 전용 케이블 떄문인 경우가 많은데Antec NeoECO / SF Leadex 시리즈 역시자체 RTX 4천번대 전용 케이블을 지원하면서동급인 골드 등급이며, AS도 10년으로 동일한 부분이기에활용성이나 가성비는 더 좋을 듯 합니다 ^^쿨러 같은 경우 AG620으로 발열은 충분히 잡을 수 있고특히 7800x3D 같은 경우 발열이 약간은 있는 편이니~충분히 유저들이나 밴치 자료에서 증명이 된 쿨러를 사용해 주시는게 좋을 듯 합니다 ^^굳이 게임용도라면 윈도우는 프로 버전을 사용하지 않아도 무방합니다.윈도우 얼리 업데이트가 가능하다는 점을 제외하면일반 사용자입장에서는 거의 불필요한 기능들 뿐이고 렘만 더 먹습니다 ㅠㅠ4070 ti 같은 경우 이노3디 가 AS도 괜찮기는 한데저 모델이 약간 다른 모델 대비 전체적인 평점이 떨어지기는 합니다 ㅠㅠ가능하면 가성비 모델에서는갤럭시 ST, 조텍 트리니티, 이엠텍 Gaming Pro 기준으로 보시는걸 추천드립니다~(G사 모델은 상위 모델부터 소음이 좀 있습니다 ㅠㅠ)",
    "computer_estimate_data": "[CPU]AMD 라이젠7-5세대 7800X3D (라파엘) (정품)상세보기[메인보드]GIGABYTE B650M AORUS ELITE AX ICE 피씨디렉트상세보기[메모리]패트리어트 PATRIOT DDR5-5600 CL46 SIGNATURE (32GB) x 2 개상세보기[그래픽카드]ZOTAC GAMING 지포스 RTX 4070 Ti AMP EXTREME AIRO D6X 12GB상세보기[SSD]삼성전자 970 EVO Plus M.2 2280 (1TB)상세보기[데스크탑 HDD]Toshiba 2TB P300 HDWD120 (SATA3/7200/64M)상세보기[케이스]BRAVOTEC GUARDIAN 3100M V2 타이탄 글래스 (빅타워)상세보기[파워서플라이]SuperFlower SF-850F14HG LEADEX III GOLD BLACK (PCIE 5)상세보기[CPU쿨러]DEEPCOOL AG620상세보기[소프트웨어]Microsoft Windows 11 Home (처음사용자용 한글)상세보기[조립PC관련][견적왕] 조립 서비스 + 1년 출장 A/S상세보기",
    "quote_description": "CPU는 7950x3D를 제외하면\n이걸 따라올 게이밍 CPU는 없다!메인보드는 12페이즈 / 720a 스펙의 전원부 모델!\n7950x까지 커버 가능!\n그리고 화이트 감성!메모리는 하이닉스 A다이 언락 모델!\n인식률 / 수율 최상! 안정성도 최상!데스크탑 HDD는 유일한 가성비 PMR!CPU쿨러는 5만원대 언더의 가성비 공냉쿨러!\n하지만 성능은 끝판왕 공냉쿨러!",
    "parts_price": {
        "CPU": {
            "제품명": "AMD 라이젠7-5세대 7800X3D",
            "가격": "526,990원",
            "수량": "1"
        },
        "메인보드": {
            "제품명": "GIGABYTE B650M AORUS ELITE AX ICE 피씨디렉트",
            "가격": "307,960원",
            "수량": "1"
        },
        "메모리": {
            "제품명": "패트리어트 PATRIOT DDR5-5600 CL46 SIGNATURE  32GB",
            "가격": "117,450원",
            "수량": "2"
        },
        "그래픽카드": {
            "제품명": "ZOTAC GAMING 지포스 RTX 4070 Ti AMP EXTREME AIRO D6X 12GB",
            "가격": "1,079,000원",
            "수량": "1"
        },
        "SSD": {
            "제품명": "삼성전자 970 EVO Plus M.2 2280 1TB",
            "가격": "135,320원",
            "수량": "1"
        },
        "데스크탑 HDD": {
            "제품명": "Toshiba 2TB P300 HDWD120",
            "가격": "97,250원",
            "수량": "1"
        },
        "케이스": {
            "제품명": "BRAVOTEC GUARDIAN 3100M V2 타이탄 글래스",
            "가격": "83,040원",
            "수량": "1"
        },
        "파워서플라이": {
            "제품명": "SuperFlower SF-850F14HG LEADEX III GOLD BLACK",
            "가격": "154,407원",
            "수량": "1"
        },
        "CPU쿨러": {
            "제품명": "DEEPCOOL AG620",
            "가격": "36,680원",
            "수량": "1"
        },
        "소프트웨어": {
            "제품명": "Microsoft Windows 11 Home",
            "가격": "173,730원",
            "수량": "1"
        }
    },
    "total_price": "2829277원",
    "CPU": "AMD 라이젠7-5세대 7800X3D (라파엘) (정품)",
    "Motherboard": "GIGABYTE B650M AORUS ELITE AX ICE 피씨디렉트",
    "Graphic Card": "ZOTAC GAMING 지포스 RTX 4070 Ti AMP EXTREME AIRO D6X 12GB",
    "SSD": "삼성전자 970 EVO Plus M.2 2280 (1TB)",
    "Memory": "패트리어트 PATRIOT DDR5-5600 CL46 SIGNATURE (32GB) x 2 개",
    "Power Supply": "SuperFlower SF-850F14HG LEADEX III GOLD BLACK (PCIE 5)",
    "CPU Cooler": "DEEPCOOL AG620",
    "cpu_score": 225,
    "gpu_score": 4,
    "performance_grade": "고성능",
    "cpu_benchmarkscore": 34357,
    "gpu_benchmarkscore": 31768
}