{
    "quote_number": "1383",
    "quote_title": "라이젠 5600G 내장그래픽 사무용 PC견적",
    "date_create": "2023.11.1",
    "cpu_gpu_combinations": "라이젠5 5600G +  조합",
    "quotation_summary": " 라이젠 5600G / 내장 그래픽 / RAM 16GB / SSD 500GB + HDD 1TB# 간단한 디자인# 사무용# 업무관리용# SSD+HDD 구성",
    "quote_person_introduction": "안녕하세요. 로카프입니다.우리 주변에는 아직 컴퓨터 견적구성을 어떻게 할 지 몰라 고민에 빠지는 분들이 많이 계십니다.성능은 괜찮을까? 고장은 나지 않을까? 가격은 괜찮은건가? 이런 고민들을 한 번쯤은 해보셨을 겁니다.용도에 알맞는 성능과 합리적인 가격, 최우선으로 안정성과 신뢰도 높은 부품들로 구성된 견적을 추천해드리겠습니다.컴퓨터를 처음 알아보시는 분들의 입장에서 생각하고 견적을 구성해드리는 견적맨이 되겠습니다.",
    "quote_feedback": "5600G/12100을 알아보셨는데 5600G가 6코어/12쓰레드로 CPU연산능력에서도 더 우수하고 내장그래픽 성능도 좋아서5600G 기반으로 견적 구성도와드렸습니다. 저장장치 용량은 HDD 1TB를 추가하여 넉넉하게 구성하였습니다.",
    "computer_estimate_data": "[CPU]AMD 라이젠5-4세대 5600G (세잔) (멀티팩)상세보기[메인보드]MSI A520M-A PRO상세보기[메모리]마이크론 Crucial DDR4 8G PC4-25600 CL22 x 2 개상세보기[SSD]SK하이닉스 GOLD P31 M2 NVMe (500GB)상세보기[데스크탑 HDD]Toshiba 1TB P300 HDWD110 (SATA3/7200/64M)상세보기[케이스]DARKFLASH DK110 (미들타워)상세보기[파워서플라이]SF-500R12ST MEGA 80PLUS STANDARD 230V EU상세보기[CPU쿨러]PCCOOLER PALADIN 400상세보기[조립PC관련][견적왕] 조립 서비스 + 1년 출장 A/S상세보기",
    "quote_description": "CPU는 내장그래픽을 탑재한 CPU 가운데 뛰어난 성능과 가성비를 보여주는 라이젠 5600G입니다. 6코어 12쓰레드 설계로 탁월한 멀티태스킹 성능을 보여줍니다.메인보드는 A520칩셋 제품으로 모니터 출력포트로 HDMI와 DVI-D포트가 있는 A520M-A PRO 제품입니다. HDMI포트로 최대 4K 60Hz 출력이 가능하며 EZ디버그 LED 기능을 통해 문제 발생 시 대략적인 하드웨어적 원인 파악이 가능합니다.메모리는 삼성전자 제품보다 소폭 저렴하면서 성능은 동일하고 라이프 워런티 A/S 정책으로 사후서비스면에서 메리트가 있는 제품입니다.SSD는 PCIe 3.0 방식의 SSD에서는 이견이 없는 최고의 SSD입니다. 성능이면 성능, 발열이면 발열 모두 최고입니다.데스크탑 HDD는 안정성 높은 CMR 방식의 구조를 택해 SMR 방식의 HDD에 비해 안정성이 높은 TOSHIBA P300 HDD입니다.케이스는 darkFlash DK110으로 최대 160mm길이의 CPU쿨러와 285mm길이의 그래픽카드까지 호환가능한 제품입니다. 시디롬 장착가능한 베이가 하나 있어 ODD 사용환경에도 적합합니다.파워서플라이는 고주파 발생에도 A/S 걱정이 없는 슈퍼플라워사의 500W 제품입니다.CPU쿨러는 2~3만원대 쿨러 중 가성비가 뛰어난 제품으로, AM4소켓 CPU 구성시 발생할 수 있는 무뽑기 파손증상 방지키트가 구성품에 포함되어 있습니다.",
    "parts_price": {
        "CPU": {
            "제품명": "AMD 라이젠5-4세대 5600G",
            "가격": "152,000원",
            "수량": "1"
        },
        "메인보드": {
            "제품명": "MSI A520M-A PRO",
            "가격": "71,000원",
            "수량": "1"
        },
        "메모리": {
            "제품명": "마이크론 Crucial DDR4 8G PC4-25600 CL22",
            "가격": "21,480원",
            "수량": "2"
        },
        "SSD": {
            "제품명": "SK하이닉스 GOLD P31 M2 NVMe 500GB",
            "가격": "79,000원",
            "수량": "1"
        },
        "데스크탑 HDD": {
            "제품명": "Toshiba 1TB P300 HDWD110",
            "가격": "73,900원",
            "수량": "1"
        },
        "케이스": {
            "제품명": "DARKFLASH DK110",
            "가격": "18,560원",
            "수량": "1"
        },
        "파워서플라이": {
            "제품명": "SF-500R12ST MEGA 80PLUS STANDARD 230V EU",
            "가격": "46,971원",
            "수량": "1"
        },
        "CPU쿨러": {
            "제품명": "PCCOOLER PALADIN 400",
            "가격": "28,990원",
            "수량": "1"
        }
    },
    "total_price": "513381원",
    "CPU": "AMD 라이젠5-4세대 5600G (세잔) (멀티팩)",
    "Motherboard": "MSI A520M-A PRO",
    "SSD": "SK하이닉스 GOLD P31 M2 NVMe (500GB)",
    "Memory": "마이크론 Crucial DDR4 8G PC4-25600 CL22 x 2 개",
    "Power Supply": "SF-500R12ST MEGA 80PLUS STANDARD 230V EU",
    "CPU Cooler": "PCCOOLER PALADIN 400",
    "cpu_score": 504,
    "gpu_score": null,
    "performance_grade": "정보 없음",
    "cpu_benchmarkscore": 21908,
    "gpu_benchmarkscore": null
}