{
    "quote_number": "1403",
    "quote_title": "화이트 감성 QHD 풀옵션 끝판왕 게이밍 PC, 디아4, 호그와트, 스팀 고사양 게임, 원컴방송 등(7800X 3D, RTX 4070 TI)",
    "date_create": "2023.10.13",
    "cpu_gpu_combinations": "라이젠7 7800X3D + RTX 4070 Ti 조합",
    "quotation_summary": " 1. QHD 해상도 모니터를 사용하시는 분2. 화이트 감성의 PC 구성을 원하시는 분3. 원컴 게임방송을 목표로 하시는 분# QHD# 게이밍 PC# 스팀# 고사양게임# 호그와트 레거시# 롤# 에이펙스# 배그# 발로란트# 마인크래프트",
    "quote_person_introduction": "안녕하세요. 견적왕에서 견적맨으로 활동하고 있는 coke-bear 입니다.퀘이사존에서 주로 활동하며 그 외 커뮤니티에서도 간간히 활동하고 있습니다.하드웨어에 관심이 많아 제품을 직접 사용해보기도 하고 주변 지인들 PC 견적부터 조립도 해주다보니PC 구매를 어려워하거나 용도에 맞지 않게 구매하여 불필요한 지출을 하는 경우를 보게 되었습니다.그런 분들께 조금이라도 도움이 되고자 PC 구매자분들께 합리적인 구매를 할 수 있게 견적맨으로 활동하게 되었습니다.",
    "quote_feedback": "현존 게이밍 끝판왕 CPU인 7800X 3D와 RTX 4070 TI 그래픽카드 구성의 QHD 해상도 게이밍 PC 입니다.화이트 감성으로 구성한 견적으로 해당 구성의 부품 기반의 화이트 컨셉 PC를 목표로 하시는 분들을 위한 구성입니다.전체적인 부품의 성능과 AS 부분을 고려하여 화이트 부품으로 선정한 PC 입니다.",
    "computer_estimate_data": "[CPU]AMD 라이젠7-5세대 7800X3D (라파엘) (정품)상세보기[메인보드]ASRock B650 Pro RS 에즈윈상세보기[메모리]G.SKILL DDR5-6000 CL36 TRIDENT Z5 RGB 화이트 패키지 (32GB(16Gx2))상세보기[그래픽카드]갤럭시 GALAX 지포스 RTX 4070 Ti EX GAMER WHITE OC V2 D6X 12GB상세보기[SSD]마이크론 Crucial P5 Plus M.2 NVMe 대원CTS (1TB)상세보기[케이스]DARKFLASH DK360 MESH RGB 강화유리 화이트 (미들타워)상세보기[파워서플라이]마이크로닉스 Classic II 850W 80PLUS GOLD 230V EU 풀모듈러 화이트12VHPWR 케이블 제공상세보기[CPU쿨러]Thermalright Peerless Assassin 120 SE WHITE ARGB 서린상세보기[조립PC관련][견적왕] 조립 서비스 + 1년 출장 A/S상세보기",
    "quote_description": "CPU는 라이젠 7000번대 제품 중 13900KS 와 게임 성능 동급의 게임이 최강의 CPU 입니다.메인보드는 b650 칩셋 메인보드 중 중상급의 전원부 성능을 지닌 제품으로 b650 pg lightning 보다 상위의 전원부 성능을 가지고 있습니다.\n은색 방열판 구성으로 화이트 감성으로 구성 가능합니다.메모리는 지스킬의 6000 클럭 화이트 제품입니다.그래픽카드는 AS 3대장 중 하나인 갤럭시의 4070 TI 화이트 제품입니다.SSD는 pcie4.0 제품이며 가격대는 pcie3.0 의 p31 보다 저렴한 제품입니다.케이스는 비슷한 가격대 타사 제품들과 비교해보아도 준수한 강판 두께와 충분한 호환성으로 가격 대비 높은 만족도를 주는 케이스입니다.파워서플라이는 750W 골드 등급 이상부터 새제품 교환 정책을 가진 마이크로닉스의 850W 골드 등급 화이트 제품입니다. 12핀 그래픽카드 케이블을 무상 제공하고 있습니다.CPU쿨러는 써멀라이트의 트윈타워형 상급 공랭쿨러 화이트 제품입니다. 공랭 쿨러 중 쿨링 성능 상위권에 위치한 쿨링 성능을 가지고 있습니다.",
    "parts_price": {
        "CPU": {
            "제품명": "AMD 라이젠7-5세대 7800X3D",
            "가격": "526,990원",
            "수량": "1"
        },
        "메인보드": {
            "제품명": "ASRock B650 Pro RS 에즈윈",
            "가격": "318,380원",
            "수량": "1"
        },
        "메모리": {
            "제품명": "G.SKILL DDR5-6000 CL36 TRIDENT Z5 RGB 화이트 패키지) 32GB",
            "가격": "196,990원",
            "수량": "1"
        },
        "그래픽카드": {
            "제품명": "갤럭시 GALAX 지포스 RTX 4070 Ti EX GAMER WHITE OC V2 D6X 12GB",
            "가격": "1,198,400원",
            "수량": "1"
        },
        "SSD": {
            "제품명": "마이크론 Crucial P5 Plus M.2 NVMe 대원CTS 1TB",
            "가격": "127,000원",
            "수량": "1"
        },
        "케이스": {
            "제품명": "DARKFLASH DK360 MESH RGB 강화유리 화이트",
            "가격": "51,030원",
            "수량": "1"
        },
        "파워서플라이": {
            "제품명": "마이크로닉스 Classic II 850W 80PLUS GOLD 230V EU 풀모듈러 화이트12VHPWR 케이블 제공",
            "가격": "167,340원",
            "수량": "1"
        },
        "CPU쿨러": {
            "제품명": "Thermalright Peerless Assassin 120 SE WHITE ARGB 서린",
            "가격": "43,710원",
            "수량": "1"
        }
    },
    "total_price": "2629840원",
    "CPU": "AMD 라이젠7-5세대 7800X3D (라파엘) (정품)",
    "Motherboard": "ASRock B650 Pro RS 에즈윈",
    "Graphic Card": "갤럭시 GALAX 지포스 RTX 4070 Ti EX GAMER WHITE OC V2 D6X 12GB",
    "SSD": "마이크론 Crucial P5 Plus M.2 NVMe 대원CTS (1TB)",
    "Memory": "G.SKILL DDR5-6000 CL36 TRIDENT Z5 RGB 화이트 패키지 (32GB(16Gx2))",
    "Power Supply": "마이크로닉스 Classic II 850W 80PLUS GOLD 230V EU 풀모듈러 화이트12VHPWR 케이블 제공",
    "CPU Cooler": "Thermalright Peerless Assassin 120 SE WHITE ARGB 서린",
    "cpu_score": 225,
    "gpu_score": 4,
    "performance_grade": "고성능",
    "cpu_benchmarkscore": 34357,
    "gpu_benchmarkscore": 31768
}