{
    "quote_number": "1415",
    "quote_title": "7800x3d + RTX 4070 Ti + 와우 게이밍 + 와우 견적",
    "date_create": "2024.3.31",
    "cpu_gpu_combinations": "라이젠7 7800X3D + RTX 4070 Ti 조합",
    "quotation_summary": "",
    "quote_person_introduction": "안녕하세요! 견적왕 견적맨 총괄 매니저 로비오트입니다!퀘이사존 유저랭킹 1등을 계속해서 유지하고 있고견적게시판에서만 주로 활동하는 유저로그 누구보다 제품의 장단점, 성능적인 파악을 정확하게 하고 있습니다.물건을 판매하려는 견적이 아닌 실질적인 소비자 기준으로 구성을 하고 있으며기본적으로 A/S가 좋지 않은 곳은 걸러서 구성하고 있습니다.또한 블랙컨슈머로 인한 A/S이슈는 고려하지도듣지도 보지도 않고 있으니 이런 부분도 걸러 듣고 견적을 작성하고 있습니다!",
    "quote_feedback": "와우 기반이라면 당장 5800x3D가 13600K보다도 낫습니다.게다가 13600K에 Z보드 갈 가격이라면그냥 7800x3D에 B650M PG Riptide 같은거 구성하면 충분 할 겁니다.(M사 M-atx 더 저렴한거 있기는 한데 9페이즈 이기도 하고 글카 간섭도 있는 모델이라 그닥 비추입니다)M사 파워의 경우 ATX3.0 지원이라 그럴텐데어짜피 RTX 4천번대 전용 케이블 있는것 말고는 큰 특징은 없을 겁니다.동일하게 무상으로 RTX 4천번대 전용 케이블 주는 모델 중에서안텍 네오에코, 슈플 리덱스 시리즈로 구성하면 가성비는 더 좋을 것으로 보여지는 부분입니다.",
    "computer_estimate_data": "[CPU]AMD 라이젠7-5세대 7800X3D (라파엘) (정품)상세보기[메인보드]GIGABYTE B650M AORUS ELITE AX ICE 피씨디렉트상세보기[메모리]ESSENCORE KLEVV DDR5-5600 CL46 (16GB) x 2 개상세보기[그래픽카드]MSI 지포스 RTX 4070 Ti 게이밍 X 트리오 D6X 12GB 트라이프로져3상세보기[SSD]SK하이닉스 Gold P31 M2 NVMe (1TB)상세보기[케이스]DARKFLASH DLX21 RGB MESH 강화유리 블랙 (미들타워)상세보기[파워서플라이]SuperFlower SF-850F14HG LEADEX III GOLD WHITE (PCIE 5)상세보기[CPU쿨러]DEEPCOOL AG620상세보기[조립PC관련][견적왕] 조립 서비스 + 1년 출장 A/S상세보기",
    "quote_description": "CPU는 7950x3D를 제외하면\n이걸 따라올 게이밍 CPU는 없다!메인보드는 12페이즈 / 720a 스펙의 전원부 모델!\n7950x까지 커버 가능!\n그리고 화이트 감성!메모리는 하이닉스 A다이 메모리\n인식률 호환성 안정성 굳!SSD는 이천 특산물! SK 하이닉스!\nPCIe 3.0의 끝판왕!케이스는 구관이 명관!\n베스트셀러 케이스!파워서플라이는 PCie 5.0 기반 구성!\n리뉴얼된 리덱스! 믿음의 슈퍼플라워!CPU쿨러는 5만원대 언더의 가성비 공냉쿨러!\n하지만 성능은 끝판왕 공냉쿨러!",
    "parts_price": {
        "CPU": {
            "제품명": "AMD 라이젠7-5세대 7800X3D",
            "가격": "526,990원",
            "수량": "1"
        },
        "메인보드": {
            "제품명": "GIGABYTE B650M AORUS ELITE AX ICE 피씨디렉트",
            "가격": "307,960원",
            "수량": "1"
        },
        "메모리": {
            "제품명": "ESSENCORE KLEVV DDR5-5600 CL46  16GB",
            "가격": "65,000원",
            "수량": "2"
        },
        "그래픽카드": {
            "제품명": "MSI 지포스 RTX 4070 Ti 게이밍 X 트리오 D6X 12GB 트라이프로져3",
            "가격": "1,598,800원",
            "수량": "1"
        },
        "SSD": {
            "제품명": "SK하이닉스 Gold P31 M2 NVMe 1TB",
            "가격": "138,000원",
            "수량": "1"
        },
        "케이스": {
            "제품명": "DARKFLASH DLX21 RGB MESH 강화유리 블랙",
            "가격": "93,500원",
            "수량": "1"
        },
        "파워서플라이": {
            "제품명": "SuperFlower SF-850F14HG LEADEX III GOLD WHITE",
            "가격": "159,408원",
            "수량": "1"
        },
        "CPU쿨러": {
            "제품명": "DEEPCOOL AG620",
            "가격": "36,680원",
            "수량": "1"
        }
    },
    "total_price": "2991338원",
    "CPU": "AMD 라이젠7-5세대 7800X3D (라파엘) (정품)",
    "Motherboard": "GIGABYTE B650M AORUS ELITE AX ICE 피씨디렉트",
    "Graphic Card": "MSI 지포스 RTX 4070 Ti 게이밍 X 트리오 D6X 12GB 트라이프로져3",
    "SSD": "SK하이닉스 Gold P31 M2 NVMe (1TB)",
    "Memory": "ESSENCORE KLEVV DDR5-5600 CL46 (16GB) x 2 개",
    "Power Supply": "SuperFlower SF-850F14HG LEADEX III GOLD WHITE (PCIE 5)",
    "CPU Cooler": "DEEPCOOL AG620",
    "cpu_score": 225,
    "gpu_score": 4,
    "performance_grade": "고성능",
    "cpu_benchmarkscore": 34357,
    "gpu_benchmarkscore": 31768
}