{
    "quote_number": "1435",
    "quote_title": "7800X3D + RTX 4080 + QHD 게이밍 견적 + 디아블로4 풀옵션 견적",
    "date_create": "2024.3.31",
    "cpu_gpu_combinations": "라이젠7 7800X3D + RTX 4080 SUPER 조합",
    "quotation_summary": "",
    "quote_person_introduction": "안녕하세요! 견적왕 견적맨 총괄 매니저 로비오트입니다!퀘이사존 유저랭킹 1등을 계속해서 유지하고 있고견적게시판에서만 주로 활동하는 유저로그 누구보다 제품의 장단점, 성능적인 파악을 정확하게 하고 있습니다.물건을 판매하려는 견적이 아닌 실질적인 소비자 기준으로 구성을 하고 있으며기본적으로 A/S가 좋지 않은 곳은 걸러서 구성하고 있습니다.또한 블랙컨슈머로 인한 A/S이슈는 고려하지도듣지도 보지도 않고 있으니 이런 부분도 걸러 듣고 견적을 작성하고 있습니다!",
    "quote_feedback": "솔찍히 감성은 한순간성능은 영원하다 봅니다..지금 기반에서 중고로 글카 구성한다고 해도중고로 60-70만원대는 3090 정도일겁니다.그러면 신품으로 4080을 갈 수 있겠죠??? 다른 감성을 죽이고 구성한다면요..어떤 해상도 모니터를 활용하냐에 따라서 차이는 있을 수 있지만FHD~4K 해상도까지 전부다 차라리 4080을 가는게 성능적인 부분에 있어서 확실하게 차이가 나는 부분일 겁니다.",
    "computer_estimate_data": "[CPU]AMD 라이젠7-5세대 7800X3D (라파엘) (정품)상세보기[메인보드]ASRock B650 PG Lightning 대원씨티에스상세보기[메모리]OLOy DDR5-6000 CL32 BLADE RGB MIRROR 패키지 (32GB(16Gx2))하이닉스 A다이 언락 제품!상세보기[그래픽카드]ZOTAC GAMING 지포스 RTX 4080 SUPER Trinity D6X 16GB Black상세보기[SSD]SK하이닉스 Platinum P41 M.2 NVMe (1TB)상세보기[데스크탑 HDD]Toshiba 2TB P300 HDWD120 (SATA3/7200/64M)상세보기[케이스]DARKFLASH DLX21 RGB MESH 강화유리 블랙 (미들타워)상세보기[파워서플라이]SuperFlower SF-850F14HG LEADEX III GOLD WHITE (PCIE 5)상세보기[CPU쿨러]PentaWave Z06D (BLACK)상세보기[소프트웨어]Microsoft Windows 11 Home (처음사용자용 한글)상세보기[조립PC관련][견적왕] 조립 서비스 + 1년 출장 A/S상세보기",
    "quote_description": "CPU는 7950x3D를 제외하면\n이걸 따라올 게이밍 CPU는 없다!메인보드는 14+2+1 전원부!\n가격은 25만원! 가성비 of 가성비!메모리는 고수율 하이닉스 A다이 언락!\n블레이드 감성의 메모리!그래픽카드는 조텍만의 특별한 3+2 AS!\n4080 SUPER 기준 가성비 갓갓!데스크탑 HDD는 유일한 가성비 PMR!케이스는 구관이 명관!\n베스트셀러 케이스!파워서플라이는 PCie 5.0 기반 구성!\n리뉴얼된 리덱스! 믿음의 슈퍼플라워!CPU쿨러는 새로운 공냉 끝판왕!\n블랙감성!",
    "parts_price": {
        "CPU": {
            "제품명": "AMD 라이젠7-5세대 7800X3D",
            "가격": "526,990원",
            "수량": "1"
        },
        "메인보드": {
            "제품명": "ASRock B650 PG Lightning 대원씨티에스",
            "가격": "147,900원",
            "수량": "1"
        },
        "메모리": {
            "제품명": "OLOy DDR5-6000 CL32 BLADE RGB MIRROR 패키지)하이닉스 A다이 언락 제품! 32GB",
            "가격": "194,120원",
            "수량": "1"
        },
        "그래픽카드": {
            "제품명": "ZOTAC GAMING 지포스 RTX 4080 SUPER Trinity D6X 16GB Black",
            "가격": "1,514,700원",
            "수량": "1"
        },
        "SSD": {
            "제품명": "SK하이닉스 Platinum P41 M.2 NVMe 1TB",
            "가격": "166,000원",
            "수량": "1"
        },
        "데스크탑 HDD": {
            "제품명": "Toshiba 2TB P300 HDWD120",
            "가격": "97,250원",
            "수량": "1"
        },
        "케이스": {
            "제품명": "DARKFLASH DLX21 RGB MESH 강화유리 블랙",
            "가격": "93,500원",
            "수량": "1"
        },
        "파워서플라이": {
            "제품명": "SuperFlower SF-850F14HG LEADEX III GOLD WHITE",
            "가격": "159,408원",
            "수량": "1"
        },
        "CPU쿨러": {
            "제품명": "PentaWave Z06D",
            "가격": "56,910원",
            "수량": "1"
        },
        "소프트웨어": {
            "제품명": "Microsoft Windows 11 Home",
            "가격": "173,730원",
            "수량": "1"
        }
    },
    "total_price": "3130508원",
    "CPU": "AMD 라이젠7-5세대 7800X3D (라파엘) (정품)",
    "Motherboard": "ASRock B650 PG Lightning 대원씨티에스",
    "Graphic Card": "ZOTAC GAMING 지포스 RTX 4080 SUPER Trinity D6X 16GB Black",
    "SSD": "SK하이닉스 Platinum P41 M.2 NVMe (1TB)",
    "Memory": "OLOy DDR5-6000 CL32 BLADE RGB MIRROR 패키지 (32GB(16Gx2))하이닉스 A다이 언락 제품!",
    "Power Supply": "SuperFlower SF-850F14HG LEADEX III GOLD WHITE (PCIE 5)",
    "CPU Cooler": "PentaWave Z06D (BLACK)",
    "cpu_score": 225,
    "gpu_score": 1,
    "performance_grade": "고성능",
    "cpu_benchmarkscore": 34357,
    "gpu_benchmarkscore": 34625
}