{
    "quote_number": "1439",
    "quote_title": "7600 + 반본체 + FHD 게이밍",
    "date_create": "2024.3.31",
    "cpu_gpu_combinations": "라이젠5 7600 +  조합",
    "quotation_summary": "",
    "quote_person_introduction": "안녕하세요! 견적왕 견적맨 총괄 매니저 로비오트입니다!퀘이사존 유저랭킹 1등을 계속해서 유지하고 있고견적게시판에서만 주로 활동하는 유저로그 누구보다 제품의 장단점, 성능적인 파악을 정확하게 하고 있습니다.물건을 판매하려는 견적이 아닌 실질적인 소비자 기준으로 구성을 하고 있으며기본적으로 A/S가 좋지 않은 곳은 걸러서 구성하고 있습니다.또한 블랙컨슈머로 인한 A/S이슈는 고려하지도듣지도 보지도 않고 있으니 이런 부분도 걸러 듣고 견적을 작성하고 있습니다!",
    "quote_feedback": "메모리 굳이 5200을 딱 맞춰 할 이유는 가격밖에 없다고 봅니다마이크론 5600mhz 제품이라면 라파엘 CPU에 인식 및 호환, 작동 문제 없습니다.파워는 좀 걸리네요...",
    "computer_estimate_data": "[CPU]AMD 라이젠5-5세대 7600 (라파엘) (멀티팩(정품))상세보기[메인보드]ASRock B650M PG Lightning 에즈윈상세보기[메모리]ESSENCORE KLEVV DDR5-5600 CL46 (16GB) x 2 개상세보기[SSD]SK하이닉스 Gold P31 M2 NVMe (1TB)상세보기[케이스]DARKFLASH DK200 RGB 강화유리 블랙 (미들타워)상세보기[파워서플라이]FSP HYPER K PRO 700W 80PLUS Standard 230V EU상세보기[CPU쿨러]PCCOOLER PALADIN EX400 (BLACK)상세보기[조립PC관련][견적왕] 조립 서비스 + 1년 출장 A/S상세보기",
    "quote_description": "CPU는 새로나온 가성비 CPU!\n동급 인텔대비 월등한 게이밍 성능!메인보드는 6페이즈 Dr.mos 300A 전원부!\n7800x3d까지 넉넉하게 커버!메모리는 하이닉스 A다이 메모리\n인식률 호환성 안정성 굳!SSD는 이천 특산물! SK 하이닉스!\nPCIe 3.0의 끝판왕!케이스는 가성비 케이스 중 최고봉!\n전면3, 후면1 쿨링 시스템!파워서플라이는 FSP 가성비의 새로운 모델!\n안정성 좋고 팬소음 적고!CPU쿨러는 팔라딘 400의 가성비 제품!\n소음 억제력 , 발열 제어능력 준수!",
    "parts_price": {
        "CPU": {
            "제품명": "AMD 라이젠5-5세대 7600)",
            "가격": "239,940원",
            "수량": "1"
        },
        "메인보드": {
            "제품명": "ASRock B650M PG Lightning 에즈윈",
            "가격": "156,020원",
            "수량": "1"
        },
        "메모리": {
            "제품명": "ESSENCORE KLEVV DDR5-5600 CL46  16GB",
            "가격": "65,000원",
            "수량": "2"
        },
        "SSD": {
            "제품명": "SK하이닉스 Gold P31 M2 NVMe 1TB",
            "가격": "138,000원",
            "수량": "1"
        },
        "케이스": {
            "제품명": "DARKFLASH DK200 RGB 강화유리 블랙",
            "가격": "36,280원",
            "수량": "1"
        },
        "파워서플라이": {
            "제품명": "FSP HYPER K PRO 700W 80PLUS Standard 230V EU",
            "가격": "84,000원",
            "수량": "1"
        },
        "CPU쿨러": {
            "제품명": "PCCOOLER PALADIN EX400",
            "가격": "22,160원",
            "수량": "1"
        }
    },
    "total_price": "806400원",
    "CPU": "AMD 라이젠5-5세대 7600 (라파엘) (멀티팩(정품))",
    "Motherboard": "ASRock B650M PG Lightning 에즈윈",
    "SSD": "SK하이닉스 Gold P31 M2 NVMe (1TB)",
    "Memory": "ESSENCORE KLEVV DDR5-5600 CL46 (16GB) x 2 개",
    "Power Supply": "FSP HYPER K PRO 700W 80PLUS Standard 230V EU",
    "CPU Cooler": "PCCOOLER PALADIN EX400 (BLACK)",
    "cpu_score": 312,
    "gpu_score": null,
    "performance_grade": "정보 없음",
    "cpu_benchmarkscore": 28555,
    "gpu_benchmarkscore": null
}