{
    "quote_number": "1550",
    "quote_title": "인텔13600KF + 4070 Ti 게이밍 PC",
    "date_create": "2023.5.26",
    "cpu_gpu_combinations": "코어i5-13600KF + RTX 4070 Ti 조합",
    "quotation_summary": " 1. QHD 환경에서 게임을 편하게 즐기고 싶은 고객님들을 위한 견적2. 가성비와 조금의 감성을 찾고 싶은 고객님들을 위한 견적# 230만원대 13600KF + 4070 Ti 구매를 고려하시는 고객# 기가바이트# 다크플레쉬# QHD",
    "quote_person_introduction": "세계 최초 견적견 이춘장 입니다...!컴퓨터에 대한 매니악한 지식과 애정을 총동원하여 견적을 마음에 명중시켜드리겠습니다.",
    "quote_feedback": "230만원대 인텔13600KF + 4070 Ti 게임용 PC 를 구매하신다면 고려해볼 만한 견적입니다.가성비와 성능 AS 3박자를 고려하여 구성하였으며 브랜드를 최대한 통일시켜 감성부분을 조금이라도 챙길수 있습니다.",
    "computer_estimate_data": "[조립PC관련][견적왕] 조립 서비스 + 1년 출장 A/S상세보기",
    "quote_description": "[CPU]인텔 코어i5-13세대 13600KF (랩터레이크)(벌크)상세보기[메인보드]GIGABYTE B760M AORUS ELITE 피씨디렉트상세보기[메모리]마이크론 Crucial DDR5-5600 CL46 (16GB) x 2 개상세보기[그래픽카드]GIGABYTE 지포스 RTX 4070 Ti EAGLE OC V2 D6X 12GB 피씨디렉트상세보기[SSD]삼성전자 PM9A1 M2 NVMe 병행수입 (1TB)상세보기[케이스]DARKFLASH DLX21 RGB MESH 강화유리 블랙 (미들타워)상세보기[파워서플라이]SuperFlower SF-850F14HG LEADEX III GOLD12VHPWR 케이블 제공상세보기[CPU쿨러]DARKFLASH Twister DX-360 V2.6 ARGB (블랙)상세보기[조립PC관련]수랭 쿨러 조립 추가 비용상세보기",
    "parts_price": {},
    "total_price": "0원",
    "cpu_score": null,
    "gpu_score": null,
    "performance_grade": "정보 없음",
    "cpu_benchmarkscore": null,
    "gpu_benchmarkscore": null
}