{
    "quote_number": "1643",
    "quote_title": "화이트감성 디아4 풀옵, 배그 풀옵 원컴방송 게이밍 컴퓨터(7800x 3d, rtx 4080)",
    "date_create": "2023.10.10",
    "cpu_gpu_combinations": "라이젠7 7800X3D + RTX 4080 조합",
    "quotation_summary": " 1. 화이트감성 pc를 원하시는 분2. 원컴 게임방송을 원하시는 분3. qhd 해상도 모니터를 사용하시는 분# 원컴방송# 디아블로4# qhd# 배그# 레데리2# 스팀게임",
    "quote_person_introduction": "안녕하세요. 견적왕에서 견적맨으로 활동하고 있는 coke-bear 입니다.퀘이사존에서 주로 활동하며 그 외 커뮤니티에서도 간간히 활동하고 있습니다.하드웨어에 관심이 많아 제품을 직접 사용해보기도 하고 주변 지인들 PC 견적부터 조립도 해주다보니PC 구매를 어려워하거나 용도에 맞지 않게 구매하여 불필요한 지출을 하는 경우를 보게 되었습니다.그런 분들께 조금이라도 도움이 되고자 PC 구매자분들께 합리적인 구매를 할 수 있게 견적맨으로 활동하게 되었습니다.",
    "quote_feedback": "화이트 감성의 qhd 해상도 프레임 정복 가능한 성능의 게이밍 pc입니다.7800x 3d로 게이밍 시장에 13900ks 급의 성능에 저렴한 가격으로 구성이 가능합니다.8코어 16스레드로 원컴 게임방송에도 최적화되어 있습니다.5~6만원대 공랭 쿨러로 발열관리가 가능한다는 점에서도 메리트 있습니다.그래픽카드는 4080 구성으로 qhd 해상도 프레임 정복이 가능하고 4k 해상도에서도 준수하게 사용 가능합니다.",
    "computer_estimate_data": "[CPU]AMD 라이젠7-5세대 7800X3D (라파엘) (정품)상세보기[메인보드]ASRock B650 Pro RS 대원씨티에스상세보기[메모리]G.SKILL DDR5-6000 CL36 TRIDENT Z5 RGB 화이트 패키지 (32GB(16Gx2))상세보기[그래픽카드]ZOTAC GAMING 지포스 RTX 4080 AMP EXTREME AIRO D6X 16GB White상세보기[SSD]마이크론 Crucial P5 Plus M.2 NVMe 대원CTS (1TB)상세보기[케이스]DARKFLASH DF2100 MESH RGB 강화유리 화이트 (미들타워)상세보기[파워서플라이]마이크로닉스 Classic II 850W 80PLUS GOLD 230V EU 풀모듈러 화이트12VHPWR 케이블 제공상세보기[CPU쿨러]3RSYS Socoool RC1800 LITE (WHITE)상세보기[소프트웨어]Microsoft Windows 11 Home (처음사용자용 한글)상세보기[조립PC관련][견적왕] 조립 서비스 + 1년 출장 A/S상세보기",
    "quote_description": "CPU는 라이젠 7000번대 제품 중 13900KS 와 게임 성능 동급의 게임이 최강의 CPU 입니다.메인보드는 B650 칩셋의 메인보드 중 전 라인업 사용 가능한 전원부 성능을 가지고 있으며 은색 방열판으로 화이트 감성 구성이 가능한 메인보드입니다.메모리는 지스킬의 6000 클럭 화이트 제품입니다.그래픽카드는 조텍의 4080 제품 중 화이트 제품입니다. 기판을 분해해도 as 서비스가 가능한 부분으로 as 부분에서 매력적인 정책을 가지고 있습니다.SSD는 pcie4.0 제품이며 가격대는 pcie3.0 의 p31 보다 저렴한 제품입니다.케이스는 빅타워급의 확장성에 6만원대 가격을 가진 다크플래쉬의 케이스입니다.파워서플라이는 750W 골드 등급 이상부터 새제품 교환 정책을 가진 마이크로닉스의 850W 골드 등급 화이트 제품입니다. 12핀 그래픽카드 케이블을 무상 제공하고 있습니다.CPU쿨러는 트윈타워형 공랭쿨러 중 최상의 쿨링 성능을 가진 rc1800의 논 rgb 화이트 제품입니다.소프트웨어는 마이크로소프트의 윈도우11 os 입니다. 처음사용자용으로 구매해야 시리얼키가 동봉되어 있어 추후 pc 교체시나 윈도우 재설치시에도 정품인증이 가능합니다.",
    "parts_price": {
        "CPU": {
            "제품명": "AMD 라이젠7-5세대 7800X3D",
            "가격": "526,990원",
            "수량": "1"
        },
        "메인보드": {
            "제품명": "ASRock B650 Pro RS 대원씨티에스",
            "가격": "172,490원",
            "수량": "1"
        },
        "메모리": {
            "제품명": "G.SKILL DDR5-6000 CL36 TRIDENT Z5 RGB 화이트 패키지) 32GB",
            "가격": "196,990원",
            "수량": "1"
        },
        "그래픽카드": {
            "제품명": "ZOTAC GAMING 지포스 RTX 4080 AMP EXTREME AIRO D6X 16GB White",
            "가격": "2,226,000원",
            "수량": "1"
        },
        "SSD": {
            "제품명": "마이크론 Crucial P5 Plus M.2 NVMe 대원CTS 1TB",
            "가격": "127,000원",
            "수량": "1"
        },
        "케이스": {
            "제품명": "DARKFLASH DF2100 MESH RGB 강화유리 화이트",
            "가격": "66,190원",
            "수량": "1"
        },
        "파워서플라이": {
            "제품명": "마이크로닉스 Classic II 850W 80PLUS GOLD 230V EU 풀모듈러 화이트12VHPWR 케이블 제공",
            "가격": "167,340원",
            "수량": "1"
        },
        "CPU쿨러": {
            "제품명": "3RSYS Socoool RC1800 LITE",
            "가격": "34,410원",
            "수량": "1"
        },
        "소프트웨어": {
            "제품명": "Microsoft Windows 11 Home",
            "가격": "173,730원",
            "수량": "1"
        }
    },
    "total_price": "3691140원",
    "CPU": "AMD 라이젠7-5세대 7800X3D (라파엘) (정품)",
    "Motherboard": "ASRock B650 Pro RS 대원씨티에스",
    "Graphic Card": "ZOTAC GAMING 지포스 RTX 4080 AMP EXTREME AIRO D6X 16GB White",
    "SSD": "마이크론 Crucial P5 Plus M.2 NVMe 대원CTS (1TB)",
    "Memory": "G.SKILL DDR5-6000 CL36 TRIDENT Z5 RGB 화이트 패키지 (32GB(16Gx2))",
    "Power Supply": "마이크로닉스 Classic II 850W 80PLUS GOLD 230V EU 풀모듈러 화이트12VHPWR 케이블 제공",
    "CPU Cooler": "3RSYS Socoool RC1800 LITE (WHITE)",
    "cpu_score": 225,
    "gpu_score": 1,
    "performance_grade": "고성능",
    "cpu_benchmarkscore": 34357,
    "gpu_benchmarkscore": 34625
}