{
    "quote_number": "1679",
    "quote_title": "디아블로4 로스트아크 롤 라이젠 7600 + RX 7600 FHD 게이밍 컴퓨터 견적",
    "date_create": "2024.2.23",
    "cpu_gpu_combinations": "라이젠5 7600 + RX 7600 조합",
    "quotation_summary": " 라이젠 7600 / RX 7600 / RAM 32GB / SSD 1TB# FHD 게이밍# 롤# 디아블로4# 로스트아크",
    "quote_person_introduction": "안녕하세요. 로카프입니다.우리 주변에는 아직 컴퓨터 견적구성을 어떻게 할 지 몰라 고민에 빠지는 분들이 많이 계십니다.성능은 괜찮을까? 고장은 나지 않을까? 가격은 괜찮은건가? 이런 고민들을 한 번쯤은 해보셨을 겁니다.용도에 알맞는 성능과 합리적인 가격, 최우선으로 안정성과 신뢰도 높은 부품들로 구성된 견적을 추천해드리겠습니다.컴퓨터를 처음 알아보시는 분들의 입장에서 생각하고 견적을 구성해드리는 견적맨이 되겠습니다.",
    "quote_feedback": "메모리는 디아블로4의 경우 사용량이 많아 32GB 구성을 권장드리며케이스는 기본팬 6개 제공, LED ON/OFF 스위치가 있고 가격면에서 좀 더 유리한 제품입니다.",
    "computer_estimate_data": "[CPU]AMD 라이젠5-5세대 7600 (라파엘) (멀티팩(정품))상세보기[메인보드]ASRock A620M-HDV/M.2+ 에즈윈상세보기[메모리]TeamGroup DDR5-5600 CL46 Elite 서린 (16GB) x 2 개상세보기[그래픽카드]SAPPHIRE 라데온 RX 7600 PULSE OC D6 8GB상세보기[SSD]마이크론 Crucial T500 M.2 NVMe 대원씨티에스 (1TB)상세보기[케이스]DARKFLASH DK290 Air MESH RGB 강화유리 블랙 (미들타워)상세보기[파워서플라이]SuperFlower SF-600R12ST MEGA 80PLUS STANDARD 230V EU상세보기[CPU쿨러]PCCOOLER PALADIN 400상세보기[쿨러.튜닝.조명.액세서리]케이엘시스템 KLcom M.2 2280 방열판 (BLACK)상세보기[조립PC관련][견적왕] 조립 서비스 + 1년 출장 A/S상세보기",
    "quote_description": "CPU는 6코어 12쓰레드 구조로 A620 메인보드와 싱글타워공랭쿨러 구성만으로도 쾌적하게 작동하여 가성비 있게 견적을 구성할 때 많이 추천되고 있는 라이젠 7600입니다.메인보드는 300A급 드라이버모스펫 채용으로 전원부 성능이 준수하며 A620칩셋 메인보드로 가격경쟁력까지 갖추고 있어 7600 CPU와 구성하기에 충분한 A620M-HDV/M.2+ 입니다.메모리는 라이프워런티정책으로 제품 단종 시까지 서비스 지원하는 팀그룹 JEDEC 표준 일반램입니다.그래픽카드는 최고의 A/S서비스를 제공하는 것으로 잘 알려진 이엠텍에서 유통중인 사파이어 RX 7600입니다. HDMI 2.1 포트 1개와 DP 2.1 포트 3개가 제공되어 다중 모니터 구성하기 좋으며 제로팬 기능이 있어 GPU 온도가 52℃ 이하로 떨어지면 팬 회전을 멈춰 소음 수준을 낮게 유지합니다.SSD는 최대읽기속도 7,300MB/s 최대쓰기속도 6,800MB/s를 자랑하는 최상위권 PCIe 4.0 SSD인 T500입니다. 보증기간 5년 제공하며 파이슨 컨트롤러가 적용되어 있습니다.케이스는 120mm팬 6개와 수직받침대형태의 그래픽카드지지대가 기본구성되어있는 DK290입니다. 제원 상 CPU쿨러 최대호환가능높이는 165mm이며 그래픽카드 최대호환가능길이는 340mm입니다. 상단의 LED 컨트롤 버튼으로 LED모드 및 기본팬 RPM 속도 조정이 가능합니다.파워서플라이는 슈퍼플라워사의 무상보증기간 5년 600W 스탠다드 파워입니다. 구입 후 3개월 이내 제품 불량시 새제품 교체 가능하며, 6개월 이내 불량 시 왕복 택배비를 지원합니다. 1년 이내 불량 발생 시 빠른 교체가 필요한 경우 고객센터 문의를 통해 선출교 요청도 가능하겠습니다.CPU쿨러는 2~3만원대 쿨러 중 가성비가 뛰어난 제품으로, AM4소켓 CPU 구성시 발생할 수 있는 무뽑기 파손증상 방지키트가 구성품에 포함되어 있습니다.",
    "parts_price": {
        "CPU": {
            "제품명": "AMD 라이젠5-5세대 7600)",
            "가격": "239,940원",
            "수량": "1"
        },
        "메인보드": {
            "제품명": "ASRock A620M-HDV/M.2+ 에즈윈",
            "가격": "108,511원",
            "수량": "1"
        },
        "메모리": {
            "제품명": "TeamGroup DDR5-5600 CL46 Elite 서린  16GB",
            "가격": "64,480원",
            "수량": "2"
        },
        "그래픽카드": {
            "제품명": "SAPPHIRE 라데온 RX 7600 PULSE OC D6 8GB",
            "가격": "364,760원",
            "수량": "1"
        },
        "SSD": {
            "제품명": "마이크론 Crucial T500 M.2 NVMe 대원씨티에스 1TB",
            "가격": "128,000원",
            "수량": "1"
        },
        "케이스": {
            "제품명": "DARKFLASH DK290 Air MESH RGB 강화유리 블랙",
            "가격": "39,780원",
            "수량": "1"
        },
        "파워서플라이": {
            "제품명": "SuperFlower SF-600R12ST MEGA 80PLUS STANDARD 230V EU",
            "가격": "61,500원",
            "수량": "1"
        },
        "CPU쿨러": {
            "제품명": "PCCOOLER PALADIN 400",
            "가격": "28,990원",
            "수량": "1"
        },
        "쿨러.튜닝.조명.액세서리": {
            "제품명": "케이엘시스템 KLcom M.2 2280 방열판",
            "가격": "1,260원",
            "수량": "1"
        }
    },
    "total_price": "1101701원",
    "CPU": "AMD 라이젠5-5세대 7600 (라파엘) (멀티팩(정품))",
    "Motherboard": "ASRock A620M-HDV/M.2+ 에즈윈",
    "Graphic Card": "SAPPHIRE 라데온 RX 7600 PULSE OC D6 8GB",
    "SSD": "마이크론 Crucial T500 M.2 NVMe 대원씨티에스 (1TB)",
    "Memory": "TeamGroup DDR5-5600 CL46 Elite 서린 (16GB) x 2 개",
    "Power Supply": "SuperFlower SF-600R12ST MEGA 80PLUS STANDARD 230V EU",
    "CPU Cooler": "PCCOOLER PALADIN 400",
    "cpu_score": 312,
    "gpu_score": 72,
    "performance_grade": "중성능",
    "cpu_benchmarkscore": 28555,
    "gpu_benchmarkscore": 17905
}