{
    "quote_number": "1726",
    "quote_title": "2023년 7월 월간견적 가성비 QHD 게이밍 (인텔)",
    "date_create": "2024.3.31",
    "cpu_gpu_combinations": "코어i5-12600KF + RTX 4070 조합",
    "quotation_summary": " -# 월간견적# 가성비 QHD 게이밍# RTX 4070# 디아블로 풀옵",
    "quote_person_introduction": "안녕하세요! 견적왕 견적맨 총괄 매니저 로비오트입니다!퀘이사존 유저랭킹 1등을 계속해서 유지하고 있고견적게시판에서만 주로 활동하는 유저로그 누구보다 제품의 장단점, 성능적인 파악을 정확하게 하고 있습니다.물건을 판매하려는 견적이 아닌 실질적인 소비자 기준으로 구성을 하고 있으며기본적으로 A/S가 좋지 않은 곳은 걸러서 구성하고 있습니다.또한 블랙컨슈머로 인한 A/S이슈는 고려하지도듣지도 보지도 않고 있으니 이런 부분도 걸러 듣고 견적을 작성하고 있습니다!",
    "quote_feedback": "2023년 7월 월간견적하급 QHD 게이밍 (인텔)",
    "computer_estimate_data": "[CPU]인텔 코어i5-12세대 12600KF (엘더레이크) (정품)상세보기[메인보드]ASRock B760M PG LIGHTNING D5 에즈윈상세보기[메모리]ESSENCORE KLEVV DDR5-5600 CL46 (16GB) x 2 개상세보기[그래픽카드]ZOTAC GAMING 지포스 RTX 4070 TWIN EDGE OC D6X 12GB상세보기[SSD]SK하이닉스 Gold P31 M2 NVMe (1TB)상세보기[케이스]DAVEN KAISER AIR 강화유리 블랙 (미들타워)상세보기[파워서플라이]FSP HYPER K PRO 700W 80PLUS Standard 230V EU상세보기[CPU쿨러]잘만 CNPS9X PERFORMA RGB (SILVER)상세보기[조립PC관련][견적왕] 조립 서비스 + 1년 출장 A/S상세보기",
    "quote_description": "CPU는 인텔 E코어의 시초!\n13세대 논k i5보다 좋은 게임성능!메인보드는 13500까지 커버 가능한 DDR5 기준 가성비 메인보드!\n에즈윈 유통으로 AS 정책도 매우 좋음!메모리는 하이닉스 A다이 메모리\n인식률 호환성 안정성 굳!그래픽카드는 RTX 3080 보단 못하지만 뛰어난 전성비!\nQHD 가성비로는 딱!SSD는 이천 특산물! SK 하이닉스!\nPCIe 3.0의 끝판왕!파워서플라이는 FSP 가성비의 새로운 모델!\n안정성 좋고 팬소음 적고!CPU쿨러는 가성비 좋고 성능 좋고!\n3만원 미만에서의 갓성비 모델!",
    "parts_price": {
        "CPU": {
            "제품명": "인텔 코어i5-12세대 12600KF",
            "가격": "238,190원",
            "수량": "1"
        },
        "메인보드": {
            "제품명": "ASRock B760M PG LIGHTNING D5 에즈윈",
            "가격": "157,420원",
            "수량": "1"
        },
        "메모리": {
            "제품명": "ESSENCORE KLEVV DDR5-5600 CL46  16GB",
            "가격": "65,000원",
            "수량": "2"
        },
        "그래픽카드": {
            "제품명": "ZOTAC GAMING 지포스 RTX 4070 TWIN EDGE OC D6X 12GB",
            "가격": "874,950원",
            "수량": "1"
        },
        "SSD": {
            "제품명": "SK하이닉스 Gold P31 M2 NVMe 1TB",
            "가격": "138,000원",
            "수량": "1"
        },
        "케이스": {
            "제품명": "DAVEN KAISER AIR 강화유리 블랙",
            "가격": "48,200원",
            "수량": "1"
        },
        "파워서플라이": {
            "제품명": "FSP HYPER K PRO 700W 80PLUS Standard 230V EU",
            "가격": "84,000원",
            "수량": "1"
        },
        "CPU쿨러": {
            "제품명": "잘만 CNPS9X PERFORMA RGB",
            "가격": "33,740원",
            "수량": "1"
        }
    },
    "total_price": "1704500원",
    "CPU": "인텔 코어i5-12세대 12600KF (엘더레이크) (정품)",
    "Motherboard": "ASRock B760M PG LIGHTNING D5 에즈윈",
    "Graphic Card": "ZOTAC GAMING 지포스 RTX 4070 TWIN EDGE OC D6X 12GB",
    "SSD": "SK하이닉스 Gold P31 M2 NVMe (1TB)",
    "Memory": "ESSENCORE KLEVV DDR5-5600 CL46 (16GB) x 2 개",
    "Power Supply": "FSP HYPER K PRO 700W 80PLUS Standard 230V EU",
    "CPU Cooler": "잘만 CNPS9X PERFORMA RGB (SILVER)",
    "cpu_score": 332,
    "gpu_score": 4,
    "performance_grade": "중성능",
    "cpu_benchmarkscore": 27741,
    "gpu_benchmarkscore": 31768
}