{
    "quote_number": "1730",
    "quote_title": "2023년 7월 월간견적 상급 QHD 게이밍 (인텔)",
    "date_create": "2024.3.31",
    "cpu_gpu_combinations": "코어i5-13600KF + RTX 4080 SUPER 조합",
    "quotation_summary": " -# 월간견적# 풀옵 QHD# RTX 4080# 초고사양 PC# 게이밍 PC# 추천 PC",
    "quote_person_introduction": "안녕하세요! 견적왕 견적맨 총괄 매니저 로비오트입니다!퀘이사존 유저랭킹 1등을 계속해서 유지하고 있고견적게시판에서만 주로 활동하는 유저로그 누구보다 제품의 장단점, 성능적인 파악을 정확하게 하고 있습니다.물건을 판매하려는 견적이 아닌 실질적인 소비자 기준으로 구성을 하고 있으며기본적으로 A/S가 좋지 않은 곳은 걸러서 구성하고 있습니다.또한 블랙컨슈머로 인한 A/S이슈는 고려하지도듣지도 보지도 않고 있으니 이런 부분도 걸러 듣고 견적을 작성하고 있습니다!",
    "quote_feedback": "2023년 7월 월간견적상급 QHD 게이밍 (인텔)",
    "computer_estimate_data": "[CPU]인텔 코어i5-13세대 13600KF (랩터레이크) (정품)상세보기[메인보드]MSI MAG B760 토마호크 WIFI상세보기[메모리]ESSENCORE KLEVV DDR5-5600 CL46 (16GB) x 2 개상세보기[그래픽카드]ZOTAC GAMING 지포스 RTX 4080 SUPER Trinity D6X 16GB Black상세보기[SSD]SK하이닉스 Gold P31 M2 NVMe (1TB)상세보기[케이스]DARKFLASH DLX21 RGB MESH 강화유리 블랙 (미들타워)상세보기[파워서플라이]SuperFlower SF-850F14HG LEADEX III GOLD BLACK (PCIE 5)상세보기[CPU쿨러]3RSYS Socoool RC1800 LITE (BLACK)상세보기[조립PC관련][견적왕] 조립 서비스 + 1년 출장 A/S상세보기",
    "quote_description": "CPU는 인텔 하이앤드 게이밍 CPU의 시작!\n4070 ti 이상은 13600K부터!메인보드는 ATX 사이즈 메인보드!\n박격포 보다 좋은 확장성! 그리고 간섭 X !메모리는 하이닉스 A다이 메모리\n인식률 호환성 안정성 굳!그래픽카드는 조텍만의 특별한 3+2 AS!\n4080 SUPER 기준 가성비 갓갓!SSD는 이천 특산물! SK 하이닉스!\nPCIe 3.0의 끝판왕!케이스는 구관이 명관!\n베스트셀러 케이스!파워서플라이는 PCie 5.0 케이블 동봉!\n믿음 AS! 슈퍼플라워!CPU쿨러는 RC 1800 가성비 모델!",
    "parts_price": {
        "CPU": {
            "제품명": "인텔 코어i5-13세대 13600KF",
            "가격": "1,588,590원",
            "수량": "1"
        },
        "메인보드": {
            "제품명": "MSI MAG B760 토마호크 WIFI",
            "가격": "240,890원",
            "수량": "1"
        },
        "메모리": {
            "제품명": "ESSENCORE KLEVV DDR5-5600 CL46  16GB",
            "가격": "65,000원",
            "수량": "2"
        },
        "그래픽카드": {
            "제품명": "ZOTAC GAMING 지포스 RTX 4080 SUPER Trinity D6X 16GB Black",
            "가격": "1,514,700원",
            "수량": "1"
        },
        "SSD": {
            "제품명": "SK하이닉스 Gold P31 M2 NVMe 1TB",
            "가격": "138,000원",
            "수량": "1"
        },
        "케이스": {
            "제품명": "DARKFLASH DLX21 RGB MESH 강화유리 블랙",
            "가격": "93,500원",
            "수량": "1"
        },
        "파워서플라이": {
            "제품명": "SuperFlower SF-850F14HG LEADEX III GOLD BLACK",
            "가격": "154,407원",
            "수량": "1"
        },
        "CPU쿨러": {
            "제품명": "3RSYS Socoool RC1800 LITE",
            "가격": "65,000원",
            "수량": "1"
        }
    },
    "total_price": "3925087원",
    "CPU": "인텔 코어i5-13세대 13600KF (랩터레이크) (정품)",
    "Motherboard": "MSI MAG B760 토마호크 WIFI",
    "Graphic Card": "ZOTAC GAMING 지포스 RTX 4080 SUPER Trinity D6X 16GB Black",
    "SSD": "SK하이닉스 Gold P31 M2 NVMe (1TB)",
    "Memory": "ESSENCORE KLEVV DDR5-5600 CL46 (16GB) x 2 개",
    "Power Supply": "SuperFlower SF-850F14HG LEADEX III GOLD BLACK (PCIE 5)",
    "CPU Cooler": "3RSYS Socoool RC1800 LITE (BLACK)",
    "cpu_score": 194,
    "gpu_score": 1,
    "performance_grade": "고성능",
    "cpu_benchmarkscore": 38111,
    "gpu_benchmarkscore": 34625
}