{
    "quote_number": "1784",
    "quote_title": "로스트아크 디아블로4 검은사막 스팀게임 라이젠 7800X3D + RTX 4070Ti 모니터포함 QHD 게이밍 컴퓨터 견적",
    "date_create": "2024.3.5",
    "cpu_gpu_combinations": "라이젠7 7800X3D + RTX 4070 Ti SUPER 조합",
    "quotation_summary": " 라이젠 7800X3D / RTX 4070Ti SUPER / RAM 32GB / SSD 2TB / 27인치 QHD 고주사율 게이밍모니터 포함# QHD 게이밍# 모니터포함# 로아# 디아4# 검사# 스팀게임",
    "quote_person_introduction": "안녕하세요. 로카프입니다.우리 주변에는 아직 컴퓨터 견적구성을 어떻게 할 지 몰라 고민에 빠지는 분들이 많이 계십니다.성능은 괜찮을까? 고장은 나지 않을까? 가격은 괜찮은건가? 이런 고민들을 한 번쯤은 해보셨을 겁니다.용도에 알맞는 성능과 합리적인 가격, 최우선으로 안정성과 신뢰도 높은 부품들로 구성된 견적을 추천해드리겠습니다.컴퓨터를 처음 알아보시는 분들의 입장에서 생각하고 견적을 구성해드리는 견적맨이 되겠습니다.",
    "quote_feedback": "RTX 4070Ti 단종으로 인해 ﻿24.02.29 부로 견적서 구성 그래픽카드가 RTX 4070Ti SUPER로 변경되었습니다.구성해오신 견적도 특별히 호환문제 없는 구성이라 그대로 구매하셔도 괜찮습니다.메인보드는 WIFI 기능이 꼭 필요하신 것이 아니라면 B650M PG Riptide를 보셔도 좋습니다.그래픽카드는 가장 고가의 부품인만큼 A/S퀄리티 좋은 이엠텍, 조텍, 갤럭시, inno3D 제품 구성 추천드립니다.CPU쿨러는 게이밍 목적이라면 듀얼타워공랭쿨러 구성을 보셔도 좋습니다.",
    "computer_estimate_data": "[CPU]AMD 라이젠7-5세대 7800X3D (라파엘) (멀티팩(정품))상세보기[메인보드]ASRock B650M PG Riptide 대원씨티에스상세보기[메모리]TeamGroup DDR5-5600 CL46 Elite 서린 (16GB) x 2 개상세보기[그래픽카드]ZOTAC 지포스 RTX 4070 Ti SUPER Trinity D6X 16GB Black상세보기[SSD]Western Digital WD BLACK SN850X M.2 NVMe (2TB)상세보기[케이스]DARKFLASH DLX21 RGB MESH 강화유리 블랙 (미들타워)상세보기[파워서플라이]SuperFlower SF-850F14HG LEADEX III GOLD BLACK (PCIE 5)상세보기[CPU쿨러]Thermalright Peerless Assassin 120 SE 서린상세보기[모니터]필립스 275M8RZ QHD 170 프리싱크 HDR 400 게이밍 무결점상세보기[조립PC관련][견적왕] 조립 서비스 + 1년 출장 A/S상세보기",
    "quote_description": "CPU는 3D V캐시 구성으로 압도적인 게이밍 성능을 자랑하며 공랭쿨러로도 사용이 가능한 7800X3D입니다. 8코어 16쓰레드 구조로 방송하시는 데도 충분한 성능을 발휘하는 제품입니다.메인보드는 600A급 드라이버모스펫 채용으로 전원부 성능이 매우 뛰어나며 이러한 구성에도 가격경쟁력까지 갖추고 있어 7600 / 7800X3D 등 다양한 AM5소켓 CPU들과 구성하기에 부족함이 없는 B650M PG Riptide입니다.메모리는 라이프워런티정책으로 제품 단종 시까지 서비스 지원하는 팀그룹 JEDEC 표준 일반램입니다.그래픽카드는 RTX 4070Ti 대비 약 5% 정도 게임성능 좀 더 좋으며 QHD 게이밍도 노려볼 수 있을만큼 성능이 매우 좋은 4070 Ti SUPER입니다. 더불어 ZOTAC사 제품으로 A/S 걱정에서 자유로울 수 있으며, 구매 후 14일 이내 제품 등록 시 무상 3년 보증에 추가로 2년 확대보증 서비스를 제공하여 오래도록 사용할 수 있습니다.SSD는 최대읽기속도 7,300MB/s 최대쓰기속도 6,600MB/s를 자랑하는 최상위권 PCIe 4.0 SSD인 SN850X입니다. WD BLACK SSD 대시보드를 통해 게임모드 이용 시 SSD의 저전력모드를 비활성화시켜 최고의 퍼포먼스를 발휘할 수 있습니다.케이스는 많은 소비자들로부터 꾸준한 사랑을 받고있는 DLX 21 MESH입니다. 140mm 전면팬 3개와 140mm 후면팬 1개 기본구성에 상단 3열 수랭쿨러 호환도 문제없으며 호환길이 CPU공랭쿨러 180mm / 그래픽카드 400mm의 뛰어난 호환성도 장점입니다.파워서플라이는 고주파 증상 발생에도 원활한 A/S가 가능한 SuperFlower사의 850W 골드등급 제품입니다. 12VHPWR 케이블이 기본구성되어 RTX 4000번대 그래픽카드 구성 시 깔끔한 선정리가 가능합니다.CPU쿨러는 듀얼타워공랭쿨러 가운데 탁월한 쿨링성능과 정숙성을 보여주는 Peerless Assassin 120 SE 제품입니다.모니터는 27인치 QHD IPS 최대 170Hz 무결점 정책 필립스사의 모니터입니다. 고주사율 모니터로 빠른 반응을 요구하는 FPS 게임환경에 매우 적합합니다.",
    "parts_price": {
        "CPU": {
            "제품명": "AMD 라이젠7-5세대 7800X3D",
            "가격": "526,990원",
            "수량": "1"
        },
        "메인보드": {
            "제품명": "ASRock B650M PG Riptide 대원씨티에스",
            "가격": "207,500원",
            "수량": "1"
        },
        "메모리": {
            "제품명": "TeamGroup DDR5-5600 CL46 Elite 서린  16GB",
            "가격": "64,480원",
            "수량": "2"
        },
        "그래픽카드": {
            "제품명": "ZOTAC 지포스 RTX 4070 Ti SUPER Trinity D6X 16GB Black",
            "가격": "1,189,800원",
            "수량": "1"
        },
        "SSD": {
            "제품명": "Western Digital WD BLACK SN850X M.2 NVMe 2TB",
            "가격": "226,310원",
            "수량": "1"
        },
        "케이스": {
            "제품명": "DARKFLASH DLX21 RGB MESH 강화유리 블랙",
            "가격": "93,500원",
            "수량": "1"
        },
        "파워서플라이": {
            "제품명": "SuperFlower SF-850F14HG LEADEX III GOLD BLACK",
            "가격": "154,407원",
            "수량": "1"
        },
        "CPU쿨러": {
            "제품명": "Thermalright Peerless Assassin 120 SE 서린",
            "가격": "36,950원",
            "수량": "1"
        },
        "모니터": {
            "제품명": "필립스 275M8RZ QHD 170 프리싱크 HDR 400 게이밍 무결점",
            "가격": "399,000원",
            "수량": "1"
        }
    },
    "total_price": "2963417원",
    "CPU": "AMD 라이젠7-5세대 7800X3D (라파엘) (멀티팩(정품))",
    "Motherboard": "ASRock B650M PG Riptide 대원씨티에스",
    "Graphic Card": "ZOTAC 지포스 RTX 4070 Ti SUPER Trinity D6X 16GB Black",
    "SSD": "Western Digital WD BLACK SN850X M.2 NVMe (2TB)",
    "Memory": "TeamGroup DDR5-5600 CL46 Elite 서린 (16GB) x 2 개",
    "Power Supply": "SuperFlower SF-850F14HG LEADEX III GOLD BLACK (PCIE 5)",
    "CPU Cooler": "Thermalright Peerless Assassin 120 SE 서린",
    "cpu_score": 225,
    "gpu_score": 4,
    "performance_grade": "고성능",
    "cpu_benchmarkscore": 34357,
    "gpu_benchmarkscore": 31768
}