{
    "quote_number": "1862",
    "quote_title": "2023년 12월 월간견적 PC - 저가 사무용(AMD",
    "date_create": "2023.11.28",
    "cpu_gpu_combinations": "라이젠5 PRO 4650G +  조합",
    "quotation_summary": " # 저가 사무용# 저가 가정용# 가성비 사무용# 영화# 영상# 유튜브",
    "quote_person_introduction": "안녕하세요! 견적왕 견적맨 총괄 매니저 로비오트입니다!퀘이사존 유저랭킹 1등을 계속해서 유지하고 있고견적게시판에서만 주로 활동하는 유저로그 누구보다 제품의 장단점, 성능적인 파악을 정확하게 하고 있습니다.물건을 판매하려는 견적이 아닌 실질적인 소비자 기준으로 구성을 하고 있으며기본적으로 A/S가 좋지 않은 곳은 걸러서 구성하고 있습니다.또한 블랙컨슈머로 인한 A/S이슈는 고려하지도듣지도 보지도 않고 있으니 이런 부분도 걸러 듣고 견적을 작성하고 있습니다!",
    "quote_feedback": "2023년 12월 월간견적 PC - 저가 사무용(AMD",
    "computer_estimate_data": "[CPU]AMD 라이젠5 PRO 르누아르 4650G (정품 멀티팩)(쿨러포함)상세보기[메인보드]ASUS PRIME A320M-K 대원CTS상세보기[메모리]삼성전자 DDR4-3200 (8GB) PC4-25600 x 2 개상세보기[SSD]SK하이닉스 GOLD P31 M2 NVMe (500GB)상세보기[케이스]DAVEN V200 (BLACK) (미니타워)상세보기[파워서플라이]SF-500R12ST MEGA 80PLUS STANDARD 230V EU상세보기[조립PC관련][견적왕] 조립 서비스 + 1년 출장 A/S상세보기",
    "quote_description": "CPU는 가성비로 느끼는 6코어 12쓰레드!\n멀티 사무용으로 딱!메인보드는 HDMI 4K 30HZ 정식 지원!\nM.2 슬롯도 지원! 가성비 A320 보드!메모리는 조텍 OLOY 업글 이벤트용!\n3200 CL16도 XMP라면 XMP렘!SSD는 이천 특산물! SK 하이닉스!\nPCIe 3.0의 끝판왕!케이스는 가성비 좋은 사무용 케이스!\n강판 좋고, 가성비 좋고!파워서플라이는 GTX 1660 SUPER 라면충분한 용량의 500w!\n무한 고주파 교체 AS의 슈퍼플라워!",
    "parts_price": {
        "CPU": {
            "제품명": "AMD 라이젠5 PRO 르누아르 4650G",
            "가격": "105,101원",
            "수량": "1"
        },
        "메인보드": {
            "제품명": "ASUS PRIME A320M-K 대원CTS",
            "가격": "68,640원",
            "수량": "1"
        },
        "메모리": {
            "제품명": "삼성전자 DDR4-3200 PC4-25600  8GB",
            "가격": "20,750원",
            "수량": "2"
        },
        "SSD": {
            "제품명": "SK하이닉스 GOLD P31 M2 NVMe 500GB",
            "가격": "79,000원",
            "수량": "1"
        },
        "케이스": {
            "제품명": "DAVEN V200",
            "가격": "17,610원",
            "수량": "1"
        },
        "파워서플라이": {
            "제품명": "SF-500R12ST MEGA 80PLUS STANDARD 230V EU",
            "가격": "46,466원",
            "수량": "1"
        }
    },
    "total_price": "358317원",
    "CPU": "AMD 라이젠5 PRO 르누아르 4650G (정품 멀티팩)(쿨러포함)",
    "Motherboard": "ASUS PRIME A320M-K 대원CTS",
    "SSD": "SK하이닉스 GOLD P31 M2 NVMe (500GB)",
    "Memory": "삼성전자 DDR4-3200 (8GB) PC4-25600 x 2 개",
    "Power Supply": "SF-500R12ST MEGA 80PLUS STANDARD 230V EU",
    "cpu_score": 745,
    "gpu_score": null,
    "performance_grade": "정보 없음",
    "cpu_benchmarkscore": null,
    "gpu_benchmarkscore": null
}