{
    "quote_number": "1881",
    "quote_title": "2023년 10월 월간견적 - 중급 QHD 게이밍 (인텔)",
    "date_create": "2024.3.8",
    "cpu_gpu_combinations": "코어i5-13600KF + RTX 4070 Ti 조합",
    "quotation_summary": " # QHD 게이밍# RTX 4070 Ti 게이밍# 로아 풀옵션# 배그 풀옵션",
    "quote_person_introduction": "안녕하세요! 견적왕 견적맨 총괄 매니저 로비오트입니다!퀘이사존 유저랭킹 1등을 계속해서 유지하고 있고견적게시판에서만 주로 활동하는 유저로그 누구보다 제품의 장단점, 성능적인 파악을 정확하게 하고 있습니다.물건을 판매하려는 견적이 아닌 실질적인 소비자 기준으로 구성을 하고 있으며기본적으로 A/S가 좋지 않은 곳은 걸러서 구성하고 있습니다.또한 블랙컨슈머로 인한 A/S이슈는 고려하지도듣지도 보지도 않고 있으니 이런 부분도 걸러 듣고 견적을 작성하고 있습니다!",
    "quote_feedback": "2023년 10월 월간견적 - 중급 QHD 게이밍 (인텔)",
    "computer_estimate_data": "[CPU]인텔 코어i5-13세대 13600KF (랩터레이크) (정품)상세보기[메인보드]MSI MAG B760M 박격포 II상세보기[메모리]ADATA DDR5-5600 CL46-45-45 (16GB) x 2 개상세보기[그래픽카드]MSI 지포스 RTX 4070 Ti 벤투스 3X E OC D6X 12GB상세보기[SSD]SK하이닉스 Gold P31 M2 NVMe (1TB)상세보기[케이스]DARKFLASH DF2100 MESH RGB 강화유리 블랙 (미들타워)상세보기[파워서플라이]NEWZEN SKULL 750SM MODULAR ATX 3.0 80PLUS GOLD (PCIE5)상세보기[CPU쿨러]PentaWave Z06D (BLACK)상세보기[조립PC관련][견적왕] 조립 서비스 + 1년 출장 A/S상세보기",
    "quote_description": "CPU는 인텔 하이앤드 게이밍 CPU의 시작!\n4070 ti 이상은 13600K부터!메인보드는 박격포 리뉴얼 모델!메모리는 하이닉스 선별 IC 제품!\n인식률 좋고 제품 안정성도 좋고!그래픽카드는 가성비 RTX 4070 Ti!\nMSI만의 강력한 쿨링 솔루션!SSD는 이천 특산물! SK 하이닉스!\nPCIe 3.0의 끝판왕!케이스는 DLX21과 똑같은 확장성!\n하지만 조금더 가성비!파워서플라이는 AS 10년! 고주파 AS 대응!\nATX 3.0 정식 지원!CPU쿨러는 새로운 공냉 끝판왕!\n블랙감성!",
    "parts_price": {
        "CPU": {
            "제품명": "인텔 코어i5-13세대 13600KF",
            "가격": "1,588,590원",
            "수량": "1"
        },
        "메인보드": {
            "제품명": "MSI MAG B760M 박격포 II",
            "가격": "199,970원",
            "수량": "1"
        },
        "메모리": {
            "제품명": "ADATA DDR5-5600 CL46-45-45  16GB",
            "가격": "64,700원",
            "수량": "2"
        },
        "그래픽카드": {
            "제품명": "MSI 지포스 RTX 4070 Ti 벤투스 3X E OC D6X 12GB",
            "가격": "1,149,000원",
            "수량": "1"
        },
        "SSD": {
            "제품명": "SK하이닉스 Gold P31 M2 NVMe 1TB",
            "가격": "138,000원",
            "수량": "1"
        },
        "케이스": {
            "제품명": "DARKFLASH DF2100 MESH RGB 강화유리 블랙",
            "가격": "81,000원",
            "수량": "1"
        },
        "파워서플라이": {
            "제품명": "NEWZEN SKULL 750SM MODULAR ATX 3.0 80PLUS GOLD",
            "가격": "124,830원",
            "수량": "1"
        },
        "CPU쿨러": {
            "제품명": "PentaWave Z06D",
            "가격": "56,910원",
            "수량": "1"
        }
    },
    "total_price": "3467700원",
    "CPU": "인텔 코어i5-13세대 13600KF (랩터레이크) (정품)",
    "Motherboard": "MSI MAG B760M 박격포 II",
    "Graphic Card": "MSI 지포스 RTX 4070 Ti 벤투스 3X E OC D6X 12GB",
    "SSD": "SK하이닉스 Gold P31 M2 NVMe (1TB)",
    "Memory": "ADATA DDR5-5600 CL46-45-45 (16GB) x 2 개",
    "Power Supply": "NEWZEN SKULL 750SM MODULAR ATX 3.0 80PLUS GOLD (PCIE5)",
    "CPU Cooler": "PentaWave Z06D (BLACK)",
    "cpu_score": 194,
    "gpu_score": 4,
    "performance_grade": "고성능",
    "cpu_benchmarkscore": 38111,
    "gpu_benchmarkscore": 31768
}