{
    "quote_number": "2014",
    "quote_title": "3D 작업 후디니 마야 어도비 프리미어 애펙 VR게임 i9 14900K + RTX 4080 화이트 작업용 컴퓨터 견적",
    "date_create": "2024.2.16",
    "cpu_gpu_combinations": "코어i9-14900K + RTX 4080 SUPER 조합",
    "quotation_summary": " i9 14900K / RTX 4080 SUPER / RAM 64GB / SSD 2TB 2장 + HDD 8TB# 어도비# 프리미어프로# 애프터이펙트# 3D 작업# 후디니# 마야# QHD 게이밍# SSD+HDD구성",
    "quote_person_introduction": "안녕하세요. 로카프입니다.우리 주변에는 아직 컴퓨터 견적구성을 어떻게 할 지 몰라 고민에 빠지는 분들이 많이 계십니다.성능은 괜찮을까? 고장은 나지 않을까? 가격은 괜찮은건가? 이런 고민들을 한 번쯤은 해보셨을 겁니다.용도에 알맞는 성능과 합리적인 가격, 최우선으로 안정성과 신뢰도 높은 부품들로 구성된 견적을 추천해드리겠습니다.컴퓨터를 처음 알아보시는 분들의 입장에서 생각하고 견적을 구성해드리는 견적맨이 되겠습니다.",
    "quote_feedback": "RTX 4080 단종으로 인해 ﻿24.02.01 부로 견적서 구성 그래픽카드가 RTX 4080 SUPER로 변경되었습니다.CPU는 i9 14900K, 데스크톱 라인업 최상위 제품으로 다양한 작업에 있어서 뛰어난 성능을 보이며인텔 내장그래픽이 탑재되어있어 영상편집 시 퀵싱크 기능 활용도 가능합니다.메모리는 32GB 2장 총 64GB로 작업 진행하는데 있어서 충분하도록 구성해드렸으며그래픽카드는 VRAM 16GB 용량의 RTX 4080 SUPER로 예산에 맞게 선택했습니다.저장장치는 PCIe 4.0 규격의 스펙 좋은 2TB SSD 2장과 안정성 높은 8TB HDD로 구성하여작업물 저장공간 충분히 확보하였습니다.CPU쿨러는 360수랭쿨러 쿨링성능 최상위권의 제품으로 마무리했습니다.",
    "computer_estimate_data": "[CPU]인텔 코어i9-14세대 14900K (랩터레이크 리프레시) (정품)상세보기[메인보드]ASRock Z790 Nova WIFI 대원씨티에스상세보기[메모리]TeamGroup DDR5-4800 CL40 Elite 서린 (32GB) x 2 개상세보기[그래픽카드]ZOTAC GAMING 지포스 RTX 4080 SUPER Trinity OC D6X 16GB White상세보기[SSD]Western Digital WD BLACK SN850X M.2 NVMe (2TB) x 2 개상세보기[데스크탑 HDD]Western Digital 8TB Ultrastar DC HC320 HUS728T8TALE6L4 1PACK상세보기[케이스]DARKFLASH DLX21 RGB MESH 강화유리 화이트 (미들타워)상세보기[파워서플라이]SuperFlower SF-1000F14XG LEADEX VII GOLD WHITE ATX 3.0 (PCIE5)상세보기[CPU쿨러]발키리 GL360 ARGB (WHITE)상세보기[조립PC관련][견적왕] 조립 서비스 + 1년 출장 A/S상세보기",
    "quote_description": "[조립PC관련]수랭 쿨러 조립 추가 비용상세보기CPU는 3열 수랭쿨러와 Z790 상급 메인보드 구성으로 사용이 가능한 14900K입니다. 고성능을 발휘하는 P코어 8개 효율성 높은 E코어 16개로 이루어진 빅리틀 구조의 CPU이며 따라서 윈도우11 사용이 권장됩니다. 또한 내장그래픽이 탑재된 제품으로 퀵싱크 기능 활용이 가능합니다.메인보드는 1800A급의 전원부성능을 가져 13~14세대 i9 CPU 구성까지 가능하며 WIFI와 블루투스 기능 또한 탑재한 제품입니다. Debug 코드 표시기를 통해 문제 발생 시 보다 쉽게 원인 파악을 할 수 있습니다.메모리는 TeamGroup 제품으로 라이프워런티정책덕분에 A/S 걱정을 덜 수 있으며 32GB 고용량 제품입니다.그래픽카드는 QHD 게이밍도 끄떡없는 극강의 성능을 자랑하는 RTX 4080 SUPER입니다. 더불어 ZOTAC사 제품으로 A/S 걱정에서 자유로울 수 있으며, 구매 후 14일 이내 제품 등록 시 무상 3년 보증에 추가로 2년 확대보증 서비스를 제공하여 오래도록 사용할 수 있습니다. 화이트 색상 제품으로 화이트 감성 PC 구성에 제격입니다.SSD는 최대읽기속도 7,300MB/s 최대쓰기속도 6,600MB/s를 자랑하는 최상위권 PCIe 4.0 SSD인 SN850X입니다. WD BLACK SSD 대시보드를 통해 게임모드 이용 시 SSD의 저전력모드를 비활성화시켜 최고의 퍼포먼스를 발휘할 수 있습니다.데스크탑 HDD는 엔터프라이즈급 안정성을 가진 Ultrastar 라인업의 8TB 제품입니다. 24시간 상시작동하는 극한 사용환경도 고려한 제품입니다.케이스는 많은 소비자들로부터 꾸준한 사랑을 받고있는 DLX 21 MESH입니다. 140mm 전면팬 3개와 140mm 후면팬 1개 기본구성에 상단 3열 수랭쿨러 호환도 문제없으며 호환길이 CPU공랭쿨러 180mm / 그래픽카드 400mm의 뛰어난 호환성도 장점입니다.파워서플라이는 고주파 증상 발생에도 원활한 A/S가 가능한 SuperFlower사의 1000W 골드등급 제품입니다. 12VHPWR 케이블이 기본구성되어 RTX 4000번대 그래픽카드 구성 시 깔끔한 선정리가 가능합니다. 또한, ATX 3.0 인증 제품으로 최대 235%의 피크전력까지 버틸 수 있어 순간적인 과부하 조건에서도 안정적인 사용이 가능합니다.CPU쿨러는 360수랭쿨러 쿨링성능 최상위권의 발키리 GL360이며 인텔 i5 ~ i9, 라이젠 7000시리즈 X붙은 CPU들과 구성하기에 알맞는 제품입니다.",
    "parts_price": {
        "CPU": {
            "제품명": "인텔 코어i9-14세대 14900K",
            "가격": "789,880원",
            "수량": "1"
        },
        "메인보드": {
            "제품명": "ASRock Z790 Nova WIFI 대원씨티에스",
            "가격": "504,400원",
            "수량": "1"
        },
        "메모리": {
            "제품명": "TeamGroup DDR5-4800 CL40 Elite 서린  32GB",
            "가격": "115,402원",
            "수량": "2"
        },
        "그래픽카드": {
            "제품명": "ZOTAC GAMING 지포스 RTX 4080 SUPER Trinity OC D6X 16GB White",
            "가격": "1,611,900원",
            "수량": "1"
        },
        "SSD": {
            "제품명": "Western Digital WD BLACK SN850X M.2 NVMe x 2 개 2TB",
            "가격": "505,140원",
            "수량": "2"
        },
        "데스크탑 HDD": {
            "제품명": "Western Digital 8TB Ultrastar DC HC320 HUS728T8TALE6L4 1PACK",
            "가격": "348,820원",
            "수량": "1"
        },
        "케이스": {
            "제품명": "DARKFLASH DLX21 RGB MESH 강화유리 화이트",
            "가격": "95,460원",
            "수량": "1"
        },
        "파워서플라이": {
            "제품명": "SuperFlower SF-1000F14XG LEADEX VII GOLD WHITE ATX 3.0",
            "가격": "225,408원",
            "수량": "1"
        },
        "CPU쿨러": {
            "제품명": "발키리 GL360 ARGB",
            "가격": "162,903원",
            "수량": "1"
        }
    },
    "total_price": "4979855원",
    "CPU": "인텔 코어i9-14세대 14900K (랩터레이크 리프레시) (정품)",
    "Motherboard": "ASRock Z790 Nova WIFI 대원씨티에스",
    "Graphic Card": "ZOTAC GAMING 지포스 RTX 4080 SUPER Trinity OC D6X 16GB White",
    "SSD": "Western Digital WD BLACK SN850X M.2 NVMe (2TB) x 2 개",
    "Memory": "TeamGroup DDR5-4800 CL40 Elite 서린 (32GB) x 2 개",
    "Power Supply": "SuperFlower SF-1000F14XG LEADEX VII GOLD WHITE ATX 3.0 (PCIE5)",
    "CPU Cooler": "발키리 GL360 ARGB (WHITE)",
    "cpu_score": 56,
    "gpu_score": 1,
    "performance_grade": "고성능",
    "cpu_benchmarkscore": 63947,
    "gpu_benchmarkscore": 34625
}