{
    "quote_number": "2022",
    "quote_title": "철권8 GTA6 대비 i5 14600KF + RTX 4070Ti 게이밍 컴퓨터 견적",
    "date_create": "2024.3.6",
    "cpu_gpu_combinations": "코어i5-14600KF + RTX 4070 Ti SUPER 조합",
    "quotation_summary": " i5 14600KF / RTX 4070Ti SUPER / RAM 32GB / SSD 2TB# 게이밍용# 로스트아크# 배틀그라운드# 철권# GTA# 리그오브레전드",
    "quote_person_introduction": "안녕하세요. 로카프입니다.우리 주변에는 아직 컴퓨터 견적구성을 어떻게 할 지 몰라 고민에 빠지는 분들이 많이 계십니다.성능은 괜찮을까? 고장은 나지 않을까? 가격은 괜찮은건가? 이런 고민들을 한 번쯤은 해보셨을 겁니다.용도에 알맞는 성능과 합리적인 가격, 최우선으로 안정성과 신뢰도 높은 부품들로 구성된 견적을 추천해드리겠습니다.컴퓨터를 처음 알아보시는 분들의 입장에서 생각하고 견적을 구성해드리는 견적맨이 되겠습니다.",
    "quote_feedback": "RTX 4070Ti 단종으로 인해 ﻿24.02.29 부로 견적서 구성 그래픽카드가 RTX 4070Ti SUPER로 변경되었습니다.GTA6는 아직 출시까지 시일이 꽤 남은만큼 요구사양을 정확하게 알 수 없으나인텔CPU 포함 250만원에 맞춰 최대한 게임성능 챙겨 구성 도와드렸습니다.예산 고려해서 i5 14600KF + RTX 4070Ti SUPER 조합의 견적 구성 도와드렸으며메모리는 메인보드 QVL리스트에 등재되어있는 6000클럭 튜닝램입니다.SSD는 GTA6가 오픈월드 게임이기도 하고 맵 크기 상당한 것으로 알려진만큼2TB 용량의 제품으로 구성해드렸습니다.CPU쿨러는 게임용도로 사용하시니 상급 듀얼타워공랭쿨러로 사용가능하겠습니다.",
    "computer_estimate_data": "[CPU]인텔 코어i5-14세대 14600KF (랩터레이크 리프레시) (정품)상세보기[메인보드]MSI MAG B760M 박격포 II상세보기[메모리]OLOy DDR5-6000 CL32 BLADE RGB MIRROR 패키지 (32GB(16Gx2))하이닉스 A다이 언락 제품!상세보기[그래픽카드]ZOTAC 지포스 RTX 4070 Ti SUPER Trinity D6X 16GB Black상세보기[SSD]Western Digital WD BLACK SN850X M.2 NVMe (2TB)상세보기[케이스]DARKFLASH DLX21 RGB MESH 강화유리 블랙 (미들타워)상세보기[파워서플라이]SuperFlower SF-850F14HG LEADEX III GOLD BLACK (PCIE 5)상세보기[CPU쿨러]Thermalright Peerless Assassin 120 SE 서린상세보기[조립PC관련][견적왕] 조립 서비스 + 1년 출장 A/S상세보기",
    "quote_description": "CPU는 B760 메인보드 구성으로 사용이 가능한 14600KF입니다. 고성능을 발휘하는 P코어 6개 효율성 높은 E코어 8개로 이루어진 빅리틀 구조의 CPU이며 따라서 윈도우11 사용이 권장됩니다. 내장그래픽이 없는 제품이라서 영상편집 시 퀵싱크 기능 활용은 불가능합니다.메인보드는 인텔 i5 CPU와 구성하기 좋은 B760칩셋을 사용한 메인보드입니다. DDR5 지원 메인보드로 900A급 드라이버모스펫 채용으로 전원부 성능이 매우 탁월하며 EZ 디버그 LED 기능 탑재로 컴퓨터 고장 발생시 대략적으로 고장부품을 구별해낼 수 있습니다.메모리는 조텍코리아에서 유통하고있는 OLOy 튜닝메모리입니다. 화이트방열판이 적용되어 화이트감성 PC 구성 시 제격이며 6000클럭의 고클럭 메모리로 메모리클럭이 중요한 게임에서 빛을 발합니다.그래픽카드는 RTX 4070Ti 대비 약 5% 정도 게임성능 좀 더 좋으며 QHD 게이밍도 노려볼 수 있을만큼 성능이 매우 좋은 4070 Ti SUPER입니다. 더불어 ZOTAC사 제품으로 A/S 걱정에서 자유로울 수 있으며, 구매 후 14일 이내 제품 등록 시 무상 3년 보증에 추가로 2년 확대보증 서비스를 제공하여 오래도록 사용할 수 있습니다.SSD는 최대읽기속도 7,300MB/s 최대쓰기속도 6,600MB/s를 자랑하는 최상위권 PCIe 4.0 SSD인 SN850X입니다. WD BLACK SSD 대시보드를 통해 게임모드 이용 시 SSD의 저전력모드를 비활성화시켜 최고의 퍼포먼스를 발휘할 수 있습니다.케이스는 많은 소비자들로부터 꾸준한 사랑을 받고있는 DLX 21 MESH입니다. 140mm 전면팬 3개와 140mm 후면팬 1개 기본구성에 상단 3열 수랭쿨러 호환도 문제없으며 호환길이 CPU공랭쿨러 180mm / 그래픽카드 400mm의 뛰어난 호환성도 장점입니다.파워서플라이는 고주파 증상 발생에도 원활한 A/S가 가능한 SuperFlower사의 850W 골드등급 제품입니다. 12VHPWR 케이블이 기본구성되어 RTX 4000번대 그래픽카드 구성 시 깔끔한 선정리가 가능합니다.CPU쿨러는 듀얼타워공랭쿨러 가운데 탁월한 쿨링성능과 정숙성을 보여주는 Peerless Assassin 120 SE 제품입니다.",
    "parts_price": {
        "CPU": {
            "제품명": "인텔 코어i5-14세대 14600KF",
            "가격": "403,570원",
            "수량": "1"
        },
        "메인보드": {
            "제품명": "MSI MAG B760M 박격포 II",
            "가격": "199,980원",
            "수량": "1"
        },
        "메모리": {
            "제품명": "OLOy DDR5-6000 CL32 BLADE RGB MIRROR 패키지)하이닉스 A다이 언락 제품! 32GB",
            "가격": "194,120원",
            "수량": "1"
        },
        "그래픽카드": {
            "제품명": "ZOTAC 지포스 RTX 4070 Ti SUPER Trinity D6X 16GB Black",
            "가격": "1,189,800원",
            "수량": "1"
        },
        "SSD": {
            "제품명": "Western Digital WD BLACK SN850X M.2 NVMe 2TB",
            "가격": "226,310원",
            "수량": "1"
        },
        "케이스": {
            "제품명": "DARKFLASH DLX21 RGB MESH 강화유리 블랙",
            "가격": "93,500원",
            "수량": "1"
        },
        "파워서플라이": {
            "제품명": "SuperFlower SF-850F14HG LEADEX III GOLD BLACK",
            "가격": "154,407원",
            "수량": "1"
        },
        "CPU쿨러": {
            "제품명": "Thermalright Peerless Assassin 120 SE 서린",
            "가격": "36,950원",
            "수량": "1"
        }
    },
    "total_price": "2498637원",
    "CPU": "인텔 코어i5-14세대 14600KF (랩터레이크 리프레시) (정품)",
    "Motherboard": "MSI MAG B760M 박격포 II",
    "Graphic Card": "ZOTAC 지포스 RTX 4070 Ti SUPER Trinity D6X 16GB Black",
    "SSD": "Western Digital WD BLACK SN850X M.2 NVMe (2TB)",
    "Memory": "OLOy DDR5-6000 CL32 BLADE RGB MIRROR 패키지 (32GB(16Gx2))하이닉스 A다이 언락 제품!",
    "Power Supply": "SuperFlower SF-850F14HG LEADEX III GOLD BLACK (PCIE 5)",
    "CPU Cooler": "Thermalright Peerless Assassin 120 SE 서린",
    "cpu_score": 181,
    "gpu_score": 4,
    "performance_grade": "고성능",
    "cpu_benchmarkscore": 39510,
    "gpu_benchmarkscore": 31768
}