{
    "quote_number": "2034",
    "quote_title": "웹서핑 브라우저창 다중업무 라이젠 5600G 내장그래픽 사무용 컴퓨터 견적",
    "date_create": "2024.2.21",
    "cpu_gpu_combinations": "라이젠5 5600G +  조합",
    "quotation_summary": " 라이젠 5600G / 내장 그래픽 / RAM 32GB / SSD 500GB# 사무용# 내장그래픽# 웹서핑# 많은 브라우저창 업무환경",
    "quote_person_introduction": "안녕하세요. 로카프입니다.우리 주변에는 아직 컴퓨터 견적구성을 어떻게 할 지 몰라 고민에 빠지는 분들이 많이 계십니다.성능은 괜찮을까? 고장은 나지 않을까? 가격은 괜찮은건가? 이런 고민들을 한 번쯤은 해보셨을 겁니다.용도에 알맞는 성능과 합리적인 가격, 최우선으로 안정성과 신뢰도 높은 부품들로 구성된 견적을 추천해드리겠습니다.컴퓨터를 처음 알아보시는 분들의 입장에서 생각하고 견적을 구성해드리는 견적맨이 되겠습니다.",
    "quote_feedback": "CPU와 그래픽 성능이 크게 필요치 않은 사무 업무이지만브라우저 창을 여러 개 켜 놓고 사용해서 메모리 용량이 많이 필요하신 분들께 적합한 구성입니다.CPU는 6코어 12쓰레드 내장그래픽 성능이 좋은 라이젠 5600G이며메모리는 16GB 2장 총 32GB로 일반적인 사무용에 비해 좀 더 넉넉하게 용량 구성해드렸습니다.장시간 사용을 고려해 케이스팬 4개 제공하는 제품과 싱글타워공랭쿨러 선택했습니다.",
    "computer_estimate_data": "[CPU]AMD 라이젠5-4세대 5600G (세잔) (멀티팩)상세보기[메인보드]ASUS PRIME A520M-A II 대원CTS상세보기[메모리]삼성전자 DDR4-3200 (16GB) PC4-25600 x 2 개상세보기[SSD]SK하이닉스 GOLD P31 M2 NVMe (500GB)상세보기[케이스]DAVEN D4 MESH BLACK (미들타워)상세보기[파워서플라이]SF-500R12ST MEGA 80PLUS STANDARD 230V EU상세보기[CPU쿨러]DARKFLASH Ellsworth S21 ARGB (블랙)상세보기[조립PC관련][견적왕] 조립 서비스 + 1년 출장 A/S상세보기",
    "quote_description": "CPU는 내장그래픽을 탑재한 CPU 가운데 뛰어난 성능과 가성비를 보여주는 라이젠 5600G입니다. 6코어 12쓰레드 설계로 탁월한 멀티태스킹 성능을 보여줍니다.메인보드는 A520 메인보드로 전원부 방열판이 구성되어 있으며 가격부담을 덜 수 있어 르누아르 내장그래픽 CPU, 세잔 내장그래픽 CPU, 5600 등과 가성비 견적을 구성할 때 좋은 선택지가 되는 제품입니다.메모리는 신뢰성이 높고 불량률이 낮은 삼성 DDR4 메모리입니다. 기본 표준클럭 3200클럭으로 동작해 따로 설정이 필요하지 않은 제품입니다.SSD는 PCIe 3.0 방식의 SSD에서는 이견이 없는 최고의 SSD입니다. 성능이면 성능, 발열이면 발열 모두 최고입니다.케이스는 전면팬 3개와 후면팬 1개가 제공되며 기본팬 LED ON/OFF 기능이 제공되는 D4 MESH BLACK입니다. LED ON/OFF 기능이 있어 사용자의 취향에 맞춰 설정할 수 있는 장점이 있으며 CPU쿨러와 그래픽카드 호환성도 좋습니다.파워서플라이는 고주파 발생에도 A/S 걱정이 없는 슈퍼플라워사의 500W 제품입니다.CPU쿨러는 2~3만원대 쿨러 중 가성비가 뛰어난 제품으로, AM4소켓 CPU 구성시 발생할 수 있는 무뽑기 파손증상 방지키트가 구성품에 포함되어 있습니다.",
    "parts_price": {
        "CPU": {
            "제품명": "AMD 라이젠5-4세대 5600G",
            "가격": "152,000원",
            "수량": "1"
        },
        "메인보드": {
            "제품명": "ASUS PRIME A520M-A II 대원CTS",
            "가격": "71,450원",
            "수량": "1"
        },
        "메모리": {
            "제품명": "삼성전자 DDR4-3200 PC4-25600  16GB",
            "가격": "43,310원",
            "수량": "2"
        },
        "SSD": {
            "제품명": "SK하이닉스 GOLD P31 M2 NVMe 500GB",
            "가격": "79,000원",
            "수량": "1"
        },
        "케이스": {
            "제품명": "DAVEN D4 MESH BLACK",
            "가격": "35,130원",
            "수량": "1"
        },
        "파워서플라이": {
            "제품명": "SF-500R12ST MEGA 80PLUS STANDARD 230V EU",
            "가격": "46,466원",
            "수량": "1"
        },
        "CPU쿨러": {
            "제품명": "DARKFLASH Ellsworth S21 ARGB",
            "가격": "27,120원",
            "수량": "1"
        }
    },
    "total_price": "497786원",
    "CPU": "AMD 라이젠5-4세대 5600G (세잔) (멀티팩)",
    "Motherboard": "ASUS PRIME A520M-A II 대원CTS",
    "SSD": "SK하이닉스 GOLD P31 M2 NVMe (500GB)",
    "Memory": "삼성전자 DDR4-3200 (16GB) PC4-25600 x 2 개",
    "Power Supply": "SF-500R12ST MEGA 80PLUS STANDARD 230V EU",
    "CPU Cooler": "DARKFLASH Ellsworth S21 ARGB (블랙)",
    "cpu_score": 504,
    "gpu_score": null,
    "performance_grade": "정보 없음",
    "cpu_benchmarkscore": 21908,
    "gpu_benchmarkscore": null
}