{
    "quote_number": "2063",
    "quote_title": "배틀그라운드 로스트아크 롤 발로란트 라이젠 7500F + RTX 4070 화이트구성 FHD게이밍 컴퓨터 견적",
    "date_create": "2024.3.27",
    "cpu_gpu_combinations": "라이젠5 7500F + RTX 4070 조합",
    "quotation_summary": " 라이젠 7500F / RTX 4070 / RAM 32GB / SSD 1TB# FHD게이밍# 화이트구성# LoL# 발로란트# 배그# FPS# 로아# 카스",
    "quote_person_introduction": "안녕하세요. 로카프입니다.우리 주변에는 아직 컴퓨터 견적구성을 어떻게 할 지 몰라 고민에 빠지는 분들이 많이 계십니다.성능은 괜찮을까? 고장은 나지 않을까? 가격은 괜찮은건가? 이런 고민들을 한 번쯤은 해보셨을 겁니다.용도에 알맞는 성능과 합리적인 가격, 최우선으로 안정성과 신뢰도 높은 부품들로 구성된 견적을 추천해드리겠습니다.컴퓨터를 처음 알아보시는 분들의 입장에서 생각하고 견적을 구성해드리는 견적맨이 되겠습니다.",
    "quote_feedback": "200만원 안쪽으로 구성가능한 라이젠 7500F + RTX 4070 화이트 조합의 견적입니다.화이트감성을 챙김과 동시에 어항케이스+수랭쿨러를 선택해 더욱 감성이 충만한 구성입니다.메인보드는 기판일부와 방열판색상이 화이트인 제품이며그래픽카드, 케이스, 파워, CPU쿨러는 화이트색상의 제품을 선택했습니다.",
    "computer_estimate_data": "[CPU]AMD 라이젠5-5세대 7500F (라파엘) (멀티팩(정품))상세보기[메인보드]GIGABYTE B650M AORUS ELITE AX ICE 피씨디렉트상세보기[메모리]OLOy DDR5-6000 CL32 BLADE RGB MIRROR 패키지 (32GB(16Gx2))하이닉스 A다이 언락 제품!상세보기[그래픽카드]ASUS DUAL 지포스 RTX 4070 O12G OC D6X 12GB White상세보기[SSD]Western Digital WD BLACK SN850X M.2 NVMe (1TB)상세보기[케이스]몬스타 가츠 X620A 리버스 화이트 (미들타워)상세보기[파워서플라이]topower Guardian TOP-700DG Single Rail 80PLUS BRONZE WHITE상세보기[CPU쿨러]JONSBO TG-360 ARGB (WHITE)상세보기[조립PC관련][견적왕] 조립 서비스 + 1년 출장 A/S상세보기",
    "quote_description": "[조립PC관련]수랭 쿨러 조립 추가 비용상세보기CPU는 6코어 12쓰레드 구조로 라이젠 7600과 성능 차이가 크지않으면서 내장그래픽이 없어 금액부담 덜 수 있는 제품입니다.메인보드는 720A급의 전원부성능을 가졌으며 WIFI와 블루투스기능을 탑재한 B650칩셋의 제품입니다. 전체적으로 전원부 방열판과 M.2 SSD 방열판이 잘 구성되어있으며 기판까지 화이트색상이 적용된 디자인을 가지고있습니다.메모리는 조텍코리아에서 유통하고있는 OLOy 튜닝메모리입니다. 화이트방열판이 적용되어 화이트감성 PC 구성 시 제격이며 6000클럭의 고클럭 메모리로 메모리클럭이 중요한 게임에서 빛을 발합니다.그래픽카드는 FHD 게이밍 끝판왕인 RTX 4070입니다. 보조전원은 8핀포트 1개 구성이며 화이트색상 제품이므로 화이트감성 PC에 알맞는 제품입니다. 길이 267mm, 두께 51.13mm라서 케이스 호환성도 좋습니다.SSD는 최대읽기속도 7,300MB/s 최대쓰기속도 6,300MB/s를 자랑하는 최상위권 PCIe 4.0 SSD인 SN850X입니다. WD BLACK SSD 대시보드를 통해 게임모드 이용 시 SSD의 저전력모드를 비활성화시켜 최고의 퍼포먼스를 발휘할 수 있습니다.케이스는 흔히 어항케이스라고 불리우는 디자인이 적용된 X620A 리버스입니다. CPU쿨러 최대호환가능높이 165mm, 그래픽카드 최대호환가능길이 430mm 제원을 가졌으며 ATX 사이즈 메인보드까지 호환가능한 미들타워 제품입니다. 측면 120mm 기본팬 3개, 후면 120mm 기본팬 1개 총 4개를 제공하며 ARGB를 지원하여 메인보드 제조사 프로그램을 통해 색상 조정이 가능합니다.파워서플라이는 topower사의 700W 브론즈등급 화이트색상 제품입니다. A/S보증기간 7년을 제공하고 화이트 색상 제품이라 화이트감성 PC에 알맞는 제품입니다.CPU쿨러는 3열 일체형 수랭쿨러로 히든 케이블 시스템을 통해 외부 케이블 노출 없이 각각의 팬 쿨러간 직접 연결되어 깔끔한 외관으로 완성할 수 있는 제품입니다. 메인보드에 하나의 PWM 및 ARGB 케이블 연결을 통해 모든 팬을 간편하게 제어할 수 있습니다. 5년의 보증기간(쿨링팬 3년)과 누수보증이 되는 제품으로 안심하고 사용가능한 제품입니다.",
    "parts_price": {
        "CPU": {
            "제품명": "AMD 라이젠5-5세대 7500F",
            "가격": "204,890원",
            "수량": "1"
        },
        "메인보드": {
            "제품명": "GIGABYTE B650M AORUS ELITE AX ICE 피씨디렉트",
            "가격": "307,940원",
            "수량": "1"
        },
        "메모리": {
            "제품명": "OLOy DDR5-6000 CL32 BLADE RGB MIRROR 패키지)하이닉스 A다이 언락 제품! 32GB",
            "가격": "194,120원",
            "수량": "1"
        },
        "그래픽카드": {
            "제품명": "ASUS DUAL 지포스 RTX 4070 O12G OC D6X 12GB White",
            "가격": "926,190원",
            "수량": "1"
        },
        "SSD": {
            "제품명": "Western Digital WD BLACK SN850X M.2 NVMe 1TB",
            "가격": "131,570원",
            "수량": "1"
        },
        "케이스": {
            "제품명": "몬스타 가츠 X620A 리버스 화이트",
            "가격": "65,340원",
            "수량": "1"
        },
        "파워서플라이": {
            "제품명": "topower Guardian TOP-700DG Single Rail 80PLUS BRONZE WHITE",
            "가격": "75,000원",
            "수량": "1"
        },
        "CPU쿨러": {
            "제품명": "JONSBO TG-360 ARGB",
            "가격": "86,080원",
            "수량": "1"
        }
    },
    "total_price": "1991130원",
    "CPU": "AMD 라이젠5-5세대 7500F (라파엘) (멀티팩(정품))",
    "Motherboard": "GIGABYTE B650M AORUS ELITE AX ICE 피씨디렉트",
    "Graphic Card": "ASUS DUAL 지포스 RTX 4070 O12G OC D6X 12GB White",
    "SSD": "Western Digital WD BLACK SN850X M.2 NVMe (1TB)",
    "Memory": "OLOy DDR5-6000 CL32 BLADE RGB MIRROR 패키지 (32GB(16Gx2))하이닉스 A다이 언락 제품!",
    "Power Supply": "topower Guardian TOP-700DG Single Rail 80PLUS BRONZE WHITE",
    "CPU Cooler": "JONSBO TG-360 ARGB (WHITE)",
    "cpu_score": 355,
    "gpu_score": 4,
    "performance_grade": "중성능",
    "cpu_benchmarkscore": 26926,
    "gpu_benchmarkscore": 31768
}