{
    "quote_number": "2079",
    "quote_title": "언리얼 큐베이스 마야 라이젠 7950X + RTX 4070 윈도우포함 모니터포함 작업용 컴퓨터 견적",
    "date_create": "2024.4.9",
    "cpu_gpu_combinations": "라이젠9 7950X + RTX 4070 조합",
    "quotation_summary": " 라이젠 7950X / RTX 4070 / RAM 32GB / SSD 1TB+1TB / 윈도우포함 / 모니터포함# 작업용# 윈도우포함# 모니터포함# 언리얼작업# 마야# 큐베이스# 3D작업",
    "quote_person_introduction": "안녕하세요. 로카프입니다.우리 주변에는 아직 컴퓨터 견적구성을 어떻게 할 지 몰라 고민에 빠지는 분들이 많이 계십니다.성능은 괜찮을까? 고장은 나지 않을까? 가격은 괜찮은건가? 이런 고민들을 한 번쯤은 해보셨을 겁니다.용도에 알맞는 성능과 합리적인 가격, 최우선으로 안정성과 신뢰도 높은 부품들로 구성된 견적을 추천해드리겠습니다.컴퓨터를 처음 알아보시는 분들의 입장에서 생각하고 견적을 구성해드리는 견적맨이 되겠습니다.",
    "quote_feedback": "300만원 안쪽으로 사용하시려는 프로그램 고려해서 윈도우와 모니터포함라이젠 7950X + RTX 4070 조합의 견적 구성 도와드렸습니다.언리얼이나 큐베이스 작업 등을 고려하여 16코어 32쓰레드 라이젠 7950X CPU로 선택했으며메인보드는 충분한 전원부성능 가진 제품으로 구성해드렸습니다.DDR5메모리는 SK하이닉스 칩 사용한 제품 보시는 게 좋으며 16GB 2장 총 32GB 구성해드렸습니다.SSD는 PCIe 4.0 규격의 스펙 좋은 1TB 제품 2장으로 총 2TB 구성해드렸으며그래픽카드는 예산에 맞춰 3팬 구성의 RTX 4070 선택했습니다.모니터는 가성비로 27인치 QHD IPS 색재현율 좋은 제품 포함해드렸습니다.",
    "computer_estimate_data": "[CPU]AMD 라이젠9-5세대 7950X (라파엘) (멀티팩(정품))상세보기[메인보드]ASRock B650 PG Lightning 대원씨티에스상세보기[메모리]ADATA DDR5-5600 CL46-45-45 (16GB) x 2 개상세보기[그래픽카드]inno3D iChiLL 지포스 RTX 4070 D6X 12GB X3상세보기[SSD]Western Digital WD BLACK SN850X M.2 NVMe (1TB) x 2 개상세보기[케이스]DARKFLASH DLX21 RGB MESH 강화유리 블랙 (미들타워)상세보기[파워서플라이]쿨러마스터 G800 GOLD상세보기[CPU쿨러]쿨러마스터 MASTERLIQUID 360 ATMOS (BLACK)상세보기[소프트웨어]Microsoft Windows 11 Home (처음사용자용 한글)상세보기[모니터]크로스오버 27QC7 IPS 75 일타 QHD 무결점상세보기[쿨러.튜닝.조명.액세서리]케이엘시스템 KLcom M.2 2280 방열판 (BLACK)상세보기[조립PC관련][견적왕] 조립 서비스 + 1년 출장 A/S상세보기",
    "quote_description": "[조립PC관련]수랭 쿨러 조립 추가 비용상세보기CPU는 16코어 32쓰레드 구조로 많은 코어수를 활용하여 뛰어난 작업 성능을 발휘하는 라이젠 7950X입니다. 또한 AVX-512 명령어를 지원해 복잡하고 많은 연산이 요구되는 금융 분석, 시뮬레이션, 모델링과 같은 고성능 컴퓨팅/딥러닝 연산 영역에서 더욱 뛰어납니다.메인보드는 840A급 드라이버모스펫 채용으로 전원부 성능이 매우 뛰어나 라이젠 7000시리즈 어떤 CPU와도 구성 할 수 있는 제품입니다. 또한, ATX 사이즈 메인보드로 확장성 역시 매우 좋습니다.메모리는 라이프워런티정책으로 A/S정책 좋은 ADATA 5600클럭 JEDEC 표준 일반램입니다.그래픽카드는 FHD 게이밍 끝판왕인 RTX 4070이며 3팬 제품입니다. 아이노비아 프리미엄 서비스를 통해 불량 발생 시 시리얼 기준 최대 12개월 이내라면 새 제품 교환을 진행하며, 단종된 제품은 동급 수준의 새 제품으로 교체해드리는 서비스를 받을 수 있습니다. 보조전원규격은 8핀이 아닌 12VHPWR이므로 참고하시기 바랍니다.SSD는 최대읽기속도 7,300MB/s 최대쓰기속도 6,300MB/s를 자랑하는 최상위권 PCIe 4.0 SSD인 SN850X입니다. WD BLACK SSD 대시보드를 통해 게임모드 이용 시 SSD의 저전력모드를 비활성화시켜 최고의 퍼포먼스를 발휘할 수 있습니다.케이스는 많은 소비자들로부터 꾸준한 사랑을 받고있는 DLX 21 MESH입니다. 140mm 전면팬 3개와 140mm 후면팬 1개 기본구성에 상단 3열 수랭쿨러 호환도 문제없으며 호환길이 CPU공랭쿨러 180mm / 그래픽카드 400mm의 뛰어난 호환성도 장점입니다.파워서플라이는 800W 골드등급의 제품으로 시스템에 안정적으로 전원 공급가능한 용량이며, 쿨러마스터 제품 역시 A/S 정책이 좋습니다.CPU쿨러는 360수랭쿨러 쿨링성능 최상위권의 쿨러마스터 360 ATMOS이며 인텔 i5 ~ i9, 라이젠 7000시리즈 X붙은 CPU들과 구성하기에 알맞는 제품입니다.소프트웨어는 처음사용자용 제품이라 추후 PC를 바꾸시더라도 다시 윈도우를 구매하실 필요 없이 기존 시리얼키로 인증하신 뒤 재사용이 가능합니다. 단, 시리얼키 하나 당 PC 1대만 사용이 가능한 점은 동일합니다.쿨러.튜닝.조명.액세서리는 가격 부담 크지 않은 M.2 SSD 방열판입니다. 메인보드에 M.2 SSD 방열판이 기본적으로 구성되어있지 않거나 갯수가 부족할 때 사용하시면 좋습니다.",
    "parts_price": {
        "CPU": {
            "제품명": "AMD 라이젠9-5세대 7950X)",
            "가격": "892,970원",
            "수량": "1"
        },
        "메인보드": {
            "제품명": "ASRock B650 PG Lightning 대원씨티에스",
            "가격": "147,900원",
            "수량": "1"
        },
        "메모리": {
            "제품명": "ADATA DDR5-5600 CL46-45-45  16GB",
            "가격": "64,700원",
            "수량": "2"
        },
        "그래픽카드": {
            "제품명": "inno3D iChiLL 지포스 RTX 4070 D6X 12GB X3",
            "가격": "1,222,000원",
            "수량": "1"
        },
        "SSD": {
            "제품명": "Western Digital WD BLACK SN850X M.2 NVMe x 2 개 1TB",
            "가격": "505,140원",
            "수량": "2"
        },
        "케이스": {
            "제품명": "DARKFLASH DLX21 RGB MESH 강화유리 블랙",
            "가격": "93,500원",
            "수량": "1"
        },
        "파워서플라이": {
            "제품명": "쿨러마스터 G800 GOLD",
            "가격": "89,990원",
            "수량": "1"
        },
        "CPU쿨러": {
            "제품명": "쿨러마스터 MASTERLIQUID 360 ATMOS",
            "가격": "178,000원",
            "수량": "1"
        },
        "소프트웨어": {
            "제품명": "Microsoft Windows 11 Home",
            "가격": "173,720원",
            "수량": "1"
        },
        "모니터": {
            "제품명": "크로스오버 27QC7 IPS 75 일타 QHD 무결점",
            "가격": "164,000원",
            "수량": "1"
        },
        "쿨러.튜닝.조명.액세서리": {
            "제품명": "케이엘시스템 KLcom M.2 2280 방열판",
            "가격": "1,260원",
            "수량": "1"
        }
    },
    "total_price": "4103020원",
    "CPU": "AMD 라이젠9-5세대 7950X (라파엘) (멀티팩(정품))",
    "Motherboard": "ASRock B650 PG Lightning 대원씨티에스",
    "Graphic Card": "inno3D iChiLL 지포스 RTX 4070 D6X 12GB X3",
    "SSD": "Western Digital WD BLACK SN850X M.2 NVMe (1TB) x 2 개",
    "Memory": "ADATA DDR5-5600 CL46-45-45 (16GB) x 2 개",
    "Power Supply": "쿨러마스터 G800 GOLD",
    "CPU Cooler": "쿨러마스터 MASTERLIQUID 360 ATMOS (BLACK)",
    "cpu_score": 60,
    "gpu_score": 4,
    "performance_grade": "고성능",
    "cpu_benchmarkscore": 62909,
    "gpu_benchmarkscore": 31768
}