{
    "quote_number": "2106",
    "quote_title": "3D작업 C4D 블렌더 지브러쉬 레드쉬프트 라이젠 7900 + RTX 4070Ti 화이트감성 작업용 컴퓨터 견적",
    "date_create": "2024.2.29",
    "cpu_gpu_combinations": "라이젠9 7900 + RTX 4070 Ti SUPER 조합",
    "quotation_summary": " 라이젠 7900 / RTX 4070Ti SUPER / RAM 32GB / SSD 1TB# 작업용# 화이트감성# 3D작업# 블렌더# 레드쉬프트# C4D# 지브러쉬# 어도비",
    "quote_person_introduction": "안녕하세요. 로카프입니다.우리 주변에는 아직 컴퓨터 견적구성을 어떻게 할 지 몰라 고민에 빠지는 분들이 많이 계십니다.성능은 괜찮을까? 고장은 나지 않을까? 가격은 괜찮은건가? 이런 고민들을 한 번쯤은 해보셨을 겁니다.용도에 알맞는 성능과 합리적인 가격, 최우선으로 안정성과 신뢰도 높은 부품들로 구성된 견적을 추천해드리겠습니다.컴퓨터를 처음 알아보시는 분들의 입장에서 생각하고 견적을 구성해드리는 견적맨이 되겠습니다.",
    "quote_feedback": "RTX 4070Ti 단종으로 인해 ﻿24.02.29 부로 견적서 구성 그래픽카드가 RTX 4070Ti SUPER로 변경되었습니다.12코어 24쓰레드 구성의 상급 듀얼타워공랭쿨러로 사용가능한 라이젠 7900과VRAM 16GB 용량의 RTX 4070Ti SUPER를 조합한 견적입니다.수랭쿨러 사용을 꺼리시는 분들께 추천해드릴 수 있는 라이젠 7900이며메인보드는 WIFI와 블루투스 기능을 기본으로 탑재한 제품으로 해당기능이 필요하신 분들께 적합한 구성입니다.메모리는 16GB 2장 총 32GB 용량으로 구성해드렸으며SSD는 PCIe4.0 규격의 스펙 좋은 1TB 제품으로 선택했습니다.그래픽카드는 가장 고가의 부품인만큼 A/S퀄리티 좋은 제품 사용 추천드리며파워는 750W 용량이면 충분한 용량입니다.",
    "computer_estimate_data": "[CPU]AMD 라이젠9-5세대 7900 (라파엘) (멀티팩(정품))상세보기[메인보드]GIGABYTE B650M AORUS ELITE AX ICE 피씨디렉트상세보기[메모리]TeamGroup DDR5-5600 CL46 Elite 패키지 (32GB(16Gx2))상세보기[그래픽카드]ZOTAC 지포스 RTX 4070 Ti SUPER Trinity OC D6X 16GB White상세보기[SSD]Western Digital WD BLACK SN850X M.2 NVMe (1TB)상세보기[케이스]DARKFLASH DRX70 MESH RGB 강화유리 화이트 (미들타워)상세보기[파워서플라이]NEWZEN SKULL 750SM MODULAR ATX 3.0 80PLUS GOLD WHITE (PCIE5)상세보기[CPU쿨러]Thermalright Peerless Assassin 120 SE WHITE ARGB 서린상세보기[조립PC관련][견적왕] 조립 서비스 + 1년 출장 A/S상세보기",
    "quote_description": "CPU는 12코어 24쓰레드 구조로 많은 코어수를 활용하여 뛰어난 작업 성능을 발휘하는 라이젠 7900입니다. 또한 AVX-512 명령어를 지원해 복잡하고 많은 연산이 요구되는 금융 분석, 시뮬레이션, 모델링과 같은 고성능 컴퓨팅/딥러닝 연산 영역에서 더욱 뛰어납니다.메인보드는 720A급의 전원부성능을 가졌으며 WIFI와 블루투스기능을 탑재한 B650칩셋의 제품입니다. 전체적으로 전원부 방열판과 M.2 SSD 방열판이 잘 구성되어있으며 기판까지 화이트색상이 적용된 디자인을 가지고있습니다.메모리는 라이프워런티정책으로 제품 단종 시까지 서비스받을 수 있는 팀그룹 DDR5 표준 일반램으로 16GB 2장이 하나로 구성된 패키지입니다.그래픽카드는 RTX 4070Ti 대비 약 5% 정도 게임성능 좀 더 좋으며 QHD 게이밍도 노려볼 수 있을만큼 성능이 매우 좋은 4070 Ti SUPER입니다. 더불어 ZOTAC사 제품으로 A/S 걱정에서 자유로울 수 있으며, 구매 후 14일 이내 제품 등록 시 무상 3년 보증에 추가로 2년 확대보증 서비스를 제공하여 오래도록 사용할 수 있습니다.SSD는 최대읽기속도 7,300MB/s 최대쓰기속도 6,300MB/s를 자랑하는 최상위권 PCIe 4.0 SSD인 SN850X입니다. WD BLACK SSD 대시보드를 통해 게임모드 이용 시 SSD의 저전력모드를 비활성화시켜 최고의 퍼포먼스를 발휘할 수 있습니다.케이스는 전면 먼지필터 분리가 간편해 청소가 용이하고 나사없이 측면 강화유리 탈부착이 가능한 DRX70입니다. 케이스팬 4개를 제공하고 CPU쿨러 최대호환가능높이 180mm, 그래픽카드 최대호환가능길이 355mm로 내부공간도 넓은 편입니다.파워서플라이는 고주파증상도 원활한 A/S받을 수 있는 SKULL 제품으로 12VHPWR 케이블도 있어 RTX 4000번대 상위 제품 구성 시 깔끔하게 연결가능합니다.CPU쿨러는 듀얼타워공랭쿨러 가운데 탁월한 쿨링성능과 정숙성을 보여주는 Peerless Assassin 120 SE 제품입니다. 더불어 해당 제품은 ARGB 기능 탑재로 RGB 컨트롤이 가능합니다.",
    "parts_price": {
        "CPU": {
            "제품명": "AMD 라이젠9-5세대 7900",
            "가격": "523,320원",
            "수량": "1"
        },
        "메인보드": {
            "제품명": "GIGABYTE B650M AORUS ELITE AX ICE 피씨디렉트",
            "가격": "307,930원",
            "수량": "1"
        },
        "메모리": {
            "제품명": "TeamGroup DDR5-5600 CL46 Elite 패키지) 32GB",
            "가격": "124,800원",
            "수량": "1"
        },
        "그래픽카드": {
            "제품명": "ZOTAC 지포스 RTX 4070 Ti SUPER Trinity OC D6X 16GB White",
            "가격": "1,214,700원",
            "수량": "1"
        },
        "SSD": {
            "제품명": "Western Digital WD BLACK SN850X M.2 NVMe 1TB",
            "가격": "131,570원",
            "수량": "1"
        },
        "케이스": {
            "제품명": "DARKFLASH DRX70 MESH RGB 강화유리 화이트",
            "가격": "49,760원",
            "수량": "1"
        },
        "파워서플라이": {
            "제품명": "NEWZEN SKULL 750SM MODULAR ATX 3.0 80PLUS GOLD WHITE",
            "가격": "124,830원",
            "수량": "1"
        },
        "CPU쿨러": {
            "제품명": "Thermalright Peerless Assassin 120 SE WHITE ARGB 서린",
            "가격": "43,243원",
            "수량": "1"
        }
    },
    "total_price": "2520153원",
    "CPU": "AMD 라이젠9-5세대 7900 (라파엘) (멀티팩(정품))",
    "Motherboard": "GIGABYTE B650M AORUS ELITE AX ICE 피씨디렉트",
    "Graphic Card": "ZOTAC 지포스 RTX 4070 Ti SUPER Trinity OC D6X 16GB White",
    "SSD": "Western Digital WD BLACK SN850X M.2 NVMe (1TB)",
    "Memory": "TeamGroup DDR5-5600 CL46 Elite 패키지 (32GB(16Gx2))",
    "Power Supply": "NEWZEN SKULL 750SM MODULAR ATX 3.0 80PLUS GOLD WHITE (PCIE5)",
    "CPU Cooler": "Thermalright Peerless Assassin 120 SE WHITE ARGB 서린",
    "cpu_score": 107,
    "gpu_score": 4,
    "performance_grade": "고성능",
    "cpu_benchmarkscore": 51896,
    "gpu_benchmarkscore": 31768
}