{
    "quote_number": "2258",
    "quote_title": "스팀게임 로스트아크 라이젠 5700X3D + RTX 4070Ti QHD 게이밍 컴퓨터 견적",
    "date_create": "2024.3.27",
    "cpu_gpu_combinations": "라이젠7 5700X3D + RTX 4070 Ti SUPER 조합",
    "quotation_summary": " 라이젠 5700X3D / RTX 4070Ti SUPER / RAM 32GB / SSD 1TB# QHD 게이밍# FHD 게이밍# 스팀게임# 로아# 배그# 옵치",
    "quote_person_introduction": "안녕하세요. 로카프입니다.우리 주변에는 아직 컴퓨터 견적구성을 어떻게 할 지 몰라 고민에 빠지는 분들이 많이 계십니다.성능은 괜찮을까? 고장은 나지 않을까? 가격은 괜찮은건가? 이런 고민들을 한 번쯤은 해보셨을 겁니다.용도에 알맞는 성능과 합리적인 가격, 최우선으로 안정성과 신뢰도 높은 부품들로 구성된 견적을 추천해드리겠습니다.컴퓨터를 처음 알아보시는 분들의 입장에서 생각하고 견적을 구성해드리는 견적맨이 되겠습니다.",
    "quote_feedback": "RTX 4070Ti 단종으로 인해 ﻿24.02.29 부로 견적서 구성 그래픽카드가 RTX 4070Ti SUPER로 변경되었습니다.화이트감성 챙기고 어항케이스 포함해서5700X3D + RTX 4070Ti SUPER 조합의 견적 구성 도와드렸습니다.5700X3D CPU는 3D V캐시 적용으로 캐시 메모리 용량이 커서 게임성능이 매우 좋은 제품이며특히 로스트아크, 검은사막과 같은 MMORPG계열 게임에서의 성능이 두드러집니다.메모리는 3600클럭 화이트 튜닝램으로 16GB 2장 총 32GB 맞춰드렸으며그래픽카드는 A/S퀄리티 좋은 이엠텍, 조텍, 갤럭시, inno3D 제품 사용 추천드립니다.SSD는 PCIe4.0 규격 제품 중 스펙 좋은 1TB 제품이며파워는 12VHPWR케이블 기본으로 구성되어있는 850W 파워 선택했습니다.CPU쿨러는 어항케이스 감성에 맞춰 가성비 좋은 3열수랭쿨러로 마무리했습니다.",
    "computer_estimate_data": "[CPU]AMD 라이젠7-4세대 5700X3D (버미어) (멀티팩(정품))상세보기[메인보드]MSI B550M PRO-VDH WIFI상세보기[메모리]TeamGroup T-Force DDR4 32G PC4-28800 CL18 Delta RGB 화이트 (16Gx2) 서린상세보기[그래픽카드]ZOTAC 지포스 RTX 4070 Ti SUPER Trinity OC D6X 16GB White상세보기[SSD]Western Digital WD BLACK SN850X M.2 NVMe (1TB)상세보기[케이스]몬스타 가츠 X620A 리버스 화이트 (미들타워)상세보기[파워서플라이]NEWZEN SKULL 850SM MODULAR ATX 3.0 80PLUS GOLD WHITE (PCIE5)상세보기[CPU쿨러]JONSBO TG-360 ARGB (WHITE)상세보기[조립PC관련][견적왕] 조립 서비스 + 1년 출장 A/S상세보기",
    "quote_description": "[조립PC관련]수랭 쿨러 조립 추가 비용상세보기CPU는 8코어 16쓰레드 구성에 3D V캐시 적용으로 캐시메모리 용량이 커 게임성능이 매우 좋은 라이젠 5700X3D입니다. 내장그래픽이 없으므로 반드시 그래픽카드 구성이 필요합니다.메인보드는 PCIe4.0까지 지원하는 B550칩셋 제품으로 WIFI와 블루투스 기능 또한 탑재하고 있습니다. M.2 SSD 방열판이 기본적으로 1개 구성되어있고, USB C타입 전면 헤더 또한 제공하고 있어 케이스 전면포트선과 연결하여 사용가능합니다.메모리는 DDR4 규격의 팀그룹사 3600클럭 화이트색상 32GB 튜닝램 패키지입니다. 16GB 2장으로 구성되어있으며 라이프타임워런티로 제품 단종 시까지 서비스를 지원합니다.그래픽카드는 RTX 4070Ti 대비 약 5% 정도 게임성능 좀 더 좋으며 QHD 게이밍도 노려볼 수 있을만큼 성능이 매우 좋은 4070 Ti SUPER입니다. 더불어 ZOTAC사 제품으로 A/S 걱정에서 자유로울 수 있으며, 구매 후 14일 이내 제품 등록 시 무상 3년 보증에 추가로 2년 확대보증 서비스를 제공하여 오래도록 사용할 수 있습니다.SSD는 최대읽기속도 7,300MB/s 최대쓰기속도 6,300MB/s를 자랑하는 최상위권 PCIe 4.0 SSD인 SN850X입니다. WD BLACK SSD 대시보드를 통해 게임모드 이용 시 SSD의 저전력모드를 비활성화시켜 최고의 퍼포먼스를 발휘할 수 있습니다.케이스는 흔히 어항케이스라고 불리우는 디자인이 적용된 X620A 리버스입니다. CPU쿨러 최대호환가능높이 165mm, 그래픽카드 최대호환가능길이 430mm 제원을 가졌으며 ATX 사이즈 메인보드까지 호환가능한 미들타워 제품입니다. 측면 120mm 기본팬 3개, 후면 120mm 기본팬 1개 총 4개를 제공하며 ARGB를 지원하여 메인보드 제조사 프로그램을 통해 색상 조정이 가능합니다.파워서플라이는 무상보증기간 10년, 고주파증상도 원활하게 A/S받을 수 있는 SKULL 850W 골드급 ATX3.0 사양의 제품입니다.CPU쿨러는 3열 일체형 수랭쿨러로 히든 케이블 시스템을 통해 외부 케이블 노출 없이 각각의 팬 쿨러간 직접 연결되어 깔끔한 외관으로 완성할 수 있는 제품입니다. 메인보드에 하나의 PWM 및 ARGB 케이블 연결을 통해 모든 팬을 간편하게 제어할 수 있습니다. 5년의 보증기간(쿨링팬 3년)과 누수보증이 되는 제품으로 안심하고 사용가능한 제품입니다.",
    "parts_price": {
        "CPU": {
            "제품명": "AMD 라이젠7-4세대 5700X3D",
            "가격": "287,900원",
            "수량": "1"
        },
        "메인보드": {
            "제품명": "MSI B550M PRO-VDH WIFI",
            "가격": "127,200원",
            "수량": "1"
        },
        "메모리": {
            "제품명": "TeamGroup T-Force DDR4 32G PC4-28800 CL18 Delta RGB 화이트 서린",
            "가격": "125,990원",
            "수량": "1"
        },
        "그래픽카드": {
            "제품명": "ZOTAC 지포스 RTX 4070 Ti SUPER Trinity OC D6X 16GB White",
            "가격": "1,214,700원",
            "수량": "1"
        },
        "SSD": {
            "제품명": "Western Digital WD BLACK SN850X M.2 NVMe 1TB",
            "가격": "131,570원",
            "수량": "1"
        },
        "케이스": {
            "제품명": "몬스타 가츠 X620A 리버스 화이트",
            "가격": "65,340원",
            "수량": "1"
        },
        "파워서플라이": {
            "제품명": "NEWZEN SKULL 850SM MODULAR ATX 3.0 80PLUS GOLD WHITE",
            "가격": "139,350원",
            "수량": "1"
        },
        "CPU쿨러": {
            "제품명": "JONSBO TG-360 ARGB",
            "가격": "86,080원",
            "수량": "1"
        }
    },
    "total_price": "2178130원",
    "CPU": "AMD 라이젠7-4세대 5700X3D (버미어) (멀티팩(정품))",
    "Motherboard": "MSI B550M PRO-VDH WIFI",
    "Graphic Card": "ZOTAC 지포스 RTX 4070 Ti SUPER Trinity OC D6X 16GB White",
    "SSD": "Western Digital WD BLACK SN850X M.2 NVMe (1TB)",
    "Memory": "TeamGroup T-Force DDR4 32G PC4-28800 CL18 Delta RGB 화이트 (16Gx2) 서린",
    "Power Supply": "NEWZEN SKULL 850SM MODULAR ATX 3.0 80PLUS GOLD WHITE (PCIE5)",
    "CPU Cooler": "JONSBO TG-360 ARGB (WHITE)",
    "cpu_score": 366,
    "gpu_score": 4,
    "performance_grade": "중성능",
    "cpu_benchmarkscore": 26265,
    "gpu_benchmarkscore": 31768
}