{
    "quote_number": "2262",
    "quote_title": "[인텔] FHD 고사양 게이밍PC 14400F+RTX 4060 Ti",
    "date_create": "2024.3.12",
    "cpu_gpu_combinations": "코어i5-14400F + RTX 4060 Ti 조합",
    "quotation_summary": " FHD 고사양 인텔 게이밍PC 14400F+RTX 4060 Ti# 가성비# 14400F# RTX 4060 Ti# 게이밍PC# FHD",
    "quote_person_introduction": "안녕하세요! 견적왕 견적맨 Mr.홍금보 입니다.퀘이사존 다년간 좋은 인지도로 굳게 자리 잡았으며,저렴하다고 제품이 다 좋거나 가성비가 좋은건 아닙니다!합리적인 구매를 하실 수 있게 검증된 제품으로만 판매를 하고 구성을 하고 있으며,기본적으로 A/S가 좋지 않은 곳은 걸러서 구성하고 있습니다.믿고 맡겨주신다면, 그에 부응하도록 최선을 다할것을 굳게 약속 드리겠습니다!",
    "quote_feedback": "FHD 인텔 구성의 게이밍 PC13세대와 가격차이가 별로 없어 14세대로 구성이 메리트가 생겼으며 로아, 배그 등 고사양 온라인게임도 문제없이 가능",
    "computer_estimate_data": "[CPU]인텔 코어i5-14세대 14400F (랩터레이크 리프레시) (정품)상세보기[메인보드]ASRock B760M PG LIGHTNING D5 에즈윈상세보기[메모리]ADATA DDR5-5600 CL46 (16GB)하이닉스 A다이 언락 제품! x 2 개상세보기[그래픽카드]ZOTAC GAMING 지포스 RTX 4060 Ti TWIN Edge D6 8GB상세보기[SSD]마이크론 Crucial T500 M.2 NVMe 대원씨티에스 (1TB)상세보기[케이스]DAVEN D6 MESH 강화유리 블랙 (미들타워)상세보기[파워서플라이]마이크로닉스 Classic II 풀체인지 600W 80PLUS BRONZE 230V EU상세보기[CPU쿨러]DARKFLASH Ellsworth S21 ARGB (블랙)상세보기[조립PC관련][견적왕] 조립 서비스 + 1년 출장 A/S상세보기",
    "quote_description": "CPU는 P6+E4코어 12+4쓰레드 14세대 인텔 i5 CPU 13400F와 비슷해진 가격!메인보드는 가성비 인텔 메인보드!메모리는 믿고 쓰는 하이닉스 A다이 언락 제품!그래픽카드는 뛰어난 전성비! 모자람 없는 성능!SSD는 가성비 PCIe 4.0 SSD!케이스는 이 가격에 이정도 호환성?! 가성비PC의 필수!CPU쿨러는 가성비? 뭘 또 다른걸 보시나요! 이걸로 하세요!",
    "parts_price": {
        "CPU": {
            "제품명": "인텔 코어i5-14세대 14400F",
            "가격": "279,570원",
            "수량": "1"
        },
        "메인보드": {
            "제품명": "ASRock B760M PG LIGHTNING D5 에즈윈",
            "가격": "157,420원",
            "수량": "1"
        },
        "메모리": {
            "제품명": "ADATA DDR5-5600 CL46하이닉스 A다이 언락 제품!  16GB",
            "가격": "143,930원",
            "수량": "2"
        },
        "그래픽카드": {
            "제품명": "ZOTAC GAMING 지포스 RTX 4060 Ti TWIN Edge D6 8GB",
            "가격": "539,000원",
            "수량": "1"
        },
        "SSD": {
            "제품명": "마이크론 Crucial T500 M.2 NVMe 대원씨티에스 1TB",
            "가격": "128,000원",
            "수량": "1"
        },
        "케이스": {
            "제품명": "DAVEN D6 MESH 강화유리 블랙",
            "가격": "36,890원",
            "수량": "1"
        },
        "파워서플라이": {
            "제품명": "마이크로닉스 Classic II 풀체인지 600W 80PLUS BRONZE 230V EU",
            "가격": "57,400원",
            "수량": "1"
        },
        "CPU쿨러": {
            "제품명": "DARKFLASH Ellsworth S21 ARGB",
            "가격": "27,090원",
            "수량": "1"
        }
    },
    "total_price": "1513230원",
    "CPU": "인텔 코어i5-14세대 14400F (랩터레이크 리프레시) (정품)",
    "Motherboard": "ASRock B760M PG LIGHTNING D5 에즈윈",
    "Graphic Card": "ZOTAC GAMING 지포스 RTX 4060 Ti TWIN Edge D6 8GB",
    "SSD": "마이크론 Crucial T500 M.2 NVMe 대원씨티에스 (1TB)",
    "Memory": "ADATA DDR5-5600 CL46 (16GB)하이닉스 A다이 언락 제품! x 2 개",
    "Power Supply": "마이크로닉스 Classic II 풀체인지 600W 80PLUS BRONZE 230V EU",
    "CPU Cooler": "DARKFLASH Ellsworth S21 ARGB (블랙)",
    "cpu_score": 361,
    "gpu_score": 32,
    "performance_grade": "중성능",
    "cpu_benchmarkscore": 26597,
    "gpu_benchmarkscore": 22891
}