{
    "quote_number": "2311",
    "quote_title": "코어i7-14700KF + nVIDIA RTX 4060",
    "date_create": "2024.1.30",
    "cpu_gpu_combinations": "코어i7-14700KF + RTX 4060 조합",
    "quotation_summary": " 코어i7-14700KF + nVIDIA RTX 4060# 작업",
    "quote_person_introduction": "안녕하세요! 인벤에서 주로 활동하고 있는 Skywalkers입니다.가성비와 성능비 그리고 감성비까지 모두 고려해서 가장 합리적인 구성을 찾을 수 있도록 추천을 드리겠습니다.",
    "quote_feedback": "1. 인텔은 12세대부터 벌크도 정품과 동일한 3년 무상 AS를 제공합니다.정품 박스가 꼭 필요한 것이 아니라면 벌크로 구성하는 것이 보다 효율적입니다. 14700KF 벌크로 변경2. 메인보드는 B760 칩셋으로는 i7 14700KF를 버티기 어렵습니다. 1440A급 출력의 드라이버 모스펫 전원부가 적용되어서 14세대 CPU와 함께 새롭게 출시된 GIGABYTE Z790 AORUS ELITE X 피씨디렉트로 변경3. 메모리는 라이프타임 워런티로 압도적인 AS기간을 제공하는 팀그룹 5600MHz 고클럭 규격램 32기가 2개 64기가로 변경4. SSD는 최근에 출시된 젠4 규격의 끝판왕이라고 할 수 있는 마이크론 Crucial T500 M.2 NVMe 대원씨티에스 (2TB)로 변경5. 구성한 케이스는 상단에 3열 수냉쿨러 장착이 불가능합니다.상단 3열 수냉쿨러 장착이 가능하고 원터치 스냅도어 방식에 C타입 포트 등을 적용하고도 가격을 대폭 인하하여 새롭게 출시된 갓성비 수준의 제품인 3RSYS L700 LITE (미들타워)로 변경6. 파워는 정격 800W 골드인증 제품인 쿨러마스터 G800 GOLD로 변경해서 안정성과 가성비를 모두 챙겼습니다.참고해서 합리적인 구매하시기 바랍니다.",
    "computer_estimate_data": "[CPU]코어i7-14세대 14700KF (랩터레이크)(벌크)상세보기[메인보드]GIGABYTE Z790 AORUS ELITE X 피씨디렉트상세보기[메모리]TeamGroup DDR5-5600 CL46 Elite 서린 (32GB) x 2 개상세보기[그래픽카드]ZOTAC GAMING 지포스 RTX 4060 TWIN Edge OC D6 8GB상세보기[SSD]마이크론 Crucial T500 M.2 NVMe 대원씨티에스 (2TB)상세보기[케이스]3RSYS L700 LITE (미들타워)상세보기[파워서플라이]쿨러마스터 G800 GOLD상세보기[CPU쿨러]DARKFLASH NEBULA DN-360 ARGB (블랙)상세보기[조립PC관련][견적왕] 조립 서비스 + 1년 출장 A/S상세보기",
    "quote_description": "[조립PC관련]수랭 쿨러 조립 추가 비용상세보기파워서플라이는 안정성과 가성비를 겸비한 골드인증 800W 파워",
    "parts_price": {
        "CPU": {
            "제품명": "코어i7-14세대 14700KF",
            "가격": "529,900원",
            "수량": "1"
        },
        "메인보드": {
            "제품명": "GIGABYTE Z790 AORUS ELITE X 피씨디렉트",
            "가격": "337,730원",
            "수량": "1"
        },
        "메모리": {
            "제품명": "TeamGroup DDR5-5600 CL46 Elite 서린  32GB",
            "가격": "115,870원",
            "수량": "2"
        },
        "그래픽카드": {
            "제품명": "ZOTAC GAMING 지포스 RTX 4060 TWIN Edge OC D6 8GB",
            "가격": "406,990원",
            "수량": "1"
        },
        "SSD": {
            "제품명": "마이크론 Crucial T500 M.2 NVMe 대원씨티에스 2TB",
            "가격": "229,490원",
            "수량": "1"
        },
        "케이스": {
            "제품명": "3RSYS L700 LITE",
            "가격": "58,290원",
            "수량": "1"
        },
        "파워서플라이": {
            "제품명": "쿨러마스터 G800 GOLD",
            "가격": "89,990원",
            "수량": "1"
        },
        "CPU쿨러": {
            "제품명": "DARKFLASH NEBULA DN-360 ARGB",
            "가격": "81,680원",
            "수량": "1"
        }
    },
    "total_price": "1965810원",
    "CPU": "코어i7-14세대 14700KF (랩터레이크)(벌크)",
    "Motherboard": "GIGABYTE Z790 AORUS ELITE X 피씨디렉트",
    "Graphic Card": "ZOTAC GAMING 지포스 RTX 4060 TWIN Edge OC D6 8GB",
    "SSD": "마이크론 Crucial T500 M.2 NVMe 대원씨티에스 (2TB)",
    "Memory": "TeamGroup DDR5-5600 CL46 Elite 서린 (32GB) x 2 개",
    "Power Supply": "쿨러마스터 G800 GOLD",
    "CPU Cooler": "DARKFLASH NEBULA DN-360 ARGB (블랙)",
    "cpu_score": 98,
    "gpu_score": 32,
    "performance_grade": "고성능",
    "cpu_benchmarkscore": 53708,
    "gpu_benchmarkscore": 22891
}