{
    "quote_number": "2327",
    "quote_title": "AMD 라이젠5-5세대 7500F (라파엘) + 지포스 RTX 4060",
    "date_create": "2024.1.31",
    "cpu_gpu_combinations": "라이젠5 7500F + RTX 4060 조합",
    "quotation_summary": " AMD 라이젠5-5세대 7500F (라파엘) + 지포스 RTX 4060# 방송",
    "quote_person_introduction": "안녕하세요! 인벤에서 주로 활동하고 있는 Skywalkers입니다.가성비와 성능비 그리고 감성비까지 모두 고려해서 가장 합리적인 구성을 찾을 수 있도록 추천을 드리겠습니다.",
    "quote_feedback": "1. 메모리는 라이프타임 워런티로 압도적인 AS기간을 제공하는 팀그룹 5600MHz 고클럭 규격램 16기가 2개 32기가로 변경ADATA와 팀그룹은 인지도 레벨 자체가 다른 수준입니다. 팀그룹 제품이 더 비싸더라도 추천을 할텐데 지금처럼 가격이 더 저렴하게 되면 고민할 필요없이 팀그룹 메모리로 구성하면 되겠습니다.2. SSD는 5년 무상AS의 갓성비 젠4 제품인 MSI SPATIUM M480 PRO M.2 NVMe (1TB)로 변경읽기속도 : 7,400(MB/s) / 쓰기속도 : 6,800(MB/s)로 최고 수준의 성능이면서 DDR4 1GB 용량의 디램 버퍼 메모리가 적용되어 있습니다.3. 케이스는 강화유리처럼 파손 위험없는 풀아크릴 스윙도어 패널에 6개의 기본 팬을 장착하고 LED OFF 기능까지 적용된 보급형 끝판왕급인 3RSYS R240 블랙 (미들타워)로 변경4. 파워는 정격 600W 브론즈 인증 제품 중에서는 최상위 퀄리티면서 최근 7만원 중후반 대에서 5만원 초반 대로 가격을 대폭 인하하여 갓성비가 된 (마이크로닉스) New Performance 600W 80Plus Bronze Change-up으로 변경5. CPU쿨러는 싱글타워 끝판왕급 성능에 최근 3만원 대에서 만원 중후반대로 가격을 대폭인하해서 갓성비 중에서도 갓성비라고 할 수 있는 3RSYS TEAMMOST TM40으로 변경참고해서 합리적인 구매하시기 바랍니다.",
    "computer_estimate_data": "[CPU]AMD 라이젠5-5세대 7500F (라파엘) (멀티팩(정품))상세보기[메인보드]ASRock B650M PG Lightning 에즈윈상세보기[메모리]TeamGroup DDR5-5600 CL46 Elite 패키지 (32GB(16Gx2))상세보기[그래픽카드]ZOTAC GAMING 지포스 RTX 4060 TWIN Edge OC D6 8GB상세보기[SSD]MSI SPATIUM M480 PRO M.2 NVMe (1TB)상세보기[케이스]3RSYS R240 블랙 (미들타워)상세보기[파워서플라이](마이크로닉스) New Performance 600W 80Plus Bronze Change-up /파워상세보기[CPU쿨러]3RSYS TEAMMOST TM40상세보기[쿨러.튜닝.조명.액세서리]장우컴퍼니 JW-HTK01 M.2 방열판상세보기[조립PC관련][견적왕] 조립 서비스 + 1년 출장 A/S상세보기",
    "quote_description": "",
    "parts_price": {
        "CPU": {
            "제품명": "AMD 라이젠5-5세대 7500F",
            "가격": "204,890원",
            "수량": "1"
        },
        "메인보드": {
            "제품명": "ASRock B650M PG Lightning 에즈윈",
            "가격": "156,010원",
            "수량": "1"
        },
        "메모리": {
            "제품명": "TeamGroup DDR5-5600 CL46 Elite 패키지) 32GB",
            "가격": "124,800원",
            "수량": "1"
        },
        "그래픽카드": {
            "제품명": "ZOTAC GAMING 지포스 RTX 4060 TWIN Edge OC D6 8GB",
            "가격": "406,990원",
            "수량": "1"
        },
        "SSD": {
            "제품명": "MSI SPATIUM M480 PRO M.2 NVMe 1TB",
            "가격": "135,000원",
            "수량": "1"
        },
        "케이스": {
            "제품명": "3RSYS R240 블랙",
            "가격": "37,500원",
            "수량": "1"
        },
        "파워서플라이": {
            "제품명": "New Performance 600W 80Plus Bronze Change-up /파워",
            "가격": "70,000원",
            "수량": "1"
        },
        "CPU쿨러": {
            "제품명": "3RSYS TEAMMOST TM40",
            "가격": "18,800원",
            "수량": "1"
        },
        "쿨러.튜닝.조명.액세서리": {
            "제품명": "장우컴퍼니 JW-HTK01 M.2 방열판",
            "가격": "1,200원",
            "수량": "1"
        }
    },
    "total_price": "1155190원",
    "CPU": "AMD 라이젠5-5세대 7500F (라파엘) (멀티팩(정품))",
    "Motherboard": "ASRock B650M PG Lightning 에즈윈",
    "Graphic Card": "ZOTAC GAMING 지포스 RTX 4060 TWIN Edge OC D6 8GB",
    "SSD": "MSI SPATIUM M480 PRO M.2 NVMe (1TB)",
    "Memory": "TeamGroup DDR5-5600 CL46 Elite 패키지 (32GB(16Gx2))",
    "Power Supply": "(마이크로닉스) New Performance 600W 80Plus Bronze Change-up /파워",
    "CPU Cooler": "3RSYS TEAMMOST TM40",
    "cpu_score": 355,
    "gpu_score": 32,
    "performance_grade": "중성능",
    "cpu_benchmarkscore": 26926,
    "gpu_benchmarkscore": 22891
}