{
    "quote_number": "2346",
    "quote_title": "인텔 코어i5-14세대 14400F + 지포스 RTX 4060",
    "date_create": "2024.1.31",
    "cpu_gpu_combinations": "코어i5-14400F + RTX 4060 조합",
    "quotation_summary": " 인텔 코어i5-14세대 14400F + 지포스 RTX 4060# 작업",
    "quote_person_introduction": "안녕하세요! 인벤에서 주로 활동하고 있는 Skywalkers입니다.가성비와 성능비 그리고 감성비까지 모두 고려해서 가장 합리적인 구성을 찾을 수 있도록 추천을 드리겠습니다.",
    "quote_feedback": "1. 14세대까지 출시가 끝난 상황에서 9세대로 구성하는 것은 추천을 하기가 어렵습니다.9600KF의 경우 6코어 6쓰레드지만 추천드리는 14400F는 10코어 16쓰레드로 연구용으로 사용하기에 월등한 성능을 발휘합니다.12400F는 6코어 12쓰레드라 역시 성능 차이가 존재하죠.2. 메인보드는 DDR4를 지원하는 제품 중에서는 압도적인 가성비를 제공하는 ASRock B760M PG LIGHTNING/D4 대원씨티에스로 구성3. 그래픽카드는 1티어 AS에 2년 추가 RMA포함 총 5년의 무상AS를 제공하고 동일한 제품군에서는 가격적인 메리트도 있는 조택 4060으로 변경4. SSD는 5년 무상AS의 갓성비 젠4 제품인 MSI SPATIUM M480 PRO M.2 NVMe (1TB)로 변경읽기속도 : 7,400(MB/s) / 쓰기속도 : 6,800(MB/s)로 최고 수준의 성능이면서 DDR4 1GB 용량의 디램 버퍼 메모리가 적용되어 있습니다.5. 구성하신 웨스턴 디지털 HDD는 SMR방식이라 추천을 하지 않습니다. PMR방식의 원천기술을 가지고 있는 도시바의 P300으로 변경6. 케이스는 강화유리처럼 파손 위험없는 풀아크릴 스윙도어 패널에 6개의 기본 팬을 장착하고 LED OFF 기능까지 적용된 보급형 끝판왕급인 3RSYS R240 블랙 (미들타워)로 구성7. 파워는 정격 600W 브론즈 인증 제품 중에서는 최상위 퀄리티면서 최근 7만원 중후반 대에서 5만원 초반 대로 가격을 대폭 인하하여 갓성비가 된 (마이크로닉스) New Performance 600W 80Plus Bronze Change-up으로 변경8. CPU쿨러는 싱글타워 끝판왕급 성능에 최근 3만원 대에서 만원 중후반대로 가격을 대폭인하해서 갓성비 중에서도 갓성비라고 할 수 있는 3RSYS TEAMMOST TM40으로 구성참고해서 합리적인 구매하시기 바랍니다.",
    "computer_estimate_data": "[CPU]인텔 코어i5-14세대 14400F (랩터레이크 리프레시) (정품)상세보기[메인보드]ASRock B760M PG LIGHTNING/D4 대원씨티에스상세보기[메모리]삼성전자 DDR4-3200 (8GB) PC4-25600 x 2 개상세보기[그래픽카드]ZOTAC GAMING 지포스 RTX 4060 TWIN Edge OC D6 8GB상세보기[SSD]MSI SPATIUM M480 PRO M.2 NVMe (1TB)상세보기[데스크탑 HDD]Toshiba 2TB P300 HDWD120 (SATA3/7200/64M)상세보기[케이스]3RSYS R240 블랙 (미들타워)상세보기[파워서플라이](마이크로닉스) New Performance 600W 80Plus Bronze Change-up /파워상세보기[CPU쿨러]3RSYS TEAMMOST TM40상세보기[조립PC관련][견적왕] 조립 서비스 + 1년 출장 A/S상세보기",
    "quote_description": "데스크탑 HDD는 안정성 높은 PMR 방식의 HDD",
    "parts_price": {
        "CPU": {
            "제품명": "인텔 코어i5-14세대 14400F",
            "가격": "279,570원",
            "수량": "1"
        },
        "메인보드": {
            "제품명": "ASRock B760M PG LIGHTNING/D4 대원씨티에스",
            "가격": "137,970원",
            "수량": "1"
        },
        "메모리": {
            "제품명": "삼성전자 DDR4-3200 PC4-25600  8GB",
            "가격": "20,750원",
            "수량": "2"
        },
        "그래픽카드": {
            "제품명": "ZOTAC GAMING 지포스 RTX 4060 TWIN Edge OC D6 8GB",
            "가격": "406,990원",
            "수량": "1"
        },
        "SSD": {
            "제품명": "MSI SPATIUM M480 PRO M.2 NVMe 1TB",
            "가격": "135,000원",
            "수량": "1"
        },
        "데스크탑 HDD": {
            "제품명": "Toshiba 2TB P300 HDWD120",
            "가격": "97,210원",
            "수량": "1"
        },
        "케이스": {
            "제품명": "3RSYS R240 블랙",
            "가격": "37,500원",
            "수량": "1"
        },
        "파워서플라이": {
            "제품명": "New Performance 600W 80Plus Bronze Change-up /파워",
            "가격": "70,000원",
            "수량": "1"
        },
        "CPU쿨러": {
            "제품명": "3RSYS TEAMMOST TM40",
            "가격": "18,800원",
            "수량": "1"
        }
    },
    "total_price": "1224540원",
    "CPU": "인텔 코어i5-14세대 14400F (랩터레이크 리프레시) (정품)",
    "Motherboard": "ASRock B760M PG LIGHTNING/D4 대원씨티에스",
    "Graphic Card": "ZOTAC GAMING 지포스 RTX 4060 TWIN Edge OC D6 8GB",
    "SSD": "MSI SPATIUM M480 PRO M.2 NVMe (1TB)",
    "Memory": "삼성전자 DDR4-3200 (8GB) PC4-25600 x 2 개",
    "Power Supply": "(마이크로닉스) New Performance 600W 80Plus Bronze Change-up /파워",
    "CPU Cooler": "3RSYS TEAMMOST TM40",
    "cpu_score": 361,
    "gpu_score": 32,
    "performance_grade": "중성능",
    "cpu_benchmarkscore": 26597,
    "gpu_benchmarkscore": 22891
}