{
    "quote_number": "2393",
    "quote_title": "워크스테이션 i9 14900KF + RTX 4080 SUPER 작업용 컴퓨터 견적",
    "date_create": "2024.4.9",
    "cpu_gpu_combinations": "코어i9-14900KF + RTX 4080 SUPER 조합",
    "quotation_summary": " i9 14900KF / RTX 4080 SUPER / RAM 64GB / SSD 2TB# 작업용# 워크스테이션",
    "quote_person_introduction": "안녕하세요. 로카프입니다.우리 주변에는 아직 컴퓨터 견적구성을 어떻게 할 지 몰라 고민에 빠지는 분들이 많이 계십니다.성능은 괜찮을까? 고장은 나지 않을까? 가격은 괜찮은건가? 이런 고민들을 한 번쯤은 해보셨을 겁니다.용도에 알맞는 성능과 합리적인 가격, 최우선으로 안정성과 신뢰도 높은 부품들로 구성된 견적을 추천해드리겠습니다.컴퓨터를 처음 알아보시는 분들의 입장에서 생각하고 견적을 구성해드리는 견적맨이 되겠습니다.",
    "quote_feedback": "CPU는 i9 14900KF, 데스크톱 라인업 최상위 제품으로 다양한 작업에 있어서 뛰어난 성능을 보이며영상편집 작업도 하셔서 퀵싱크 기능 활용이 필요할경우 14900K로 구성하셔야겠습니다.i9 14900KF 구성인만큼 메인보드는 Z790칩셋 제품 가운데 전원부성능 좋은 제품 선택했으며메모리는 32GB 2장 총 64GB 용량 구성해드렸습니다.그래픽카드는 가장 고가의 부품인만큼 A/S퀄리티 좋은 이엠텍, 조텍, 갤럭시, inno3D 제품 추천드리며SSD는 PCIe4.0 규격의 스펙 좋은 2TB 제품입니다.파워는 12VHPWR 케이블있는 1000W 용량 제품이며CPU쿨러는 360수랭쿨러 쿨링성능 상위권 제품으로 마무리했습니다.",
    "computer_estimate_data": "[CPU]인텔 코어i9-14세대 14900KF (랩터레이크 리프레시) (정품)상세보기[메인보드]ASRock Z790 Nova WIFI 대원씨티에스상세보기[메모리]ADATA DDR5-5600 CL46-45-45 (32GB) x 2 개상세보기[그래픽카드]ZOTAC GAMING 지포스 RTX 4080 SUPER AMP EXTREME AIRO D6X 16GB상세보기[SSD]Western Digital WD BLACK SN850X M.2 NVMe (2TB)상세보기[케이스]DARKFLASH DLX21 RGB MESH 강화유리 블랙 (미들타워)상세보기[파워서플라이]SuperFlower SF-1000F14XG LEADEX VII GOLD ATX 3.0 (PCIE5)상세보기[CPU쿨러]쿨러마스터 MASTERLIQUID 360 ATMOS (BLACK)상세보기[조립PC관련][견적왕] 조립 서비스 + 1년 출장 A/S상세보기",
    "quote_description": "[조립PC관련]수랭 쿨러 조립 추가 비용상세보기CPU는 3열 수랭쿨러와 Z790 상급 메인보드 구성으로 사용이 가능한 14900KF입니다. 고성능을 발휘하는 P코어 8개 효율성 높은 E코어 16개로 이루어진 빅리틀 구조의 CPU이며 따라서 윈도우11 사용이 권장됩니다. KF제품이므로 내장그래픽이 없어 퀵싱크 기능 활용은 어렵습니다.메인보드는 1800A급의 전원부성능을 가져 13~14세대 i9 CPU 구성까지 가능하며 WIFI와 블루투스 기능 또한 탑재한 제품입니다. Debug 코드 표시기를 통해 문제 발생 시 보다 쉽게 원인 파악을 할 수 있습니다.메모리는 라이프워런티정책으로 A/S정책 좋은 ADATA 5600클럭 JEDEC 표준 일반램입니다.그래픽카드는 QHD 게이밍도 끄떡없는 극강의 성능을 자랑하는 RTX 4080 SUPER입니다. 더불어 ZOTAC사 제품으로 A/S 걱정에서 자유로울 수 있으며, 구매 후 14일 이내 제품 등록 시 무상 3년 보증에 추가로 2년 확대보증 서비스를 제공하여 오래도록 사용할 수 있습니다.SSD는 최대읽기속도 7,300MB/s 최대쓰기속도 6,600MB/s를 자랑하는 최상위권 PCIe 4.0 SSD인 SN850X입니다. WD BLACK SSD 대시보드를 통해 게임모드 이용 시 SSD의 저전력모드를 비활성화시켜 최고의 퍼포먼스를 발휘할 수 있습니다.케이스는 많은 소비자들로부터 꾸준한 사랑을 받고있는 DLX 21 MESH입니다. 140mm 전면팬 3개와 140mm 후면팬 1개 기본구성에 상단 3열 수랭쿨러 호환도 문제없으며 호환길이 CPU공랭쿨러 180mm / 그래픽카드 400mm의 뛰어난 호환성도 장점입니다.파워서플라이는 고주파 증상 발생에도 원활한 A/S가 가능한 SuperFlower사의 1000W 골드등급 제품입니다. 12VHPWR 케이블이 기본구성되어 RTX 4000번대 그래픽카드 구성 시 깔끔한 선정리가 가능합니다. 또한, ATX 3.0 인증 제품으로 최대 235%의 피크전력까지 버틸 수 있어 순간적인 과부하 조건에서도 안정적인 사용이 가능합니다.CPU쿨러는 360수랭쿨러 쿨링성능 최상위권의 쿨러마스터 360 ATMOS이며 인텔 i5 ~ i9, 라이젠 7000시리즈 X붙은 CPU들과 구성하기에 알맞는 제품입니다.",
    "parts_price": {
        "CPU": {
            "제품명": "인텔 코어i9-14세대 14900KF",
            "가격": "764,900원",
            "수량": "1"
        },
        "메인보드": {
            "제품명": "ASRock Z790 Nova WIFI 대원씨티에스",
            "가격": "504,400원",
            "수량": "1"
        },
        "메모리": {
            "제품명": "ADATA DDR5-5600 CL46-45-45  32GB",
            "가격": "118,400원",
            "수량": "2"
        },
        "그래픽카드": {
            "제품명": "ZOTAC GAMING 지포스 RTX 4080 SUPER AMP EXTREME AIRO D6X 16GB",
            "가격": "1,595,800원",
            "수량": "1"
        },
        "SSD": {
            "제품명": "Western Digital WD BLACK SN850X M.2 NVMe 2TB",
            "가격": "226,310원",
            "수량": "1"
        },
        "케이스": {
            "제품명": "DARKFLASH DLX21 RGB MESH 강화유리 블랙",
            "가격": "93,480원",
            "수량": "1"
        },
        "파워서플라이": {
            "제품명": "SuperFlower SF-1000F14XG LEADEX VII GOLD ATX 3.0",
            "가격": "221,405원",
            "수량": "1"
        },
        "CPU쿨러": {
            "제품명": "쿨러마스터 MASTERLIQUID 360 ATMOS",
            "가격": "178,000원",
            "수량": "1"
        }
    },
    "total_price": "3821095원",
    "CPU": "인텔 코어i9-14세대 14900KF (랩터레이크 리프레시) (정품)",
    "Motherboard": "ASRock Z790 Nova WIFI 대원씨티에스",
    "Graphic Card": "ZOTAC GAMING 지포스 RTX 4080 SUPER AMP EXTREME AIRO D6X 16GB",
    "SSD": "Western Digital WD BLACK SN850X M.2 NVMe (2TB)",
    "Memory": "ADATA DDR5-5600 CL46-45-45 (32GB) x 2 개",
    "Power Supply": "SuperFlower SF-1000F14XG LEADEX VII GOLD ATX 3.0 (PCIE5)",
    "CPU Cooler": "쿨러마스터 MASTERLIQUID 360 ATMOS (BLACK)",
    "cpu_score": 56,
    "gpu_score": 1,
    "performance_grade": "고성능",
    "cpu_benchmarkscore": 63947,
    "gpu_benchmarkscore": 34625
}