{
    "quote_number": "2409",
    "quote_title": "AMD 라이젠5-5세대 7500F (라파엘) + 지포스 RTX 4060 Ti",
    "date_create": "2024.2.2",
    "cpu_gpu_combinations": "라이젠5 7500F + RTX 4060 Ti 조합",
    "quotation_summary": " AMD 라이젠5-5세대 7500F (라파엘) + 지포스 RTX 4060 Ti# AI# 워크스테이션",
    "quote_person_introduction": "안녕하세요! 인벤에서 주로 활동하고 있는 Skywalkers입니다.가성비와 성능비 그리고 감성비까지 모두 고려해서 가장 합리적인 구성을 찾을 수 있도록 추천을 드리겠습니다.",
    "quote_feedback": "1. 메인보드는 드라이버 모스펫 전원부에 히트싱크 그리고 램슬롯 4개가 적용되어 있는 ASRock B650M PG Lightning 에즈윈으로 변경비슷한 금액대라면 커브 옵티마이저를 지원하지 않는 하위 칩셋인 A620보다는 상위 칩셋인 B650으로 구성하는 것이 좋습니다.2. 메모리는 라이프타임 워런티로 압도적인 AS기간을 제공하는 팀그룹 5600MHz 고클럭 규격램 16기가 2개 32기가로 변경3. SSD의 경우 구성하신 970 EVO는 NVMe 규격 중에서는 속도가 가장 느린 젠3 제품입니다.젠3 보다 2배 더 빠른 5년 무상AS의 갓성비 젠4 제품인 MSI SPATIUM M480 PRO 히트싱크 M.2 NVMe (1TB)로 변경읽기속도 : 7,400(MB/s) / 쓰기속도 : 6,800(MB/s)로 최고 수준의 성능이면서 DDR4 1GB 용량의 디램 버퍼 메모리가 적용되어 있습니다.4. 케이스는 식스팬 기본 장착에 메인보드 CPU 장착 후면부에 120mm 팬을 추가 장착하여 CPU의 온도를 효과적으로 낮출 수 있도록 설계되어 최고 수준의 쿨링 효율을 보여주는 세븐 팬 제품인 잘만 N7 PLUS Black (미들타워)로LED OFF도 가능하고 동시에 팬 속도 조절도 되는 장점이 아주 많은 제품입니다.5. 파워는 정격 600W 브론즈 인증 제품 중에서는 최상위 퀄리티면서 최근 7만원 중후반 대에서 5만원 초반 대로 가격을 대폭 인하하여 갓성비가 된 (마이크로닉스) New Performance 600W 80Plus Bronze Change-up으로 변경6. CPU쿨러는 케이스와도 잘 어울리고 성능도 좋고 ARGB를 지원하는 제품 중에서는 가격적인 메리트도 가장 높은 갓성비 제품인 3RSYS Socoool RC350 ARGB (BLACK)으로 변경참고해서 합리적인 구매하시기 바랍니다.",
    "computer_estimate_data": "[CPU]AMD 라이젠5-5세대 7500F (라파엘) (멀티팩(정품))상세보기[메인보드]ASRock B650M PG Lightning 에즈윈상세보기[메모리]TeamGroup DDR5-5600 CL46 Elite 서린 (16GB) x 2 개상세보기[그래픽카드]MSI 지포스 RTX 4060 Ti 벤투스 2X 블랙 OC D6 16GB상세보기[SSD]MSI SPATIUM M480 PRO 히트싱크 M.2 NVMe (1TB)상세보기[케이스]잘만 N7 PLUS Black (미들타워)상세보기[파워서플라이](마이크로닉스) New Performance 600W 80Plus Bronze Change-up /파워상세보기[CPU쿨러]3RSYS Socoool RC350 ARGB (BLACK)상세보기[조립PC관련][견적왕] 조립 서비스 + 1년 출장 A/S상세보기",
    "quote_description": "",
    "parts_price": {
        "CPU": {
            "제품명": "AMD 라이젠5-5세대 7500F",
            "가격": "204,890원",
            "수량": "1"
        },
        "메인보드": {
            "제품명": "ASRock B650M PG Lightning 에즈윈",
            "가격": "156,010원",
            "수량": "1"
        },
        "메모리": {
            "제품명": "TeamGroup DDR5-5600 CL46 Elite 서린  16GB",
            "가격": "64,460원",
            "수량": "2"
        },
        "그래픽카드": {
            "제품명": "MSI 지포스 RTX 4060 Ti 벤투스 2X 블랙 OC D6 16GB",
            "가격": "590,610원",
            "수량": "1"
        },
        "SSD": {
            "제품명": "MSI SPATIUM M480 PRO 히트싱크 M.2 NVMe 1TB",
            "가격": "135,000원",
            "수량": "1"
        },
        "케이스": {
            "제품명": "잘만 N7 PLUS Black",
            "가격": "39,950원",
            "수량": "1"
        },
        "파워서플라이": {
            "제품명": "New Performance 600W 80Plus Bronze Change-up /파워",
            "가격": "70,000원",
            "수량": "1"
        },
        "CPU쿨러": {
            "제품명": "3RSYS Socoool RC350 ARGB",
            "가격": "22,800원",
            "수량": "1"
        }
    },
    "total_price": "1348180원",
    "CPU": "AMD 라이젠5-5세대 7500F (라파엘) (멀티팩(정품))",
    "Motherboard": "ASRock B650M PG Lightning 에즈윈",
    "Graphic Card": "MSI 지포스 RTX 4060 Ti 벤투스 2X 블랙 OC D6 16GB",
    "SSD": "MSI SPATIUM M480 PRO 히트싱크 M.2 NVMe (1TB)",
    "Memory": "TeamGroup DDR5-5600 CL46 Elite 서린 (16GB) x 2 개",
    "Power Supply": "(마이크로닉스) New Performance 600W 80Plus Bronze Change-up /파워",
    "CPU Cooler": "3RSYS Socoool RC350 ARGB (BLACK)",
    "cpu_score": 355,
    "gpu_score": 32,
    "performance_grade": "중성능",
    "cpu_benchmarkscore": 26926,
    "gpu_benchmarkscore": 22891
}