{
    "quote_number": "2425",
    "quote_title": "7900 + 4070 Ti super 방송용",
    "date_create": "2024.2.2",
    "cpu_gpu_combinations": "라이젠9 7900 + RTX 4070 Ti SUPER 조합",
    "quotation_summary": " 7900 + 4070 Ti super 방송용# 7900 + 4070 Ti super 방송용",
    "quote_person_introduction": "퀘이사존, 다나와, 쿨엔에서 활동 중인  잉여인간17호입니다.다양한 필테 경력과 컴덕질을 경험삼아 도움 드리고자 합니다.어떠한 스폰도 받지 않는 유저 입장에서 직접 사용해보고 테스트한 견적 위주로 견적드리겠습니다.",
    "quote_feedback": "7900 + 4070 Ti super 방송용",
    "computer_estimate_data": "[CPU]AMD 라이젠9-5세대 7900 (라파엘) (멀티팩(정품))상세보기[메인보드]ASRock B650M PG Riptide 대원씨티에스상세보기[메모리]TeamGroup DDR5-5600 CL46 Elite 서린 (32GB)상세보기[그래픽카드]갤럭시 GALAX 지포스 RTX 4070 Ti SUPER EX GAMER BLACK OC D6X 16GB상세보기[SSD]마이크론 Crucial T500 M.2 NVMe 대원씨티에스 (2TB)상세보기[케이스]DAVEN APEX Black (미들타워)상세보기[파워서플라이]NEWZEN SKULL 850SM MODULAR ATX 3.0 80PLUS GOLD (PCIE5)상세보기[CPU쿨러]Thermalright Peerless Assassin 120 SE 서린상세보기[소프트웨어]Microsoft Windows 11 Home (처음사용자용 한글)상세보기[조립PC관련][견적왕] 조립 서비스 + 1년 출장 A/S상세보기",
    "quote_description": "CPU는 X 버전에 비해 발열과 전성비를 잡고 나와 저렴한 메인보드와 공랭쿨러와 사용 가능하고 12코어 24스레드로 뛰어난 작업 성능을 자랑하는 라이젠9 CPU입니다.메인보드는 12+2+1페이즈 최대 600A(50A)의 준수한 전원부의 라이젠 보드입니다그래픽카드는 AS 1티어 업체인 갤럭시의 4070 TI SUPER입니다. 3팬에 감성도 뛰어난 제품입니다.SSD는 PCIE4.0 대역폭 상급 SSD케이스는 그래픽카드 호환성 350mm로 준수한 호환성과 쿨링성능을 자랑하는 케이스입니다.파워서플라이는 10년 보증에 ATX 3.0 규격 제품이면서 850W에 11만원대라 가성비는 더 뛰어나고 슈퍼플라워 유통사라 고주파 발생시 새제품 교환 정책도 동일하게 적용되어 가성비 좋게 구성하시기 좋습니다.CPU쿨러는 대장급 공랭 중 뛰어난 정숙성과 성능을 겸비한 쿨러입니다.소프트웨어는 인텔 12세대 이후로는 고성능 코어와 효율 코어로 나뉘면서 윈도우 11을 권장합니다.\n인텔의 경우 일부 게임에선 윈11이 성능이 더 잘나옵니다.",
    "parts_price": {
        "CPU": {
            "제품명": "AMD 라이젠9-5세대 7900",
            "가격": "523,320원",
            "수량": "1"
        },
        "메인보드": {
            "제품명": "ASRock B650M PG Riptide 대원씨티에스",
            "가격": "207,500원",
            "수량": "1"
        },
        "메모리": {
            "제품명": "TeamGroup DDR5-5600 CL46 Elite 서린 32GB",
            "가격": "115,840원",
            "수량": "1"
        },
        "그래픽카드": {
            "제품명": "갤럭시 GALAX 지포스 RTX 4070 Ti SUPER EX GAMER BLACK OC D6X 16GB",
            "가격": "1,289,700원",
            "수량": "1"
        },
        "SSD": {
            "제품명": "마이크론 Crucial T500 M.2 NVMe 대원씨티에스 2TB",
            "가격": "229,490원",
            "수량": "1"
        },
        "케이스": {
            "제품명": "DAVEN APEX Black",
            "가격": "46,650원",
            "수량": "1"
        },
        "파워서플라이": {
            "제품명": "NEWZEN SKULL 850SM MODULAR ATX 3.0 80PLUS GOLD",
            "가격": "134,000원",
            "수량": "1"
        },
        "CPU쿨러": {
            "제품명": "Thermalright Peerless Assassin 120 SE 서린",
            "가격": "36,950원",
            "수량": "1"
        },
        "소프트웨어": {
            "제품명": "Microsoft Windows 11 Home",
            "가격": "173,690원",
            "수량": "1"
        }
    },
    "total_price": "2757140원",
    "CPU": "AMD 라이젠9-5세대 7900 (라파엘) (멀티팩(정품))",
    "Motherboard": "ASRock B650M PG Riptide 대원씨티에스",
    "Graphic Card": "갤럭시 GALAX 지포스 RTX 4070 Ti SUPER EX GAMER BLACK OC D6X 16GB",
    "SSD": "마이크론 Crucial T500 M.2 NVMe 대원씨티에스 (2TB)",
    "Memory": "TeamGroup DDR5-5600 CL46 Elite 서린 (32GB)",
    "Power Supply": "NEWZEN SKULL 850SM MODULAR ATX 3.0 80PLUS GOLD (PCIE5)",
    "CPU Cooler": "Thermalright Peerless Assassin 120 SE 서린",
    "cpu_score": 107,
    "gpu_score": 4,
    "performance_grade": "고성능",
    "cpu_benchmarkscore": 51896,
    "gpu_benchmarkscore": 31768
}