{
    "quote_number": "2448",
    "quote_title": "7800X3D + 4070 Ti Super 화이트 게이밍",
    "date_create": "2024.2.3",
    "cpu_gpu_combinations": "라이젠7 7800X3D + RTX 4070 Ti SUPER 조합",
    "quotation_summary": " 7800X3D + 4070 Ti Super 화이트 게이밍# 7800X3D + 4070 Ti Super 화이트 게이밍",
    "quote_person_introduction": "퀘이사존, 다나와, 쿨엔에서 활동 중인  잉여인간17호입니다.다양한 필테 경력과 컴덕질을 경험삼아 도움 드리고자 합니다.어떠한 스폰도 받지 않는 유저 입장에서 직접 사용해보고 테스트한 견적 위주로 견적드리겠습니다.",
    "quote_feedback": "7800X3D + 4070 Ti Super 화이트 게이밍",
    "computer_estimate_data": "[CPU]AMD 라이젠7-5세대 7800X3D (라파엘) (멀티팩(정품))상세보기[메인보드]ASRock B650M Pro RS WiFi 대원씨티에스상세보기[메모리]TeamGroup T-Force DDR5-6000 CL38 Delta RGB 화이트 패키지 서린 (32GB(16Gx2))상세보기[그래픽카드]갤럭시 BOY 지포스 RTX 4070 Ti SUPER EX GAMER WHITE OC D6X 16GB상세보기[SSD]마이크론 Crucial T500 M.2 NVMe 대원씨티에스 (1TB)상세보기[케이스]3RSYS S406 Quiet 리버스 화이트 (미들타워)상세보기[파워서플라이]NEWZEN SKULL 850SM MODULAR ATX 3.0 80PLUS GOLD WHITE (PCIE5)상세보기[CPU쿨러]DARKFLASH NEBULA DN-360 ARGB (화이트)상세보기[조립PC관련][견적왕] 조립 서비스 + 1년 출장 A/S상세보기",
    "quote_description": "[조립PC관련]수랭 쿨러 조립 추가 비용상세보기CPU는 라이젠 7000번대 3D 모델 주인공인 7800X3D입니다. 순정 상태에서 13900KS를 넘어서는 뛰어난 게임 성능과 뛰어난 전성비가 장점입니다.메모리는 화이트 감성에 화이트 튜닝 메모리가 빠질 수 없겠죠 ^^그래픽카드는 AS 1티어 갤럭시의 4070  TI SUPERSSD는 PCIe4.0 최상급 성능의 SSD입니다.파워서플라이는 10년 보증에 슈퍼플라워랑 같은 유통사로 고주파 발생시 새제품 교환 등 AS 정책",
    "parts_price": {
        "CPU": {
            "제품명": "AMD 라이젠7-5세대 7800X3D",
            "가격": "519,990원",
            "수량": "1"
        },
        "메인보드": {
            "제품명": "ASRock B650M Pro RS WiFi 대원씨티에스",
            "가격": "233,790원",
            "수량": "1"
        },
        "메모리": {
            "제품명": "TeamGroup T-Force DDR5-6000 CL38 Delta RGB 화이트 패키지 서린) 32GB",
            "가격": "164,400원",
            "수량": "1"
        },
        "그래픽카드": {
            "제품명": "갤럭시 BOY 지포스 RTX 4070 Ti SUPER EX GAMER WHITE OC D6X 16GB",
            "가격": "1,321,990원",
            "수량": "1"
        },
        "SSD": {
            "제품명": "마이크론 Crucial T500 M.2 NVMe 대원씨티에스 1TB",
            "가격": "128,000원",
            "수량": "1"
        },
        "케이스": {
            "제품명": "3RSYS S406 Quiet 리버스 화이트",
            "가격": "81,490원",
            "수량": "1"
        },
        "파워서플라이": {
            "제품명": "NEWZEN SKULL 850SM MODULAR ATX 3.0 80PLUS GOLD WHITE",
            "가격": "139,350원",
            "수량": "1"
        },
        "CPU쿨러": {
            "제품명": "DARKFLASH NEBULA DN-360 ARGB",
            "가격": "81,500원",
            "수량": "1"
        }
    },
    "total_price": "2670510원",
    "CPU": "AMD 라이젠7-5세대 7800X3D (라파엘) (멀티팩(정품))",
    "Motherboard": "ASRock B650M Pro RS WiFi 대원씨티에스",
    "Graphic Card": "갤럭시 BOY 지포스 RTX 4070 Ti SUPER EX GAMER WHITE OC D6X 16GB",
    "SSD": "마이크론 Crucial T500 M.2 NVMe 대원씨티에스 (1TB)",
    "Memory": "TeamGroup T-Force DDR5-6000 CL38 Delta RGB 화이트 패키지 서린 (32GB(16Gx2))",
    "Power Supply": "NEWZEN SKULL 850SM MODULAR ATX 3.0 80PLUS GOLD WHITE (PCIE5)",
    "CPU Cooler": "DARKFLASH NEBULA DN-360 ARGB (화이트)",
    "cpu_score": 225,
    "gpu_score": 4,
    "performance_grade": "고성능",
    "cpu_benchmarkscore": 34357,
    "gpu_benchmarkscore": 31768
}