{
    "quote_number": "2468",
    "quote_title": "7950X3D + 4060 Ti 게이밍 or 다중 앱플레이어",
    "date_create": "2024.2.4",
    "cpu_gpu_combinations": "라이젠9 7950X3D + RTX 4060 Ti 조합",
    "quotation_summary": " 7950X3D + 4060 Ti 게이밍 or 다중 앱플레이어# 7950X3D + 4060 Ti 게이밍 or 다중 앱플레이어",
    "quote_person_introduction": "퀘이사존, 다나와, 쿨엔에서 활동 중인  잉여인간17호입니다.다양한 필테 경력과 컴덕질을 경험삼아 도움 드리고자 합니다.어떠한 스폰도 받지 않는 유저 입장에서 직접 사용해보고 테스트한 견적 위주로 견적드리겠습니다.",
    "quote_feedback": "",
    "computer_estimate_data": "[CPU]AMD 라이젠9-5세대 7950X3D (라파엘) (멀티팩(정품))상세보기[메인보드]ASUS PRIME X670-P-CSM 대원씨티에스상세보기[메모리]TeamGroup DDR5-5600 CL46 Elite 서린 (32GB) x 2 개상세보기[그래픽카드]MANLi 지포스 RTX 4060 Ti Gallardo D6 16GB상세보기[SSD]마이크론 Crucial T500 M.2 NVMe 대원씨티에스 (1TB)상세보기[케이스]DAVEN D6 MESH 강화유리 블랙 (미들타워)상세보기[파워서플라이]쿨러마스터 G800 GOLD상세보기[CPU쿨러]Thermalright Peerless Assassin 120 SE 서린상세보기[소프트웨어]Microsoft Windows 11 Home (처음사용자용 한글)상세보기[조립PC관련][견적왕] 조립 서비스 + 1년 출장 A/S상세보기",
    "quote_description": "[조립PC관련]수랭 쿨러 조립 추가 비용상세보기CPU는 라이젠 7천번대 최상급 게이밍 + 작업용 CPU입니다.메인보드는 가성비 좋은 X670 보드입니다.메모리는 믿고 사는 갓 서린의 메모리입니다.SSD는 PCIe4.0 최상급 성능의 SSD입니다.케이스는 기본 쿨링팬 6개 탑재로 준수한 쿨링성능과 가성비를 자랑하는 케이스입니다.파워서플라이는 가성비 좋은 쿨러마스터의 800W 골드등급 파워입니다. 국내에선 대양에서 유통해서 AS도 좋습니다.CPU쿨러는 대장급 공랭 중 뛰어난 정숙성과 성능을 겸비한 쿨러입니다.소프트웨어는 인텔 12세대 이후로는 고성능 코어와 효율 코어로 나뉘면서 윈도우 11을 권장합니다.\n인텔의 경우 일부 게임에선 윈11이 성능이 더 잘나옵니다.",
    "parts_price": {
        "CPU": {
            "제품명": "AMD 라이젠9-5세대 7950X3D",
            "가격": "892,900원",
            "수량": "1"
        },
        "메인보드": {
            "제품명": "ASUS PRIME X670-P-CSM 대원씨티에스",
            "가격": "403,730원",
            "수량": "1"
        },
        "메모리": {
            "제품명": "TeamGroup DDR5-5600 CL46 Elite 서린  32GB",
            "가격": "115,830원",
            "수량": "2"
        },
        "그래픽카드": {
            "제품명": "MANLi 지포스 RTX 4060 Ti Gallardo D6 16GB",
            "가격": "665,410원",
            "수량": "1"
        },
        "SSD": {
            "제품명": "마이크론 Crucial T500 M.2 NVMe 대원씨티에스 1TB",
            "가격": "128,000원",
            "수량": "1"
        },
        "케이스": {
            "제품명": "DAVEN D6 MESH 강화유리 블랙",
            "가격": "36,890원",
            "수량": "1"
        },
        "파워서플라이": {
            "제품명": "쿨러마스터 G800 GOLD",
            "가격": "89,990원",
            "수량": "1"
        },
        "CPU쿨러": {
            "제품명": "Thermalright Peerless Assassin 120 SE 서린",
            "가격": "36,950원",
            "수량": "1"
        },
        "소프트웨어": {
            "제품명": "Microsoft Windows 11 Home",
            "가격": "173,690원",
            "수량": "1"
        }
    },
    "total_price": "2659220원",
    "CPU": "AMD 라이젠9-5세대 7950X3D (라파엘) (멀티팩(정품))",
    "Motherboard": "ASUS PRIME X670-P-CSM 대원씨티에스",
    "Graphic Card": "MANLi 지포스 RTX 4060 Ti Gallardo D6 16GB",
    "SSD": "마이크론 Crucial T500 M.2 NVMe 대원씨티에스 (1TB)",
    "Memory": "TeamGroup DDR5-5600 CL46 Elite 서린 (32GB) x 2 개",
    "Power Supply": "쿨러마스터 G800 GOLD",
    "CPU Cooler": "Thermalright Peerless Assassin 120 SE 서린",
    "cpu_score": 63,
    "gpu_score": 31,
    "performance_grade": "고성능",
    "cpu_benchmarkscore": 62530,
    "gpu_benchmarkscore": 22942
}