{
    "quote_number": "2487",
    "quote_title": "AMD 라이젠9-5세대 7950X3D (라파엘)",
    "date_create": "2024.2.4",
    "cpu_gpu_combinations": "라이젠9 7950X3D +  조합",
    "quotation_summary": " AMD 라이젠9-5세대 7950X3D (라파엘)# 방송# 작업# 게임",
    "quote_person_introduction": "안녕하세요! 인벤에서 주로 활동하고 있는 Skywalkers입니다.가성비와 성능비 그리고 감성비까지 모두 고려해서 가장 합리적인 구성을 찾을 수 있도록 추천을 드리겠습니다.",
    "quote_feedback": "1. 메인보드는 상위 X670 칩셋이면서 압도적인 가성비를 제공하는 ASUS PRIME X670-P-CSM 대원씨티에스로 변경2. 7950X는 128MB 용량의 L3 캐시 메모리로 게임을 박살 내버리는 타입의 제품이라 다른 CPU에 비해서 메모리 클럭의 영향을 덜 받습니다. 또한 듀얼타워 공랭쿨러로 조립하는 경우 메모리 슬롯을 다 덮어버려서 메모리가 보이지도 않고 메인보드 QVL 리스트 지원 여부까지 확인을 해야 합니다. 최근 가장 큰 이슈가 메모리 트레블 문제기도 해서 규격램으로 구성하는 것을 추천드립니다.메모리는 라이프타임 워런티로 압도적인 AS기간을 제공하는 팀그룹 5600MHz 고클럭 규격램 16기가 2개 32기가로 변경3. 케이스는 DLX21과 비슷한 디자인과 스펙에 더해서 원터치 스냅도어 방식이 적용되어 있는 갓성비 중에서도 갓성비라고 할 수 있는 3RSYS L700 LITE (미들타워)로 변경VGA는 380mm까지 장착이 가능해서 현존 하는 모든 제품과 호환이 됩니다.4. 파워는 ATX3.0과 PCIE5 규격을 동시에 지원하는 1050W의 고용량에 골드보다 상위인 플래티넘 인증 고효율 제품인 마이크로닉스 COOLMAX P-1050W 80PLUS PLATINUM ATX 3.0 (PCIE5)로 변경참고해서 합리적인 구매하시기 바랍니다.",
    "computer_estimate_data": "[CPU]AMD 라이젠9-5세대 7950X3D (라파엘) (멀티팩(정품))상세보기[메인보드]ASUS PRIME X670-P-CSM 대원씨티에스상세보기[메모리]TeamGroup DDR5-5600 CL46 Elite 서린 (16GB) x 2 개상세보기[SSD]마이크론 Crucial T500 M.2 NVMe 대원씨티에스 (1TB)상세보기[케이스]3RSYS L700 LITE (미들타워)상세보기[파워서플라이]마이크로닉스 COOLMAX P-1050W 80PLUS PLATINUM ATX 3.0 (PCIE5)상세보기[CPU쿨러]Thermalright Peerless Assassin 120 SE 서린상세보기[조립PC관련][견적왕] 조립 서비스 + 1년 출장 A/S상세보기",
    "quote_description": "SSD는 PCI-E 4.0 새롭게 떠오르는 가성비 SSD",
    "parts_price": {
        "CPU": {
            "제품명": "AMD 라이젠9-5세대 7950X3D",
            "가격": "892,900원",
            "수량": "1"
        },
        "메인보드": {
            "제품명": "ASUS PRIME X670-P-CSM 대원씨티에스",
            "가격": "403,730원",
            "수량": "1"
        },
        "메모리": {
            "제품명": "TeamGroup DDR5-5600 CL46 Elite 서린  16GB",
            "가격": "64,460원",
            "수량": "2"
        },
        "SSD": {
            "제품명": "마이크론 Crucial T500 M.2 NVMe 대원씨티에스 1TB",
            "가격": "128,000원",
            "수량": "1"
        },
        "케이스": {
            "제품명": "3RSYS L700 LITE",
            "가격": "58,290원",
            "수량": "1"
        },
        "파워서플라이": {
            "제품명": "마이크로닉스 COOLMAX P-1050W 80PLUS PLATINUM ATX 3.0",
            "가격": "205,500원",
            "수량": "1"
        },
        "CPU쿨러": {
            "제품명": "Thermalright Peerless Assassin 120 SE 서린",
            "가격": "36,950원",
            "수량": "1"
        }
    },
    "total_price": "1854290원",
    "CPU": "AMD 라이젠9-5세대 7950X3D (라파엘) (멀티팩(정품))",
    "Motherboard": "ASUS PRIME X670-P-CSM 대원씨티에스",
    "SSD": "마이크론 Crucial T500 M.2 NVMe 대원씨티에스 (1TB)",
    "Memory": "TeamGroup DDR5-5600 CL46 Elite 서린 (16GB) x 2 개",
    "Power Supply": "마이크로닉스 COOLMAX P-1050W 80PLUS PLATINUM ATX 3.0 (PCIE5)",
    "CPU Cooler": "Thermalright Peerless Assassin 120 SE 서린",
    "cpu_score": 63,
    "gpu_score": null,
    "performance_grade": "정보 없음",
    "cpu_benchmarkscore": 62530,
    "gpu_benchmarkscore": null
}