{
    "quote_number": "2540",
    "quote_title": "AMD 라이젠5-4세대 5600 + 지포스 RTX 4060 Ti",
    "date_create": "2024.2.5",
    "cpu_gpu_combinations": "라이젠5 5600 + RTX 4060 Ti 조합",
    "quotation_summary": " AMD 라이젠5-4세대 5600 + 지포스 RTX 4060 Ti# 게임",
    "quote_person_introduction": "안녕하세요! 인벤에서 주로 활동하고 있는 Skywalkers입니다.가성비와 성능비 그리고 감성비까지 모두 고려해서 가장 합리적인 구성을 찾을 수 있도록 추천을 드리겠습니다.",
    "quote_feedback": "1. 메모리는 라이프타임 워런티로 압도적인 AS기간을 제공하고 SK하이닉스 모듈을 사용해서 안정성도 높고 가격도 저렴한 ESSENCORE KLEVV DDR4-3200 CL22 (8GB) 2개 16기가로 변경2. 그래픽카드는 1티어 AS에 가격적인 메리트도 높은 갤럭시 BOY 지포스 RTX 4060 Ti OC D6 8GB로 변경3. 디자인을 신경쓰지 않는다면 가성비를 챙길 수 있는 부분이 케이스입니다.케이스는 강화유리처럼 파손 위험없는 풀아크릴 스윙도어 패널에 6개의 기본 팬을 장착하고 LED OFF 기능까지 적용된 보급형 끝판왕급인 3RSYS R240 블랙 (미들타워)로 변경4. CPU쿨러는 케이스와도 잘 어울리고 성능도 좋고 ARGB를 지원하는 제품 중에서는 가격적인 메리트도 가장 높은 갓성비 제품인 3RSYS Socoool RC350 ARGB (BLACK)으로 변경5. 모니터는 가장 선호되는 IPS패널에 FHD해상도 165Hz 고주사율 게이밍 제품인 크로스오버 27GFA5 IPS 165 아이세이브 게이밍 무결점으로 구성참고해서 합리적인 구매하시기 바랍니다.",
    "computer_estimate_data": "[CPU]AMD 라이젠5-4세대 5600 (버미어) (멀티팩(정품))상세보기[메인보드]ASUS PRIME B550M-A 대원CTS상세보기[메모리]ESSENCORE KLEVV DDR4-3200 CL22 (8GB) x 2 개상세보기[그래픽카드]갤럭시 BOY 지포스 RTX 4060 Ti OC D6 8GB상세보기[SSD]Western Digital WD BLACK SN850X M.2 NVMe (1TB)상세보기[케이스]3RSYS R240 블랙 (미들타워)상세보기[파워서플라이]쿨러마스터 MWE 600 BRONZE V2 230V상세보기[CPU쿨러]3RSYS Socoool RC350 ARGB (BLACK)상세보기[소프트웨어]Microsoft Windows 11 Home (처음사용자용 한글)상세보기[모니터]크로스오버 27GFA5 IPS 165 아이세이브 게이밍 무결점상세보기[쿨러.튜닝.조명.액세서리]장우컴퍼니 JW-HTK01 M.2 방열판상세보기[조립PC관련][견적왕] 조립 서비스 + 1년 출장 A/S상세보기",
    "quote_description": "CPU는 현재 게임 가성비가 가장 좋은 CPU메인보드는 전원부 방열판이 적용된 B550 칩셋 중 가성비가 좋은 메인보드",
    "parts_price": {
        "CPU": {
            "제품명": "AMD 라이젠5-4세대 5600",
            "가격": "143,660원",
            "수량": "1"
        },
        "메인보드": {
            "제품명": "ASUS PRIME B550M-A 대원CTS",
            "가격": "113,890원",
            "수량": "1"
        },
        "메모리": {
            "제품명": "ESSENCORE KLEVV DDR4-3200 CL22  8GB",
            "가격": "20,510원",
            "수량": "2"
        },
        "그래픽카드": {
            "제품명": "갤럭시 BOY 지포스 RTX 4060 Ti OC D6 8GB",
            "가격": "601,000원",
            "수량": "1"
        },
        "SSD": {
            "제품명": "Western Digital WD BLACK SN850X M.2 NVMe 1TB",
            "가격": "131,570원",
            "수량": "1"
        },
        "케이스": {
            "제품명": "3RSYS R240 블랙",
            "가격": "37,500원",
            "수량": "1"
        },
        "파워서플라이": {
            "제품명": "쿨러마스터 MWE 600 BRONZE V2 230V",
            "가격": "71,400원",
            "수량": "1"
        },
        "CPU쿨러": {
            "제품명": "3RSYS Socoool RC350 ARGB",
            "가격": "22,800원",
            "수량": "1"
        },
        "소프트웨어": {
            "제품명": "Microsoft Windows 11 Home",
            "가격": "173,680원",
            "수량": "1"
        },
        "모니터": {
            "제품명": "크로스오버 27GFA5 IPS 165 아이세이브 게이밍 무결점",
            "가격": "169,000원",
            "수량": "1"
        },
        "쿨러.튜닝.조명.액세서리": {
            "제품명": "장우컴퍼니 JW-HTK01 M.2 방열판",
            "가격": "1,200원",
            "수량": "1"
        }
    },
    "total_price": "1506720원",
    "CPU": "AMD 라이젠5-4세대 5600 (버미어) (멀티팩(정품))",
    "Motherboard": "ASUS PRIME B550M-A 대원CTS",
    "Graphic Card": "갤럭시 BOY 지포스 RTX 4060 Ti OC D6 8GB",
    "SSD": "Western Digital WD BLACK SN850X M.2 NVMe (1TB)",
    "Memory": "ESSENCORE KLEVV DDR4-3200 CL22 (8GB) x 2 개",
    "Power Supply": "쿨러마스터 MWE 600 BRONZE V2 230V",
    "CPU Cooler": "3RSYS Socoool RC350 ARGB (BLACK)",
    "cpu_score": 504,
    "gpu_score": 32,
    "performance_grade": "중성능",
    "cpu_benchmarkscore": 21908,
    "gpu_benchmarkscore": 22891
}