{
    "quote_number": "2595",
    "quote_title": "인텔 코어i5-14세대 14500 + 지포스 RTX 3050",
    "date_create": "2024.2.6",
    "cpu_gpu_combinations": "코어i5-14500 + RTX 3050 조합",
    "quotation_summary": " 인텔 코어i5-14세대 14500 + 지포스 RTX 3050# 사무",
    "quote_person_introduction": "안녕하세요! 인벤에서 주로 활동하고 있는 Skywalkers입니다.가성비와 성능비 그리고 감성비까지 모두 고려해서 가장 합리적인 구성을 찾을 수 있도록 추천을 드리겠습니다.",
    "quote_feedback": "1. CPU는 14코어 20스레드로 작업용으로는 가장 활용성이 높은 14500 벌크로 구성2. 메인보드는 드라이버 모스펫 전원부에 히트싱크가 적용된 ASRock B760M PG LIGHTNING D5 에즈윈으로 구성3. 메모리는 라이프타임 워런티로 압도적인 AS기간을 제공하는 팀그룹 5600MHz 고클럭 규격램 16기가 2개 32기가로 구성4. 그래픽카드는 1티어 AS에 가격적인 메리트도 높은 ZOTAC 지포스 RTX 3050 TWIN Edge OC D6 8GB로 구성5. SSD는 젠4 제품 중 넘사벽 갓성비의 삼성전자 980PRO OEM버전인 삼성전자 PM9A1 M2 NVMe 병행수입 (1TB)으로 구성6. 케이스는 강화유리처럼 파손 위험없는 풀아크릴 스윙도어 패널에 6개의 기본 팬을 장착하고 LED OFF 기능까지 적용된 보급형 끝판왕급인 3RSYS R240 블랙 (미들타워)로 구성7. 파워는 정격 600W 브론즈 인증 제품인 쿨러마스터 MWE 600 BRONZE V2 230V로 구성3050의 최대 전력 소모량은 130W로 500W급만 되어도 충분히 사용할 수 있습니다. 600W면 차고 넘치는 수준이구요.8. CPU쿨러는 TDP 250W의 대장급 성능의 듀얼타워 공랭쿨러로 2만원 중후반대에 미친 금액대에 출시한 생태파괴종 제품인 JIUSHARK JF200MINI Crystal (BLACK)으로 구성참고해서 합리적인 구매하시기 바랍니다.",
    "computer_estimate_data": "[CPU]인텔 코어i5-14세대 14500 (랩터레이크 리프레시) (벌크)상세보기[메인보드]ASRock B760M PG LIGHTNING D5 에즈윈상세보기[메모리]TeamGroup DDR5-5600 CL46 Elite 서린 (16GB) x 2 개상세보기[그래픽카드]ZOTAC 지포스 RTX 3050 TWIN Edge OC D6 8GB상세보기[SSD]삼성전자 PM9A1 M2 NVMe 병행수입 (1TB)상세보기[케이스]3RSYS R240 블랙 (미들타워)상세보기[파워서플라이]쿨러마스터 MWE 600 BRONZE V2 230V상세보기[CPU쿨러]JIUSHARK JF200MINI Crystal (BLACK)상세보기[소프트웨어]Microsoft Windows 11 Home (처음사용자용 한글)상세보기[조립PC관련][견적왕] 조립 서비스 + 1년 출장 A/S상세보기",
    "quote_description": "",
    "parts_price": {
        "CPU": {
            "제품명": "인텔 코어i5-14세대 14500",
            "가격": "334,990원",
            "수량": "1"
        },
        "메인보드": {
            "제품명": "ASRock B760M PG LIGHTNING D5 에즈윈",
            "가격": "157,420원",
            "수량": "1"
        },
        "메모리": {
            "제품명": "TeamGroup DDR5-5600 CL46 Elite 서린  16GB",
            "가격": "64,460원",
            "수량": "2"
        },
        "그래픽카드": {
            "제품명": "ZOTAC 지포스 RTX 3050 TWIN Edge OC D6 8GB",
            "가격": "390,000원",
            "수량": "1"
        },
        "SSD": {
            "제품명": "삼성전자 PM9A1 M2 NVMe 병행수입 1TB",
            "가격": "104,500원",
            "수량": "1"
        },
        "케이스": {
            "제품명": "3RSYS R240 블랙",
            "가격": "37,500원",
            "수량": "1"
        },
        "파워서플라이": {
            "제품명": "쿨러마스터 MWE 600 BRONZE V2 230V",
            "가격": "71,400원",
            "수량": "1"
        },
        "CPU쿨러": {
            "제품명": "JIUSHARK JF200MINI Crystal",
            "가격": "28,070원",
            "수량": "1"
        },
        "소프트웨어": {
            "제품명": "Microsoft Windows 11 Home",
            "가격": "173,670원",
            "수량": "1"
        }
    },
    "total_price": "1426470원",
    "CPU": "인텔 코어i5-14세대 14500 (랩터레이크 리프레시) (벌크)",
    "Motherboard": "ASRock B760M PG LIGHTNING D5 에즈윈",
    "Graphic Card": "ZOTAC 지포스 RTX 3050 TWIN Edge OC D6 8GB",
    "SSD": "삼성전자 PM9A1 M2 NVMe 병행수입 (1TB)",
    "Memory": "TeamGroup DDR5-5600 CL46 Elite 서린 (16GB) x 2 개",
    "Power Supply": "쿨러마스터 MWE 600 BRONZE V2 230V",
    "CPU Cooler": "JIUSHARK JF200MINI Crystal (BLACK)",
    "cpu_score": 247,
    "gpu_score": 153,
    "performance_grade": "중성능",
    "cpu_benchmarkscore": 32733,
    "gpu_benchmarkscore": 12885
}