{
    "quote_number": "2608",
    "quote_title": "3D작업 블렌더 검은사막 로아 스팀게임 팰월드 팔월드 라이젠 7950X3D + RTX 4070Ti SUPER 작업 및 QHD 게이밍 컴퓨터 견적",
    "date_create": "2024.4.9",
    "cpu_gpu_combinations": "라이젠9 7950X3D + RTX 4070 Ti SUPER 조합",
    "quotation_summary": " 라이젠 7950X3D / RTX 4070Ti SUPER / RAM 64GB / SSD 2TB + HDD 4TB# 작업용# QHD 게이밍# 3D작업# 블렌더# 로스트아크# 검은사막# 스팀게임# 팰월드# 팔월드# SSD+HDD 구성",
    "quote_person_introduction": "안녕하세요. 로카프입니다.우리 주변에는 아직 컴퓨터 견적구성을 어떻게 할 지 몰라 고민에 빠지는 분들이 많이 계십니다.성능은 괜찮을까? 고장은 나지 않을까? 가격은 괜찮은건가? 이런 고민들을 한 번쯤은 해보셨을 겁니다.용도에 알맞는 성능과 합리적인 가격, 최우선으로 안정성과 신뢰도 높은 부품들로 구성된 견적을 추천해드리겠습니다.컴퓨터를 처음 알아보시는 분들의 입장에서 생각하고 견적을 구성해드리는 견적맨이 되겠습니다.",
    "quote_feedback": "300만원대 중반으로 사용용도 고려하여라이젠 7950X3D + RTX 4070Ti SUPER 조합의 견적 구성 도와드렸습니다.CPU는 16코어 32쓰레드 구성으로 작업성능과 함께 3D V캐시 적용으로 게임성능도 챙길 수 있는 7950X3D입니다.3D V캐시 적용된 제품은 캐시메모리 용량이 커 게임성능이 매우 뛰어나며 특히 로스트아크와 검은사막 등은 더더욱 그렇습니다.그래픽카드는 예산에 맞춰 RTX 4070Ti SUPER로 선택했으며4070Ti 대비 좀 더 높아진 성능과 VRAM 용량이 12GB에서 16GB로 늘어났습니다.그래픽카드는 A/S퀄리티 좋은 이엠텍, 조텍, 갤럭시, inno3D 제품 추천드리며메모리는 32GB 2장 총 64GB 용량 구성해드렸습니다.SSD는 PCIe4.0 규격의 스펙 좋은 2TB 제품이며HDD는 자료저장 등의 용도로 CMR 기록방식의 4TB 제품 함께 구성했습니다.파워는 12VHPWR 케이블 있는 850W 용량 제품이며CPU쿨러는 쿨링성능 상위권의 3열수랭쿨러로 마무리했습니다.",
    "computer_estimate_data": "[CPU]AMD 라이젠9-5세대 7950X3D (라파엘) (정품)상세보기[메인보드]ASRock B650 PG Lightning 대원씨티에스상세보기[메모리]ADATA DDR5-5600 CL46-45-45 (32GB) x 2 개상세보기[그래픽카드]ZOTAC 지포스 RTX 4070 Ti SUPER Trinity D6X 16GB Black상세보기[SSD]Western Digital WD BLACK SN850X M.2 NVMe (2TB)상세보기[데스크탑 HDD]Western Digital WD BLUE 5400/256M (WD40EZAX, 4TB)상세보기[케이스]Antec P20CE ELITE 6FAN METAL MESH SOLID (미들타워)상세보기[파워서플라이]SuperFlower SF-850F14HG LEADEX III GOLD BLACK (PCIE 5)상세보기[CPU쿨러]쿨러마스터 MASTERLIQUID 360 ATMOS (BLACK)상세보기[조립PC관련][견적왕] 조립 서비스 + 1년 출장 A/S상세보기",
    "quote_description": "[조립PC관련]수랭 쿨러 조립 추가 비용상세보기CPU는 3D V캐시 구성으로 압도적인 게이밍 성능을 자랑하며 16코어 32쓰레드 구조로 작업성능 또한 뛰어난 7950X3D입니다.메인보드는 840A급 드라이버모스펫 채용으로 전원부 성능이 매우 뛰어나 라이젠 7000시리즈 어떤 CPU와도 구성 할 수 있는 제품입니다. 또한, ATX 사이즈 메인보드로 확장성 역시 매우 좋습니다.메모리는 라이프워런티정책으로 A/S정책 좋은 ADATA 5600클럭 JEDEC 표준 일반램입니다.그래픽카드는 RTX 4070Ti 대비 약 5% 정도 게임성능 좀 더 좋으며 QHD 게이밍도 노려볼 수 있을만큼 성능이 매우 좋은 4070 Ti SUPER입니다. 더불어 ZOTAC사 제품으로 A/S 걱정에서 자유로울 수 있으며, 구매 후 14일 이내 제품 등록 시 무상 3년 보증에 추가로 2년 확대보증 서비스를 제공하여 오래도록 사용할 수 있습니다.SSD는 최대읽기속도 7,300MB/s 최대쓰기속도 6,600MB/s를 자랑하는 최상위권 PCIe 4.0 SSD인 SN850X입니다. WD BLACK SSD 대시보드를 통해 게임모드 이용 시 SSD의 저전력모드를 비활성화시켜 최고의 퍼포먼스를 발휘할 수 있습니다.데스크탑 HDD는 CMR 방식의 보다 안정적인 기록방식을 적용한 WD사의 4TB 하드디스크입니다.케이스는 보증기간 2년의 전면 120mm팬 3개, 후면 120mm팬 1개, 하단 120mm팬 2개 총 6개 기본제공하는 제품입니다. 측면이 솔리드 스틸패널로 되어있어 강화유리를 선호하지 않는 분들께 좋은 선택지가 되겠으며 CPU쿨러 최대호환가능높이 170mm, 그래픽카드 최대호환가능길이 375mm 제원의 제품입니다.파워서플라이는 고주파 증상 발생에도 원활한 A/S가 가능한 SuperFlower사의 850W 골드등급 제품입니다. 12VHPWR 케이블이 기본구성되어 RTX 4000번대 그래픽카드 구성 시 깔끔한 선정리가 가능합니다.CPU쿨러는 360수랭쿨러 쿨링성능 최상위권의 쿨러마스터 360 ATMOS이며 인텔 i5 ~ i9, 라이젠 7000시리즈 X붙은 CPU들과 구성하기에 알맞는 제품입니다.",
    "parts_price": {
        "CPU": {
            "제품명": "AMD 라이젠9-5세대 7950X3D",
            "가격": "892,890원",
            "수량": "1"
        },
        "메인보드": {
            "제품명": "ASRock B650 PG Lightning 대원씨티에스",
            "가격": "147,900원",
            "수량": "1"
        },
        "메모리": {
            "제품명": "ADATA DDR5-5600 CL46-45-45  32GB",
            "가격": "118,400원",
            "수량": "2"
        },
        "그래픽카드": {
            "제품명": "ZOTAC 지포스 RTX 4070 Ti SUPER Trinity D6X 16GB Black",
            "가격": "1,189,800원",
            "수량": "1"
        },
        "SSD": {
            "제품명": "Western Digital WD BLACK SN850X M.2 NVMe 2TB",
            "가격": "226,310원",
            "수량": "1"
        },
        "데스크탑 HDD": {
            "제품명": "Western Digital WD BLUE 5400/256M",
            "가격": "158,000원",
            "수량": "1"
        },
        "케이스": {
            "제품명": "Antec P20CE ELITE 6FAN METAL MESH SOLID",
            "가격": "106,161원",
            "수량": "1"
        },
        "파워서플라이": {
            "제품명": "SuperFlower SF-850F14HG LEADEX III GOLD BLACK",
            "가격": "154,407원",
            "수량": "1"
        },
        "CPU쿨러": {
            "제품명": "쿨러마스터 MASTERLIQUID 360 ATMOS",
            "가격": "178,000원",
            "수량": "1"
        }
    },
    "total_price": "3290268원",
    "CPU": "AMD 라이젠9-5세대 7950X3D (라파엘) (정품)",
    "Motherboard": "ASRock B650 PG Lightning 대원씨티에스",
    "Graphic Card": "ZOTAC 지포스 RTX 4070 Ti SUPER Trinity D6X 16GB Black",
    "SSD": "Western Digital WD BLACK SN850X M.2 NVMe (2TB)",
    "Memory": "ADATA DDR5-5600 CL46-45-45 (32GB) x 2 개",
    "Power Supply": "SuperFlower SF-850F14HG LEADEX III GOLD BLACK (PCIE 5)",
    "CPU Cooler": "쿨러마스터 MASTERLIQUID 360 ATMOS (BLACK)",
    "cpu_score": 63,
    "gpu_score": 4,
    "performance_grade": "고성능",
    "cpu_benchmarkscore": 62530,
    "gpu_benchmarkscore": 31768
}