{
    "quote_number": "2624",
    "quote_title": "AMD 라이젠5-5세대 7500F (라파엘) + 지포스 RTX 4080 SUPER",
    "date_create": "2024.2.6",
    "cpu_gpu_combinations": "라이젠5 7500F + RTX 4080 SUPER 조합",
    "quotation_summary": " AMD 라이젠5-5세대 7500F (라파엘) + 지포스 RTX 4080 SUPER# 사무",
    "quote_person_introduction": "안녕하세요! 인벤에서 주로 활동하고 있는 Skywalkers입니다.가성비와 성능비 그리고 감성비까지 모두 고려해서 가장 합리적인 구성을 찾을 수 있도록 추천을 드리겠습니다.",
    "quote_feedback": "1. 4080과 같이 아주 거대한 사이즈의 그래픽카드와 조립하는 경우는 M이 붙어있는 미니보드보다는 ATX보드로 구성하는 것이 케이블 간섭 등을 미연에 방지할 수 있습니다.상위 칩셋 중에서는 압도적인 가성비를 제공하는 ASUS PRIME X670-P-CSM 대원씨티에스로 변경2. 4080 일반 제품은 단종이 확정되었고 현재 4080 SUPER가 대신하고 있습니다.1티어 AS에 가격적인 메리트도 있는 갤럭시 GALAX 지포스 RTX 4080 SUPER ST D6X 16GB로 변경3. 나머지는 그대로 진행하셔도 됩니다.참고해서 합리적인 구매하시기 바랍니다.",
    "computer_estimate_data": "[CPU]AMD 라이젠5-5세대 7500F (라파엘) (멀티팩(정품))상세보기[메인보드]ASUS PRIME X670-P-CSM 대원씨티에스상세보기[메모리]TeamGroup DDR5-5600 CL46 Elite 서린 (16GB) x 2 개상세보기[그래픽카드]갤럭시 GALAX 지포스 RTX 4080 SUPER ST D6X 16GB상세보기[SSD]마이크론 Crucial T500 M.2 NVMe 대원씨티에스 (1TB)상세보기[케이스]DAVEN AQUARIUM 블랙 (미들타워)상세보기[파워서플라이]NEWZEN SKULL 850SM MODULAR ATX 3.0 80PLUS GOLD (PCIE5)상세보기[CPU쿨러]Thermalright Peerless Assassin 120 SE ARGB 서린상세보기[소프트웨어]Microsoft Windows 11 Home (처음사용자용 한글)상세보기[모니터]삼성전자 오디세이 G5 C27G54T상세보기[키보드]로지텍코리아 MX Keys S 그래파이트상세보기[마우스]로지텍코리아 G102 LIGHTSYNC 벌크 (블랙)상세보기[조립PC관련][견적왕] 조립 서비스 + 1년 출장 A/S상세보기",
    "quote_description": "SSD는 PCI-E 4.0 새롭게 떠오르는 가성비 SSD케이스는 흔히 어항케이스라고 불리우는 디자인이 적용된 DAVEN AQUARIUM입니다. CPU쿨러 최대호환가능높이 163mm, 그래픽카드 최대호환가능길이 415mm 제원을 가졌으며 ATX 사이즈 메인보드까지 호환가능한 미들타워 제품입니다. 측면 120mm 기본팬 3개, 후면 120mm 기본팬 1개 총 4개를 제공하며 ARGB를 지원하여 메인보드 제조사 프로그램을 통해 색상 조정이 가능합니다.",
    "parts_price": {
        "CPU": {
            "제품명": "AMD 라이젠5-5세대 7500F",
            "가격": "204,890원",
            "수량": "1"
        },
        "메인보드": {
            "제품명": "ASUS PRIME X670-P-CSM 대원씨티에스",
            "가격": "403,730원",
            "수량": "1"
        },
        "메모리": {
            "제품명": "TeamGroup DDR5-5600 CL46 Elite 서린  16GB",
            "가격": "64,460원",
            "수량": "2"
        },
        "그래픽카드": {
            "제품명": "갤럭시 GALAX 지포스 RTX 4080 SUPER ST D6X 16GB",
            "가격": "1,629,960원",
            "수량": "1"
        },
        "SSD": {
            "제품명": "마이크론 Crucial T500 M.2 NVMe 대원씨티에스 1TB",
            "가격": "128,000원",
            "수량": "1"
        },
        "케이스": {
            "제품명": "DAVEN AQUARIUM 블랙",
            "가격": "56,960원",
            "수량": "1"
        },
        "파워서플라이": {
            "제품명": "NEWZEN SKULL 850SM MODULAR ATX 3.0 80PLUS GOLD",
            "가격": "129,680원",
            "수량": "1"
        },
        "CPU쿨러": {
            "제품명": "Thermalright Peerless Assassin 120 SE ARGB 서린",
            "가격": "43,243원",
            "수량": "1"
        },
        "소프트웨어": {
            "제품명": "Microsoft Windows 11 Home",
            "가격": "173,670원",
            "수량": "1"
        },
        "모니터": {
            "제품명": "삼성전자 오디세이 G5 C27G54T",
            "가격": "278,960원",
            "수량": "1"
        },
        "키보드": {
            "제품명": "로지텍코리아 MX Keys S 그래파이트",
            "가격": "139,640원",
            "수량": "1"
        },
        "마우스": {
            "제품명": "로지텍코리아 G102 LIGHTSYNC 벌크",
            "가격": "19,710원",
            "수량": "1"
        }
    },
    "total_price": "3337363원",
    "CPU": "AMD 라이젠5-5세대 7500F (라파엘) (멀티팩(정품))",
    "Motherboard": "ASUS PRIME X670-P-CSM 대원씨티에스",
    "Graphic Card": "갤럭시 GALAX 지포스 RTX 4080 SUPER ST D6X 16GB",
    "SSD": "마이크론 Crucial T500 M.2 NVMe 대원씨티에스 (1TB)",
    "Memory": "TeamGroup DDR5-5600 CL46 Elite 서린 (16GB) x 2 개",
    "Power Supply": "NEWZEN SKULL 850SM MODULAR ATX 3.0 80PLUS GOLD (PCIE5)",
    "CPU Cooler": "Thermalright Peerless Assassin 120 SE ARGB 서린",
    "cpu_score": 355,
    "gpu_score": 1,
    "performance_grade": "중성능",
    "cpu_benchmarkscore": 26926,
    "gpu_benchmarkscore": 34625
}