{
    "quote_number": "2632",
    "quote_title": "AMD 라이젠5-5세대 7500F",
    "date_create": "2024.2.7",
    "cpu_gpu_combinations": "라이젠5 7500F +  조합",
    "quotation_summary": " AMD 라이젠5-5세대 7500F# 게임",
    "quote_person_introduction": "안녕하세요! 인벤에서 주로 활동하고 있는 Skywalkers입니다.가성비와 성능비 그리고 감성비까지 모두 고려해서 가장 합리적인 구성을 찾을 수 있도록 추천을 드리겠습니다.",
    "quote_feedback": "1. 현재 가장 큰 이슈 중에 하나가 메모리 트러블 문제입니다. QVL 리스트를 지원하더라도 XMP가 안들어가는 경우도 있고 오류도 심심찮게 뿜어내는지라 지금은 규격램으로 구성하는 것이 맘 편하죠.메모리는 라이프타임 워런티로 압도적인 AS기간을 제공하는 팀그룹 5600MHz 고클럭 규격램 16기가 2개 32기가로 변경2. 케이스는 식스팬 기본 장착에 메인보드 CPU 장착 후면부에 120mm 팬을 추가 장착하여 CPU의 온도를 효과적으로 낮출 수 있도록 설계되어 최고 수준의 쿨링 효율을 보여주는 세븐 팬 제품인 잘만 N7 PLUS Black (미들타워)로 변경LED OFF도 가능하고 동시에 팬 속도 조절도 되는 장점이 아주 많은 제품입니다.3. 파워는 1250W의 고용량에 ATX3.0과 PCIE5 규격을 동시에 지원하는 풀모듈러 제품 중에서는 가성비가 월등히 좋은 DARKFLASH UPMOST 1250W 80PLUS GOLD FULL MODULAR ATX3.0 (PCIE5) (블랙)으로 변경4. CPU쿨러는 대장급 성능에 소음은 가장 낮은 수준으로 케이스와도 아주 잘 어울리는 3RSYS Socoool RC 1800 Quiet ARGB (BLACK)으로 변경참고해서 합리적인 구매하시기 바랍니다.",
    "computer_estimate_data": "[CPU]AMD 라이젠5-5세대 7500F (라파엘) (멀티팩(정품))상세보기[메인보드]ASRock B650M PG Riptide 대원씨티에스상세보기[메모리]TeamGroup DDR5-5600 CL46 Elite 서린 (16GB) x 2 개상세보기[SSD]ADATA LEGEND 960 M.2 NVMe (2TB)상세보기[케이스]잘만 N7 PLUS Black (미들타워)상세보기[파워서플라이]DARKFLASH UPMOST 1250W 80PLUS GOLD FULL MODULAR ATX3.0 (PCIE5) (블랙)상세보기[CPU쿨러]3RSYS Socoool RC 1800 Quiet ARGB (BLACK)상세보기[소프트웨어]Microsoft Windows 11 Home (처음사용자용 한글)상세보기[조립PC관련][견적왕] 조립 서비스 + 1년 출장 A/S상세보기",
    "quote_description": "",
    "parts_price": {
        "CPU": {
            "제품명": "AMD 라이젠5-5세대 7500F",
            "가격": "204,890원",
            "수량": "1"
        },
        "메인보드": {
            "제품명": "ASRock B650M PG Riptide 대원씨티에스",
            "가격": "207,500원",
            "수량": "1"
        },
        "메모리": {
            "제품명": "TeamGroup DDR5-5600 CL46 Elite 서린  16GB",
            "가격": "64,460원",
            "수량": "2"
        },
        "SSD": {
            "제품명": "ADATA LEGEND 960 M.2 NVMe 2TB",
            "가격": "202,190원",
            "수량": "1"
        },
        "케이스": {
            "제품명": "잘만 N7 PLUS Black",
            "가격": "39,950원",
            "수량": "1"
        },
        "파워서플라이": {
            "제품명": "DARKFLASH UPMOST 1250W 80PLUS GOLD FULL MODULAR ATX3.0",
            "가격": "197,000원",
            "수량": "1"
        },
        "CPU쿨러": {
            "제품명": "3RSYS Socoool RC 1800 Quiet ARGB",
            "가격": "30,650원",
            "수량": "1"
        },
        "소프트웨어": {
            "제품명": "Microsoft Windows 11 Home",
            "가격": "173,670원",
            "수량": "1"
        }
    },
    "total_price": "1184770원",
    "CPU": "AMD 라이젠5-5세대 7500F (라파엘) (멀티팩(정품))",
    "Motherboard": "ASRock B650M PG Riptide 대원씨티에스",
    "SSD": "ADATA LEGEND 960 M.2 NVMe (2TB)",
    "Memory": "TeamGroup DDR5-5600 CL46 Elite 서린 (16GB) x 2 개",
    "Power Supply": "DARKFLASH UPMOST 1250W 80PLUS GOLD FULL MODULAR ATX3.0 (PCIE5) (블랙)",
    "CPU Cooler": "3RSYS Socoool RC 1800 Quiet ARGB (BLACK)",
    "cpu_score": 355,
    "gpu_score": null,
    "performance_grade": "정보 없음",
    "cpu_benchmarkscore": 26926,
    "gpu_benchmarkscore": null
}