{
    "quote_number": "2736",
    "quote_title": "7950X + 4080 SUPER 게임 + 워크스테이션",
    "date_create": "2024.2.10",
    "cpu_gpu_combinations": "라이젠9 7950X3D + RTX 4080 SUPER 조합",
    "quotation_summary": " 7950X + 4080 SUPER 게임 + 워크스테이션# 7950X + 4080 SUPER 게임 + 워크스테이션",
    "quote_person_introduction": "퀘이사존, 다나와, 쿨엔에서 활동 중인  잉여인간17호입니다.다양한 필테 경력과 컴덕질을 경험삼아 도움 드리고자 합니다.어떠한 스폰도 받지 않는 유저 입장에서 직접 사용해보고 테스트한 견적 위주로 견적드리겠습니다.",
    "quote_feedback": "7950X + 4080 SUPER 게임 + 워크스테이션",
    "computer_estimate_data": "[CPU]AMD 라이젠9-5세대 7950X3D (라파엘) (멀티팩(정품))상세보기[메인보드]GIGABYTE B650M AORUS ELITE AX ICE 피씨디렉트상세보기[메모리]ADATA XPG DDR5-6000 CL30 LANCER RGB 화이트 패키지 (32GB(16Gx2))하이닉스 A다이 언락 제품!상세보기[그래픽카드]ZOTAC GAMING 지포스 RTX 4080 SUPER Trinity OC D6X 16GB White상세보기[SSD]마이크론 Crucial T500 M.2 NVMe 대원씨티에스 (2TB)상세보기[케이스]DARKFLASH DRX70 MESH RGB 강화유리 화이트 (미들타워)상세보기[파워서플라이]NEWZEN SKULL 850SM MODULAR ATX 3.0 80PLUS GOLD WHITE (PCIE5)상세보기[CPU쿨러]Thermalright Peerless Assassin 120 SE WHITE ARGB 서린상세보기[소프트웨어]Microsoft Windows 11 Home (처음사용자용 한글)상세보기[조립PC관련][견적왕] 조립 서비스 + 1년 출장 A/S상세보기",
    "quote_description": "CPU는 라이젠 7천번대 최상급 게이밍 + 작업용 CPU입니다.메인보드는 기가바이트의 화이트 감성을 위한 B650 보드메모리는 ADATA의 깔끔한 화이트 고클럭 튜닝 메모리입니다.SSD는 PCIE4.0 대역폭 상급 SSD케이스는 전면 TYPE-C 포트를 지원하고, 그래픽카드 지지대 기본 구성에 금액대도 합리적인 다크플래쉬의 갓성비 케이스입니다.파워서플라이는 10년 보증에 슈퍼플라워랑 같은 유통사로 고주파 발생시 새제품 교환 등 AS 정책CPU쿨러는 써멀리아트의 대장급 공랭입니다. 화이트 감성과 정숙성을 원하시는 분들에게 추천드립니다.소프트웨어는 인텔 12세대 이후로는 고성능 코어와 효율 코어로 나뉘면서 윈도우 11을 권장합니다.\n인텔의 경우 일부 게임에선 윈11이 성능이 더 잘나옵니다.",
    "parts_price": {
        "CPU": {
            "제품명": "AMD 라이젠9-5세대 7950X3D",
            "가격": "892,880원",
            "수량": "1"
        },
        "메인보드": {
            "제품명": "GIGABYTE B650M AORUS ELITE AX ICE 피씨디렉트",
            "가격": "307,900원",
            "수량": "1"
        },
        "메모리": {
            "제품명": "ADATA XPG DDR5-6000 CL30 LANCER RGB 화이트 패키지)하이닉스 A다이 언락 제품! 32GB",
            "가격": "325,500원",
            "수량": "1"
        },
        "그래픽카드": {
            "제품명": "ZOTAC GAMING 지포스 RTX 4080 SUPER Trinity OC D6X 16GB White",
            "가격": "1,611,820원",
            "수량": "1"
        },
        "SSD": {
            "제품명": "마이크론 Crucial T500 M.2 NVMe 대원씨티에스 2TB",
            "가격": "229,490원",
            "수량": "1"
        },
        "케이스": {
            "제품명": "DARKFLASH DRX70 MESH RGB 강화유리 화이트",
            "가격": "49,740원",
            "수량": "1"
        },
        "파워서플라이": {
            "제품명": "NEWZEN SKULL 850SM MODULAR ATX 3.0 80PLUS GOLD WHITE",
            "가격": "139,350원",
            "수량": "1"
        },
        "CPU쿨러": {
            "제품명": "Thermalright Peerless Assassin 120 SE WHITE ARGB 서린",
            "가격": "43,243원",
            "수량": "1"
        },
        "소프트웨어": {
            "제품명": "Microsoft Windows 11 Home",
            "가격": "173,670원",
            "수량": "1"
        }
    },
    "total_price": "3773593원",
    "CPU": "AMD 라이젠9-5세대 7950X3D (라파엘) (멀티팩(정품))",
    "Motherboard": "GIGABYTE B650M AORUS ELITE AX ICE 피씨디렉트",
    "Graphic Card": "ZOTAC GAMING 지포스 RTX 4080 SUPER Trinity OC D6X 16GB White",
    "SSD": "마이크론 Crucial T500 M.2 NVMe 대원씨티에스 (2TB)",
    "Memory": "ADATA XPG DDR5-6000 CL30 LANCER RGB 화이트 패키지 (32GB(16Gx2))하이닉스 A다이 언락 제품!",
    "Power Supply": "NEWZEN SKULL 850SM MODULAR ATX 3.0 80PLUS GOLD WHITE (PCIE5)",
    "CPU Cooler": "Thermalright Peerless Assassin 120 SE WHITE ARGB 서린",
    "cpu_score": 63,
    "gpu_score": 1,
    "performance_grade": "고성능",
    "cpu_benchmarkscore": 62530,
    "gpu_benchmarkscore": 34625
}