{
    "quote_number": "2757",
    "quote_title": "AMD 라이젠7-5세대 7800X3D + 지포스 RTX 4080 SUPER",
    "date_create": "2024.2.10",
    "cpu_gpu_combinations": "라이젠7 7800X3D + RTX 4080 SUPER 조합",
    "quotation_summary": " AMD 라이젠7-5세대 7800X3D + 지포스 RTX 4080 SUPER# 게임",
    "quote_person_introduction": "안녕하세요! 인벤에서 주로 활동하고 있는 Skywalkers입니다.가성비와 성능비 그리고 감성비까지 모두 고려해서 가장 합리적인 구성을 찾을 수 있도록 추천을 드리겠습니다.",
    "quote_feedback": "1. 메인보드는 상위 칩셋이면서 압도적인 가성비를 제공하고 화이트 계열의 히트싱크까지 적용되어 있어서 시스템과도 아주 잘 어울리는 확장성 또한 최고 수준인 ATX 규격의 ASUS PRIME X670-P-CSM 대원씨티에스로 변경2. 7800X3D는 100MB에 육박하는 L3 캐시 메모리로 게임을 박살 내는 타입으로 다른 CPU에 비해서 메모리 클럭의 영향을 덜 받습니다. 또한 QVL 리스트 지원여부와 방열판 높이에 따른 팬 간섭 여부도 고려를 해야 하구요. 듀얼 타워 공랭쿨러로 조립하는 경우는 메모리 슬롯을 다 덮어버려서 메모리가 보이지 않아서 LED 튜닝 메모리의 메리트도 떨어지게 됩니다.이런 경우는 5600MHz 고클럭 규격 메모리로 추천을 드리는 편이구요.3. SSD는 동일 제품이면서 유통사만 아스크텍으로 변경했습니다. 동일 제품인데 유통사가 다르다고 2만원 이상 차이가 가는 건 너무 했죠. 아스크텍도 AS는 충분히 좋은 곳이라 변경하면 됩니다.나머지는 동일한 구성이구요.참고해서 합리적인 구매하시기 바랍니다.",
    "computer_estimate_data": "[CPU]AMD 라이젠7-5세대 7800X3D (라파엘) (멀티팩(정품))상세보기[메인보드]ASUS PRIME X670-P-CSM 대원씨티에스상세보기[메모리]TeamGroup DDR5-5600 CL46 Elite 서린 (16GB) x 2 개상세보기[그래픽카드]ZOTAC GAMING 지포스 RTX 4080 SUPER Trinity OC D6X 16GB White상세보기[SSD]마이크론 Crucial T500 M.2 NVMe 아스크텍 (2TB)상세보기[케이스]DARKFLASH DRX70 MESH RGB 강화유리 화이트 (미들타워)상세보기[파워서플라이]NEWZEN SKULL 850SM MODULAR ATX 3.0 80PLUS GOLD WHITE (PCIE5)상세보기[CPU쿨러]Thermalright Peerless Assassin 120 SE WHITE ARGB 서린상세보기[소프트웨어]Microsoft Windows 11 Home (처음사용자용 한글)상세보기[조립PC관련][견적왕] 조립 서비스 + 1년 출장 A/S상세보기",
    "quote_description": "",
    "parts_price": {
        "CPU": {
            "제품명": "AMD 라이젠7-5세대 7800X3D",
            "가격": "519,990원",
            "수량": "1"
        },
        "메인보드": {
            "제품명": "ASUS PRIME X670-P-CSM 대원씨티에스",
            "가격": "403,730원",
            "수량": "1"
        },
        "메모리": {
            "제품명": "TeamGroup DDR5-5600 CL46 Elite 서린  16GB",
            "가격": "64,450원",
            "수량": "2"
        },
        "그래픽카드": {
            "제품명": "ZOTAC GAMING 지포스 RTX 4080 SUPER Trinity OC D6X 16GB White",
            "가격": "1,611,820원",
            "수량": "1"
        },
        "SSD": {
            "제품명": "마이크론 Crucial T500 M.2 NVMe 아스크텍 2TB",
            "가격": "217,000원",
            "수량": "1"
        },
        "케이스": {
            "제품명": "DARKFLASH DRX70 MESH RGB 강화유리 화이트",
            "가격": "49,740원",
            "수량": "1"
        },
        "파워서플라이": {
            "제품명": "NEWZEN SKULL 850SM MODULAR ATX 3.0 80PLUS GOLD WHITE",
            "가격": "139,350원",
            "수량": "1"
        },
        "CPU쿨러": {
            "제품명": "Thermalright Peerless Assassin 120 SE WHITE ARGB 서린",
            "가격": "43,243원",
            "수량": "1"
        },
        "소프트웨어": {
            "제품명": "Microsoft Windows 11 Home",
            "가격": "173,670원",
            "수량": "1"
        }
    },
    "total_price": "3287443원",
    "CPU": "AMD 라이젠7-5세대 7800X3D (라파엘) (멀티팩(정품))",
    "Motherboard": "ASUS PRIME X670-P-CSM 대원씨티에스",
    "Graphic Card": "ZOTAC GAMING 지포스 RTX 4080 SUPER Trinity OC D6X 16GB White",
    "SSD": "마이크론 Crucial T500 M.2 NVMe 아스크텍 (2TB)",
    "Memory": "TeamGroup DDR5-5600 CL46 Elite 서린 (16GB) x 2 개",
    "Power Supply": "NEWZEN SKULL 850SM MODULAR ATX 3.0 80PLUS GOLD WHITE (PCIE5)",
    "CPU Cooler": "Thermalright Peerless Assassin 120 SE WHITE ARGB 서린",
    "cpu_score": 225,
    "gpu_score": 1,
    "performance_grade": "고성능",
    "cpu_benchmarkscore": 34357,
    "gpu_benchmarkscore": 34625
}