{
    "quote_number": "2794",
    "quote_title": "AMD 라이젠5-5세대 7500F + 지포스 RTX 4060 Ti",
    "date_create": "2024.2.11",
    "cpu_gpu_combinations": "라이젠5 7500F + RTX 4060 Ti 조합",
    "quotation_summary": " AMD 라이젠5-5세대 7500F + 지포스 RTX 4060 Ti# 게임",
    "quote_person_introduction": "안녕하세요! 인벤에서 주로 활동하고 있는 Skywalkers입니다.가성비와 성능비 그리고 감성비까지 모두 고려해서 가장 합리적인 구성을 찾을 수 있도록 추천을 드리겠습니다.",
    "quote_feedback": "1. 구성한 씨게이트 HDD는 SMR방식이라 추천을 하지 않습니다. PMR방식의 원천기술을 가지고 있는 도시바의 P300으로 변경2. 케이스는 동일한 디자인에 고성능 저소음 시스템 팬을 장착해서 가성비는 월등히 더 좋은 3RSYS S406 Quiet 리버스 화이트 (미들타워)로 변경3. 이런 어항케이스는 튜닝에 특화가 된 케이스인지라 공랭쿨러보다는 수냉쿨러로 구성하는 것이 비교가 안될 정도로 멋진 세팅이 가능해 집니다.상단 공간도 메워지면서 멋진 LED 동기화까지 시킬 수 있는 3열 수냉쿨러인 앱코 T360 테티스 풀체인지 ARGB (화이트)로 변경4. 케이스 하단에만 팬을 추가할 수 있어서 디자인을 해치지 않고 튜닝을 극대화할 수 있는 고성능 저소음 시스템 팬인 3RSYS Silence GI 120 리버스 (WHITE) 3개 추가했습니다.참고해서 합리적인 구매하시기 바랍니다.",
    "computer_estimate_data": "[CPU]AMD 라이젠5-5세대 7500F (라파엘) (멀티팩(정품))상세보기[메인보드]ASRock B650M Pro RS 대원씨티에스상세보기[메모리]G.SKILL DDR5-6000 CL36 TRIDENT Z5 RGB 화이트 패키지 (32GB(16Gx2))상세보기[그래픽카드]갤럭시 GALAX 지포스 RTX 4060 Ti EX WHITE OC D6 8GB상세보기[SSD]마이크론 Crucial P5 Plus M.2 NVMe 대원CTS (1TB)상세보기[데스크탑 HDD]Toshiba 1TB P300 HDWD110 (SATA3/7200/64M)상세보기[케이스]3RSYS S406 Quiet 리버스 화이트 (미들타워)상세보기[파워서플라이]마이크로닉스 Classic II 풀체인지 600W 80PLUS BRONZE 230V EU 화이트상세보기[CPU쿨러]앱코 T360 테티스 풀체인지 ARGB (화이트)상세보기[소프트웨어]Microsoft Windows 11 Home (처음사용자용 한글)상세보기[모니터]한성컴퓨터 TFG30F20W 울트라와이드 200 게이밍 무결점상세보기[마우스]로지텍코리아 G304 LIGHTSPEED 무선 (정품) (화이트)상세보기[마우스패드]앱코 APAD 생활방수 장패드상세보기[쿨러.튜닝.조명.액세서리]3RSYS Silence GI 120 리버스 (WHITE) x 3 개상세보기[조립PC관련][견적왕] 조립 서비스 + 1년 출장 A/S상세보기",
    "quote_description": "[조립PC관련]수랭 쿨러 조립 추가 비용상세보기메인보드는 B650칩셋 제품이라서 PBO와 커브옵티마이저 기능을 지원하는 제품입니다. 400A급 드라이버모스펫 구성의 전원부 성능을 가지고 있으며 기판일부와 방열판색상이 화이트라 화이트조합에 알맞습니다.SSD는 5년 무상AS를 제공하는 젠4 제품 중에서는 가성비가 월등히 좋은 SSD",
    "parts_price": {
        "CPU": {
            "제품명": "AMD 라이젠5-5세대 7500F",
            "가격": "204,890원",
            "수량": "1"
        },
        "메인보드": {
            "제품명": "ASRock B650M Pro RS 대원씨티에스",
            "가격": "172,490원",
            "수량": "1"
        },
        "메모리": {
            "제품명": "G.SKILL DDR5-6000 CL36 TRIDENT Z5 RGB 화이트 패키지) 32GB",
            "가격": "196,980원",
            "수량": "1"
        },
        "그래픽카드": {
            "제품명": "갤럭시 GALAX 지포스 RTX 4060 Ti EX WHITE OC D6 8GB",
            "가격": "626,910원",
            "수량": "1"
        },
        "SSD": {
            "제품명": "마이크론 Crucial P5 Plus M.2 NVMe 대원CTS 1TB",
            "가격": "127,000원",
            "수량": "1"
        },
        "데스크탑 HDD": {
            "제품명": "Toshiba 1TB P300 HDWD110",
            "가격": "73,800원",
            "수량": "1"
        },
        "케이스": {
            "제품명": "3RSYS S406 Quiet 리버스 화이트",
            "가격": "81,490원",
            "수량": "1"
        },
        "파워서플라이": {
            "제품명": "마이크로닉스 Classic II 풀체인지 600W 80PLUS BRONZE 230V EU 화이트",
            "가격": "61,600원",
            "수량": "1"
        },
        "CPU쿨러": {
            "제품명": "앱코 T360 테티스 풀체인지 ARGB",
            "가격": "77,000원",
            "수량": "1"
        },
        "소프트웨어": {
            "제품명": "Microsoft Windows 11 Home",
            "가격": "173,670원",
            "수량": "1"
        },
        "모니터": {
            "제품명": "한성컴퓨터 TFG30F20W 울트라와이드 200 게이밍 무결점",
            "가격": "249,000원",
            "수량": "1"
        },
        "마우스": {
            "제품명": "로지텍코리아 G304 LIGHTSPEED 무선",
            "가격": "51,660원",
            "수량": "1"
        },
        "마우스패드": {
            "제품명": "앱코 APAD 생활방수 장패드",
            "가격": "3,900원",
            "수량": "1"
        },
        "쿨러.튜닝.조명.액세서리": {
            "제품명": "3RSYS Silence GI 120 리버스 x 3 개",
            "가격": "39,050원",
            "수량": "3"
        }
    },
    "total_price": "2217540원",
    "CPU": "AMD 라이젠5-5세대 7500F (라파엘) (멀티팩(정품))",
    "Motherboard": "ASRock B650M Pro RS 대원씨티에스",
    "Graphic Card": "갤럭시 GALAX 지포스 RTX 4060 Ti EX WHITE OC D6 8GB",
    "SSD": "마이크론 Crucial P5 Plus M.2 NVMe 대원CTS (1TB)",
    "Memory": "G.SKILL DDR5-6000 CL36 TRIDENT Z5 RGB 화이트 패키지 (32GB(16Gx2))",
    "Power Supply": "마이크로닉스 Classic II 풀체인지 600W 80PLUS BRONZE 230V EU 화이트",
    "CPU Cooler": "앱코 T360 테티스 풀체인지 ARGB (화이트)",
    "cpu_score": 355,
    "gpu_score": 32,
    "performance_grade": "중성능",
    "cpu_benchmarkscore": 26926,
    "gpu_benchmarkscore": 22891
}