{
    "quote_number": "2798",
    "quote_title": "7950X3D 반본체(RTX 4090 장착 가능)",
    "date_create": "2024.2.11",
    "cpu_gpu_combinations": "라이젠9 7950X3D +  조합",
    "quotation_summary": " 7950X3D 반본체(RTX 4090 장착 가능)# 7950X3D 반본체(RTX 4090 장착 가능)",
    "quote_person_introduction": "퀘이사존, 다나와, 쿨엔에서 활동 중인  잉여인간17호입니다.다양한 필테 경력과 컴덕질을 경험삼아 도움 드리고자 합니다.어떠한 스폰도 받지 않는 유저 입장에서 직접 사용해보고 테스트한 견적 위주로 견적드리겠습니다.",
    "quote_feedback": "7950X3D 반본체(RTX 4090 장착 가능)",
    "computer_estimate_data": "[CPU]AMD 라이젠9-5세대 7950X3D (라파엘) (멀티팩(정품))상세보기[메인보드]MSI MAG B650 토마호크 WIFI상세보기[메모리]TeamGroup DDR5-5600 CL46 Elite 서린 (32GB) x 2 개상세보기[SSD]마이크론 Crucial T500 M.2 NVMe 대원씨티에스 (1TB)상세보기[케이스]마이크로닉스 GX2-뉴런 메쉬 (미들타워)상세보기[파워서플라이]SuperFlower SF-1000F14XG LEADEX VII GOLD ATX 3.0 (PCIE5)상세보기[CPU쿨러]Thermalright Peerless Assassin 120 SE 서린상세보기[조립PC관련][견적왕] 조립 서비스 + 1년 출장 A/S상세보기",
    "quote_description": "CPU는 라이젠 7천번대 최상급 게이밍 + 작업용 CPU입니다.메인보드는 14+2 페이즈 1120A(80A) Dr.MOS의 강력한 전원부를 가진 보드로 라이젠 하이엔드까지 문제 없는 강력한 보드입니다.메모리는 믿고 사는 갓 서린의 메모리입니다.SSD는 PCIe4.0 최상급 성능의 SSD입니다.파워서플라이는 슈퍼플라워의 ATX 3.0 골드 풀모듈러로 10년 보증에 유니버셜 커넥터 적용과 고주파 발생시 새제품 교환 등 뛰어난 AS 정책의 파워입니다.CPU쿨러는 대장급 공랭 중 뛰어난 정숙성과 성능을 겸비한 쿨러입니다.",
    "parts_price": {
        "CPU": {
            "제품명": "AMD 라이젠9-5세대 7950X3D",
            "가격": "892,880원",
            "수량": "1"
        },
        "메인보드": {
            "제품명": "MSI MAG B650 토마호크 WIFI",
            "가격": "318,230원",
            "수량": "1"
        },
        "메모리": {
            "제품명": "TeamGroup DDR5-5600 CL46 Elite 서린  32GB",
            "가격": "115,810원",
            "수량": "2"
        },
        "SSD": {
            "제품명": "마이크론 Crucial T500 M.2 NVMe 대원씨티에스 1TB",
            "가격": "128,000원",
            "수량": "1"
        },
        "케이스": {
            "제품명": "마이크로닉스 GX2-뉴런 메쉬",
            "가격": "180,960원",
            "수량": "1"
        },
        "파워서플라이": {
            "제품명": "SuperFlower SF-1000F14XG LEADEX VII GOLD ATX 3.0",
            "가격": "221,405원",
            "수량": "1"
        },
        "CPU쿨러": {
            "제품명": "Thermalright Peerless Assassin 120 SE 서린",
            "가격": "36,950원",
            "수량": "1"
        }
    },
    "total_price": "2010045원",
    "CPU": "AMD 라이젠9-5세대 7950X3D (라파엘) (멀티팩(정품))",
    "Motherboard": "MSI MAG B650 토마호크 WIFI",
    "SSD": "마이크론 Crucial T500 M.2 NVMe 대원씨티에스 (1TB)",
    "Memory": "TeamGroup DDR5-5600 CL46 Elite 서린 (32GB) x 2 개",
    "Power Supply": "SuperFlower SF-1000F14XG LEADEX VII GOLD ATX 3.0 (PCIE5)",
    "CPU Cooler": "Thermalright Peerless Assassin 120 SE 서린",
    "cpu_score": 63,
    "gpu_score": null,
    "performance_grade": "정보 없음",
    "cpu_benchmarkscore": 62530,
    "gpu_benchmarkscore": null
}