{
    "quote_number": "2833",
    "quote_title": "AMD 라이젠7-5세대 7800X3D +  지포스 RTX 4070 SUPER",
    "date_create": "2024.2.12",
    "cpu_gpu_combinations": "라이젠7 7800X3D + RTX 4070 SUPER 조합",
    "quotation_summary": " AMD 라이젠7-5세대 7800X3D +  지포스 RTX 4070 SUPER# 방송# 작업# 게임",
    "quote_person_introduction": "안녕하세요! 인벤에서 주로 활동하고 있는 Skywalkers입니다.가성비와 성능비 그리고 감성비까지 모두 고려해서 가장 합리적인 구성을 찾을 수 있도록 추천을 드리겠습니다.",
    "quote_feedback": "1. 메모리는 32기가 1개가 아니라 16기가 2개로 구성해야 제대로 된 성능이 나옵니다.라이프타임 워런티로 압도적인 AS기간을 제공하는 팀그룹 5600MHz 고클럭 규격램 16기가 2개 32기가로 변경2. 그래픽카드는 1티어 AS에 가격적인 메리트도 높은 갤럭시 GALAX 지포스 RTX 4070 SUPER 2X D6X 12GB로 변경3. 4070 SUPER는 750W면 충분해서 구성한 제품과 동일 제품군 750W 제품인 NEWZEN SKULL 750SM MODULAR ATX 3.0 80PLUS GOLD (PCIE5)로 변경4. CPU쿨러는 대장급 성능의 듀얼타워 공랭쿨러인 Thermalright Peerless Assassin 120 SE 서린으로 구성참고해서 합리적인 구매하시기 바랍니다.",
    "computer_estimate_data": "[CPU]AMD 라이젠7-5세대 7800X3D (라파엘) (멀티팩(정품))상세보기[메인보드]ASRock B650M Pro RS + WiFi6E 모듈 패키지 디앤디컴상세보기[메모리]TeamGroup DDR5-5600 CL46 Elite 서린 (16GB) x 2 개상세보기[그래픽카드]갤럭시 GALAX 지포스 RTX 4070 SUPER 2X D6X 12GB상세보기[SSD]삼성전자 PM9A1 M2 NVMe 병행수입 (1TB)상세보기[케이스]DAVEN D6 MESH 강화유리 블랙 (미들타워)상세보기[파워서플라이]NEWZEN SKULL 750SM MODULAR ATX 3.0 80PLUS GOLD (PCIE5)상세보기[CPU쿨러]Thermalright Peerless Assassin 120 SE 서린상세보기[소프트웨어]Microsoft Windows 11 Home (처음사용자용 한글)상세보기[게이밍헤드셋.스피커.마이크]앱코 S600 (정품)상세보기[조립PC관련][견적왕] 조립 서비스 + 1년 출장 A/S상세보기",
    "quote_description": "메인보드는 가성비 좋은 화이트 B650M WiFi 킷 메인보드",
    "parts_price": {
        "CPU": {
            "제품명": "AMD 라이젠7-5세대 7800X3D",
            "가격": "519,990원",
            "수량": "1"
        },
        "메인보드": {
            "제품명": "ASRock B650M Pro RS + WiFi6E 모듈 패키지 디앤디컴",
            "가격": "209,640원",
            "수량": "1"
        },
        "메모리": {
            "제품명": "TeamGroup DDR5-5600 CL46 Elite 서린  16GB",
            "가격": "64,450원",
            "수량": "2"
        },
        "그래픽카드": {
            "제품명": "갤럭시 GALAX 지포스 RTX 4070 SUPER 2X D6X 12GB",
            "가격": "989,600원",
            "수량": "1"
        },
        "SSD": {
            "제품명": "삼성전자 PM9A1 M2 NVMe 병행수입 1TB",
            "가격": "104,500원",
            "수량": "1"
        },
        "케이스": {
            "제품명": "DAVEN D6 MESH 강화유리 블랙",
            "가격": "36,890원",
            "수량": "1"
        },
        "파워서플라이": {
            "제품명": "NEWZEN SKULL 750SM MODULAR ATX 3.0 80PLUS GOLD",
            "가격": "124,830원",
            "수량": "1"
        },
        "CPU쿨러": {
            "제품명": "Thermalright Peerless Assassin 120 SE 서린",
            "가격": "36,950원",
            "수량": "1"
        },
        "소프트웨어": {
            "제품명": "Microsoft Windows 11 Home",
            "가격": "173,670원",
            "수량": "1"
        },
        "게이밍헤드셋.스피커.마이크": {
            "제품명": "앱코 S600",
            "가격": "23,000원",
            "수량": "1"
        }
    },
    "total_price": "2347970원",
    "CPU": "AMD 라이젠7-5세대 7800X3D (라파엘) (멀티팩(정품))",
    "Motherboard": "ASRock B650M Pro RS + WiFi6E 모듈 패키지 디앤디컴",
    "Graphic Card": "갤럭시 GALAX 지포스 RTX 4070 SUPER 2X D6X 12GB",
    "SSD": "삼성전자 PM9A1 M2 NVMe 병행수입 (1TB)",
    "Memory": "TeamGroup DDR5-5600 CL46 Elite 서린 (16GB) x 2 개",
    "Power Supply": "NEWZEN SKULL 750SM MODULAR ATX 3.0 80PLUS GOLD (PCIE5)",
    "CPU Cooler": "Thermalright Peerless Assassin 120 SE 서린",
    "cpu_score": 225,
    "gpu_score": 4,
    "performance_grade": "고성능",
    "cpu_benchmarkscore": 34357,
    "gpu_benchmarkscore": 31768
}