{
    "quote_number": "2872",
    "quote_title": "AMD 라이젠5-5세대 7500F",
    "date_create": "2024.2.13",
    "cpu_gpu_combinations": "라이젠5 7500F +  조합",
    "quotation_summary": " AMD 라이젠5-5세대 7500F# 사무",
    "quote_person_introduction": "안녕하세요! 인벤에서 주로 활동하고 있는 Skywalkers입니다.가성비와 성능비 그리고 감성비까지 모두 고려해서 가장 합리적인 구성을 찾을 수 있도록 추천을 드리겠습니다.",
    "quote_feedback": "1. 메인보드는 드라이버 모스펫 전원부와 히트싱크 그리고 램슬롯 4개가 적용된 ASRock B650M PG Lightning 에즈윈으로 변경2. 케이스는 현재 유통중인 제품 중에서 가장 조용한 편에 속하는 3RSYS S100 Quiet 블랙 (미들타워)로 변경조용하기로 따지만 최고 수준의 케이스입니다.3. CPU쿨러는 7500F의 경우 듀얼타워 공랭쿨러가 필요할 만큼 온도가 높지 않습니다.싱글타워 대장급 성능이면서 풀로드가 걸려도 아주 조용한 저소음 특화 제품이라고 할 수 있는 3RSYS Socoool RC350 QUIET (BLACK)으로 변경완벽한 저소음 시스템 조합입니다.4. 메인보드에서 M.2 방열판을 제공하지 않아서 저렴한 방열판도 하나 추가했습니다.참고해서 합리적인 구매하시기 바랍니다.",
    "computer_estimate_data": "[CPU]AMD 라이젠5-5세대 7500F (라파엘) (멀티팩(정품))상세보기[메인보드]ASRock B650M PG Lightning 에즈윈상세보기[메모리]ESSENCORE KLEVV DDR5-6000 CL30 BOLT V 패키지 서린 (32GB(16Gx2))상세보기[SSD]마이크론 Crucial T500 M.2 NVMe 대원씨티에스 (1TB)상세보기[케이스]3RSYS S100 Quiet 블랙 (미들타워)상세보기[파워서플라이]NEWZEN SKULL 750SM MODULAR ATX 3.0 80PLUS GOLD (PCIE5)상세보기[CPU쿨러]3RSYS Socoool RC350 QUIET (BLACK)상세보기[쿨러.튜닝.조명.액세서리]장우컴퍼니 JW-HTK01 M.2 방열판상세보기[조립PC관련][견적왕] 조립 서비스 + 1년 출장 A/S상세보기",
    "quote_description": "SSD는 PCI-E 4.0 새롭게 떠오르는 가성비 SSD",
    "parts_price": {
        "CPU": {
            "제품명": "AMD 라이젠5-5세대 7500F",
            "가격": "204,890원",
            "수량": "1"
        },
        "메인보드": {
            "제품명": "ASRock B650M PG Lightning 에즈윈",
            "가격": "156,010원",
            "수량": "1"
        },
        "메모리": {
            "제품명": "ESSENCORE KLEVV DDR5-6000 CL30 BOLT V 패키지 서린) 32GB",
            "가격": "167,970원",
            "수량": "1"
        },
        "SSD": {
            "제품명": "마이크론 Crucial T500 M.2 NVMe 대원씨티에스 1TB",
            "가격": "128,000원",
            "수량": "1"
        },
        "케이스": {
            "제품명": "3RSYS S100 Quiet 블랙",
            "가격": "69,100원",
            "수량": "1"
        },
        "파워서플라이": {
            "제품명": "NEWZEN SKULL 750SM MODULAR ATX 3.0 80PLUS GOLD",
            "가격": "124,830원",
            "수량": "1"
        },
        "CPU쿨러": {
            "제품명": "3RSYS Socoool RC350 QUIET",
            "가격": "28,500원",
            "수량": "1"
        },
        "쿨러.튜닝.조명.액세서리": {
            "제품명": "장우컴퍼니 JW-HTK01 M.2 방열판",
            "가격": "1,200원",
            "수량": "1"
        }
    },
    "total_price": "880500원",
    "CPU": "AMD 라이젠5-5세대 7500F (라파엘) (멀티팩(정품))",
    "Motherboard": "ASRock B650M PG Lightning 에즈윈",
    "SSD": "마이크론 Crucial T500 M.2 NVMe 대원씨티에스 (1TB)",
    "Memory": "ESSENCORE KLEVV DDR5-6000 CL30 BOLT V 패키지 서린 (32GB(16Gx2))",
    "Power Supply": "NEWZEN SKULL 750SM MODULAR ATX 3.0 80PLUS GOLD (PCIE5)",
    "CPU Cooler": "3RSYS Socoool RC350 QUIET (BLACK)",
    "cpu_score": 355,
    "gpu_score": null,
    "performance_grade": "정보 없음",
    "cpu_benchmarkscore": 26926,
    "gpu_benchmarkscore": null
}