{
    "quote_number": "2891",
    "quote_title": "5600 + RTX 3050 100 이하 가성비 FHD 게이밍",
    "date_create": "2024.2.13",
    "cpu_gpu_combinations": "라이젠5 5600 + RTX 3050 조합",
    "quotation_summary": " 5600 + RTX 3050 100 이하 가성비 FHD 게이밍# 5600 + RTX 3050 100 이하 가성비 FHD 게이밍",
    "quote_person_introduction": "퀘이사존, 다나와, 쿨엔에서 활동 중인  잉여인간17호입니다.다양한 필테 경력과 컴덕질을 경험삼아 도움 드리고자 합니다.어떠한 스폰도 받지 않는 유저 입장에서 직접 사용해보고 테스트한 견적 위주로 견적드리겠습니다.",
    "quote_feedback": "5600 + RTX 3050 100 이하 가성비 FHD 게이밍",
    "computer_estimate_data": "[CPU]AMD 라이젠5-4세대 5600 (버미어) (멀티팩(정품))상세보기[메인보드]ASUS PRIME A520M-A II 대원CTS상세보기[메모리]마이크론 Crucial DDR4 8G PC4-25600 CL22 x 2 개상세보기[그래픽카드]GIGABYTE 지포스 RTX 3050 EAGLE OC D6 6GB 피씨디렉트상세보기[SSD]SK하이닉스 GOLD P31 M2 NVMe (500GB)상세보기[케이스]EDDY A1 RGB MESH 강화유리 (미들타워)상세보기[파워서플라이]몬스타 가츠 ExtremeX FX600 80PLUS STANDARD상세보기[CPU쿨러]쿨러마스터 HYPER 420S ARGB상세보기[조립PC관련][견적왕] 조립 서비스 + 1년 출장 A/S상세보기",
    "quote_description": "CPU는 여전히 가성비 게이밍 CPU로 명성이 자자한 CPU입니다.메인보드는 DP와 HDMI 포트를 모두 지원해 듀얼 모니터 사용도 문제 없고 모니터 호환성도 좋은 가성비 보드입니다.메모리는 가격도 좋고 보증 정책 괜찮은 메모리입니다.SSD는 이천 특산물로 불리며 낮은 발열과 뛰어난 성능으로 게임용이나 사무용도로도 훌륭한 제품입니다. \n안정성이 이미 검증된 제품이죠케이스는 그래픽카드 호환성 350mm로 3만원대에 호환성도 가장 뛰어나고 쿨링팬도 6개로 쿨링성능도 준수한 갓성비 케이스입니다.파워서플라이는 스탠다드 인증에 6년 무상 AS를 지원하고 보급형에선 보기 힘든 9종에 보호회로가 적용된 가성비 좋은 파워입니다.CPU쿨러는 2만원 이하에 준수한 성능과 ARGB를 지원하는 가성비 좋은 쿨러입니다.",
    "parts_price": {
        "CPU": {
            "제품명": "AMD 라이젠5-4세대 5600",
            "가격": "143,660원",
            "수량": "1"
        },
        "메인보드": {
            "제품명": "ASUS PRIME A520M-A II 대원CTS",
            "가격": "71,450원",
            "수량": "1"
        },
        "메모리": {
            "제품명": "마이크론 Crucial DDR4 8G PC4-25600 CL22",
            "가격": "21,480원",
            "수량": "2"
        },
        "그래픽카드": {
            "제품명": "GIGABYTE 지포스 RTX 3050 EAGLE OC D6 6GB 피씨디렉트",
            "가격": "272,740원",
            "수량": "1"
        },
        "SSD": {
            "제품명": "SK하이닉스 GOLD P31 M2 NVMe 500GB",
            "가격": "79,000원",
            "수량": "1"
        },
        "케이스": {
            "제품명": "EDDY A1 RGB MESH 강화유리",
            "가격": "33,380원",
            "수량": "1"
        },
        "파워서플라이": {
            "제품명": "몬스타 가츠 ExtremeX FX600 80PLUS STANDARD",
            "가격": "40,640원",
            "수량": "1"
        },
        "CPU쿨러": {
            "제품명": "쿨러마스터 HYPER 420S ARGB",
            "가격": "17,750원",
            "수량": "1"
        }
    },
    "total_price": "701580원",
    "CPU": "AMD 라이젠5-4세대 5600 (버미어) (멀티팩(정품))",
    "Motherboard": "ASUS PRIME A520M-A II 대원CTS",
    "Graphic Card": "GIGABYTE 지포스 RTX 3050 EAGLE OC D6 6GB 피씨디렉트",
    "SSD": "SK하이닉스 GOLD P31 M2 NVMe (500GB)",
    "Memory": "마이크론 Crucial DDR4 8G PC4-25600 CL22 x 2 개",
    "Power Supply": "몬스타 가츠 ExtremeX FX600 80PLUS STANDARD",
    "CPU Cooler": "쿨러마스터 HYPER 420S ARGB",
    "cpu_score": 504,
    "gpu_score": 196,
    "performance_grade": "중성능",
    "cpu_benchmarkscore": 21908,
    "gpu_benchmarkscore": 10896
}