{
    "quote_number": "2960",
    "quote_title": "AMD 라이젠7-5세대 7800X3D",
    "date_create": "2024.2.15",
    "cpu_gpu_combinations": "라이젠7 7800X3D +  조합",
    "quotation_summary": " AMD 라이젠7-5세대 7800X3D# 게임",
    "quote_person_introduction": "안녕하세요! 인벤에서 주로 활동하고 있는 Skywalkers입니다.가성비와 성능비 그리고 감성비까지 모두 고려해서 가장 합리적인 구성을 찾을 수 있도록 추천을 드리겠습니다.",
    "quote_feedback": "1. SSD는 5년 무상AS의 갓성비 젠4 제품인 MSI SPATIUM M480 PRO M.2 NVMe (2TB)로 변경읽기속도 : 7,400(MB/s) / 쓰기속도 : 7,000(MB/s)로 최고 수준의 성능이면서 DDR4 2GB 용량의 디램 버퍼 메모리가 적용되어 있습니다.2. CPU쿨러는 성능 차이가 없으면서 소음도 낮고 미친 수준의 가성비를 제공하는 3RSYS Socoool RC 1800 Quiet ARGB (BLACK)으로 변경참고해서 합리적인 구매하시기 바랍니다.",
    "computer_estimate_data": "[CPU]AMD 라이젠7-5세대 7800X3D (라파엘) (멀티팩(정품))상세보기[메인보드]ASUS PRIME X670-P-CSM 대원씨티에스상세보기[메모리]TeamGroup DDR5-5600 CL46 Elite 서린 (16GB) x 2 개상세보기[SSD]MSI SPATIUM M480 PRO M.2 NVMe (2TB)상세보기[데스크탑 HDD]Toshiba P300 5400/128M (HDWD260, 6TB)상세보기[케이스]3RSYS R640 Quiet 블랙 (미들타워)상세보기[파워서플라이]마이크로닉스 Classic II 1050W 80PLUS GOLD 230V EU 풀모듈러12VHPWR 케이블 제공상세보기[CPU쿨러]3RSYS Socoool RC 1800 Quiet ARGB (BLACK)상세보기[조립PC관련][견적왕] 조립 서비스 + 1년 출장 A/S상세보기",
    "quote_description": "파워서플라이는 10년 무상AS에 새제품 교환서비스에 플래티넘을 상회하는 효율의 골드인증 풀모듈러 파워",
    "parts_price": {
        "CPU": {
            "제품명": "AMD 라이젠7-5세대 7800X3D",
            "가격": "519,990원",
            "수량": "1"
        },
        "메인보드": {
            "제품명": "ASUS PRIME X670-P-CSM 대원씨티에스",
            "가격": "403,730원",
            "수량": "1"
        },
        "메모리": {
            "제품명": "TeamGroup DDR5-5600 CL46 Elite 서린  16GB",
            "가격": "64,450원",
            "수량": "2"
        },
        "SSD": {
            "제품명": "MSI SPATIUM M480 PRO M.2 NVMe 2TB",
            "가격": "233,190원",
            "수량": "1"
        },
        "데스크탑 HDD": {
            "제품명": "Toshiba P300 5400/128M",
            "가격": "162,740원",
            "수량": "1"
        },
        "케이스": {
            "제품명": "3RSYS R640 Quiet 블랙",
            "가격": "85,800원",
            "수량": "1"
        },
        "파워서플라이": {
            "제품명": "마이크로닉스 Classic II 1050W 80PLUS GOLD 230V EU 풀모듈러12VHPWR 케이블 제공",
            "가격": "199,000원",
            "수량": "1"
        },
        "CPU쿨러": {
            "제품명": "3RSYS Socoool RC 1800 Quiet ARGB",
            "가격": "30,650원",
            "수량": "1"
        }
    },
    "total_price": "1764000원",
    "CPU": "AMD 라이젠7-5세대 7800X3D (라파엘) (멀티팩(정품))",
    "Motherboard": "ASUS PRIME X670-P-CSM 대원씨티에스",
    "SSD": "MSI SPATIUM M480 PRO M.2 NVMe (2TB)",
    "Memory": "TeamGroup DDR5-5600 CL46 Elite 서린 (16GB) x 2 개",
    "Power Supply": "마이크로닉스 Classic II 1050W 80PLUS GOLD 230V EU 풀모듈러12VHPWR 케이블 제공",
    "CPU Cooler": "3RSYS Socoool RC 1800 Quiet ARGB (BLACK)",
    "cpu_score": 225,
    "gpu_score": null,
    "performance_grade": "정보 없음",
    "cpu_benchmarkscore": 34357,
    "gpu_benchmarkscore": null
}