{
    "quote_number": "2976",
    "quote_title": "AMD 라이젠5-5세대 7500F + 지포스 RTX 4070 Ti SUPER",
    "date_create": "2024.2.15",
    "cpu_gpu_combinations": "라이젠5 7500F + RTX 4070 Ti SUPER 조합",
    "quotation_summary": " AMD 라이젠5-5세대 7500F + 지포스 RTX 4070 Ti SUPER# 게임",
    "quote_person_introduction": "안녕하세요! 인벤에서 주로 활동하고 있는 Skywalkers입니다.가성비와 성능비 그리고 감성비까지 모두 고려해서 가장 합리적인 구성을 찾을 수 있도록 추천을 드리겠습니다.",
    "quote_feedback": "1. 메인보드는 전원부 히트싱크가 적용되어 있는 ASUS EX B650M-V7 대원씨티에스로 변경비슷한 금액대라면 커브 옵티마이저를 지원하지 않는 하위 칩셋인 A620보다는 상위 칩셋인 B650으로 구성하는 것이 좋습니다.2. 메모리는 라이프타임 워런티로 압도적인 AS기간을 제공하는 팀그룹 5600MHz 고클럭 규격램 16기가 2개 32기가로 변경3. 그래픽카드는 1티어 AS에 2년 추가 RMA포함 총 5년의 무상AS를 제공하고 동일한 제품군에서는 가격적인 메리트도 있는 조택 4070 Ti SUPER로 변경했습니다. 고가의 그래픽카드일수록 추가되는 2년의 무상AS는 아주 큰 메리트가 됩니다.4. SSD는 5년 무상AS의 갓성비 젠4 제품인 MSI SPATIUM M480 PRO M.2 NVMe (2TB)로 변경읽기속도 : 7,400(MB/s) / 쓰기속도 : 7,000(MB/s)로 최고 수준의 성능이면서 DDR4 2GB 용량의 디램 버퍼 메모리가 적용되어 있습니다. 저렴한 방열판도 하나 추가했습니다.5. 케이스는 식스팬 기본 장착에 메인보드 CPU 장착 후면부에 120mm 팬을 추가 장착하여 CPU의 온도를 효과적으로 낮출 수 있도록 설계되어 최고 수준의 쿨링 효율을 보여주는 세븐 팬 제품인 잘만 N7 PLUS Black (미들타워)로 변경LED OFF도 가능하고 동시에 팬 속도 조절도 되는 장점이 아주 많은 제품입니다.6. 파워는 동일 제품 850W로 용량을 높였습니다.7. CPU쿨러는 케이스와도 잘 어울리고 성능도 좋고 ARGB를 지원하는 제품 중에서는 가격적인 메리트도 가장 높은 갓성비 제품인 3RSYS Socoool RC350 ARGB (BLACK)으로 변경참고해서 합리적인 구매하시기 바랍니다.",
    "computer_estimate_data": "[CPU]AMD 라이젠5-5세대 7500F (라파엘) (멀티팩(정품))상세보기[메인보드]ASUS EX B650M-V7 대원씨티에스상세보기[메모리]TeamGroup DDR5-5600 CL46 Elite 서린 (16GB) x 2 개상세보기[그래픽카드]ZOTAC 지포스 RTX 4070 Ti SUPER Trinity D6X 16GB Black상세보기[SSD]MSI SPATIUM M480 PRO M.2 NVMe (2TB)상세보기[데스크탑 HDD]Western Digital WD BLUE 5400/256M (WD40EZAX, 4TB)상세보기[케이스]잘만 N7 PLUS Black (미들타워)상세보기[파워서플라이]NEWZEN SKULL 850SM MODULAR ATX 3.0 80PLUS GOLD (PCIE5)상세보기[CPU쿨러]3RSYS Socoool RC350 ARGB (BLACK)상세보기[소프트웨어]Microsoft Windows 11 Home (처음사용자용 한글)상세보기[쿨러.튜닝.조명.액세서리]장우컴퍼니 JW-HTK01 M.2 방열판상세보기[조립PC관련][견적왕] 조립 서비스 + 1년 출장 A/S상세보기",
    "quote_description": "",
    "parts_price": {
        "CPU": {
            "제품명": "AMD 라이젠5-5세대 7500F",
            "가격": "204,890원",
            "수량": "1"
        },
        "메인보드": {
            "제품명": "ASUS EX B650M-V7 대원씨티에스",
            "가격": "137,680원",
            "수량": "1"
        },
        "메모리": {
            "제품명": "TeamGroup DDR5-5600 CL46 Elite 서린  16GB",
            "가격": "64,450원",
            "수량": "2"
        },
        "그래픽카드": {
            "제품명": "ZOTAC 지포스 RTX 4070 Ti SUPER Trinity D6X 16GB Black",
            "가격": "1,189,800원",
            "수량": "1"
        },
        "SSD": {
            "제품명": "MSI SPATIUM M480 PRO M.2 NVMe 2TB",
            "가격": "233,190원",
            "수량": "1"
        },
        "데스크탑 HDD": {
            "제품명": "Western Digital WD BLUE 5400/256M",
            "가격": "158,000원",
            "수량": "1"
        },
        "케이스": {
            "제품명": "잘만 N7 PLUS Black",
            "가격": "39,950원",
            "수량": "1"
        },
        "파워서플라이": {
            "제품명": "NEWZEN SKULL 850SM MODULAR ATX 3.0 80PLUS GOLD",
            "가격": "129,680원",
            "수량": "1"
        },
        "CPU쿨러": {
            "제품명": "3RSYS Socoool RC350 ARGB",
            "가격": "22,800원",
            "수량": "1"
        },
        "소프트웨어": {
            "제품명": "Microsoft Windows 11 Home",
            "가격": "173,670원",
            "수량": "1"
        },
        "쿨러.튜닝.조명.액세서리": {
            "제품명": "장우컴퍼니 JW-HTK01 M.2 방열판",
            "가격": "1,200원",
            "수량": "1"
        }
    },
    "total_price": "2419760원",
    "CPU": "AMD 라이젠5-5세대 7500F (라파엘) (멀티팩(정품))",
    "Motherboard": "ASUS EX B650M-V7 대원씨티에스",
    "Graphic Card": "ZOTAC 지포스 RTX 4070 Ti SUPER Trinity D6X 16GB Black",
    "SSD": "MSI SPATIUM M480 PRO M.2 NVMe (2TB)",
    "Memory": "TeamGroup DDR5-5600 CL46 Elite 서린 (16GB) x 2 개",
    "Power Supply": "NEWZEN SKULL 850SM MODULAR ATX 3.0 80PLUS GOLD (PCIE5)",
    "CPU Cooler": "3RSYS Socoool RC350 ARGB (BLACK)",
    "cpu_score": 355,
    "gpu_score": 4,
    "performance_grade": "중성능",
    "cpu_benchmarkscore": 26926,
    "gpu_benchmarkscore": 31768
}