{
    "quote_number": "3042",
    "quote_title": "가정용게임컴퓨터no.01",
    "date_create": "2024.2.16",
    "cpu_gpu_combinations": "코어i5-12400F + RTX 3050 조합",
    "quotation_summary": " 게임성능을 생각하고 가성비를 고려하였습니다.# 80만원대 중저가 게임컴퓨터",
    "quote_person_introduction": "조립 PC는 제품 조립 완료 후 윈도우 설치 테스트 후에 출고하고 있습니다.조립에 사용되는 제품들은 인플루언서의 견적 내용과 동일한 정품이며 새 제품을 사용합니다.현금영수증은 100% 발행합니다.전화 02-704-8834 언제든지 문의해 주십시오.",
    "quote_feedback": "",
    "computer_estimate_data": "[CPU]인텔 코어i5-12세대 12400F (엘더레이크)(벌크)상세보기[메인보드]Biostar H610MH D5 이엠텍상세보기[메모리]삼성전자 DDR4-3200 (8GB) PC4-25600 x 2 개상세보기[그래픽카드]갤럭시 갤라즈 GALAX 지포스 RTX 3050 V2 D6 8GB상세보기[SSD]HIKSEMI WAVE M.2 NVMe (512GB)상세보기[케이스]DAVEN D6 MESH 강화유리 블랙 (미들타워)상세보기[파워서플라이]마이크로닉스 Classic II 풀체인지 600W 80PLUS BRONZE 230V EU상세보기[CPU쿨러]인텔 Laminar RM1상세보기[조립PC관련][견적왕] 조립 서비스 + 1년 출장 A/S상세보기",
    "quote_description": "",
    "parts_price": {
        "CPU": {
            "제품명": "인텔 코어i5-12세대 12400F",
            "가격": "160,990원",
            "수량": "1"
        },
        "메인보드": {
            "제품명": "Biostar H610MH D5 이엠텍",
            "가격": "86,000원",
            "수량": "1"
        },
        "메모리": {
            "제품명": "삼성전자 DDR4-3200 PC4-25600  8GB",
            "가격": "20,750원",
            "수량": "2"
        },
        "그래픽카드": {
            "제품명": "갤럭시 갤라즈 GALAX 지포스 RTX 3050 V2 D6 8GB",
            "가격": "372,580원",
            "수량": "1"
        },
        "SSD": {
            "제품명": "HIKSEMI WAVE M.2 NVMe 512GB",
            "가격": "55,000원",
            "수량": "1"
        },
        "케이스": {
            "제품명": "DAVEN D6 MESH 강화유리 블랙",
            "가격": "36,890원",
            "수량": "1"
        },
        "파워서플라이": {
            "제품명": "마이크로닉스 Classic II 풀체인지 600W 80PLUS BRONZE 230V EU",
            "가격": "57,400원",
            "수량": "1"
        },
        "CPU쿨러": {
            "제품명": "인텔 Laminar RM1",
            "가격": "9,800원",
            "수량": "1"
        }
    },
    "total_price": "820160원",
    "CPU": "인텔 코어i5-12세대 12400F (엘더레이크)(벌크)",
    "Motherboard": "Biostar H610MH D5 이엠텍",
    "Graphic Card": "갤럭시 갤라즈 GALAX 지포스 RTX 3050 V2 D6 8GB",
    "SSD": "HIKSEMI WAVE M.2 NVMe (512GB)",
    "Memory": "삼성전자 DDR4-3200 (8GB) PC4-25600 x 2 개",
    "Power Supply": "마이크로닉스 Classic II 풀체인지 600W 80PLUS BRONZE 230V EU",
    "CPU Cooler": "인텔 Laminar RM1",
    "cpu_score": 595,
    "gpu_score": 170,
    "performance_grade": "저성능",
    "cpu_benchmarkscore": 19566,
    "gpu_benchmarkscore": 12885
}