{
    "quote_number": "3058",
    "quote_title": "AMD 라이젠5-4세대 5600 + 지포스 RTX 4060",
    "date_create": "2024.2.16",
    "cpu_gpu_combinations": "라이젠5 5600 + RTX 4060 조합",
    "quotation_summary": " AMD 라이젠5-4세대 5600 + 지포스 RTX 4060# 게임",
    "quote_person_introduction": "안녕하세요! 인벤에서 주로 활동하고 있는 Skywalkers입니다.가성비와 성능비 그리고 감성비까지 모두 고려해서 가장 합리적인 구성을 찾을 수 있도록 추천을 드리겠습니다.",
    "quote_feedback": "1. CPU는 게임 가성비가 가장 좋은 5600으로 구성2. 메인보드는 전원부 히트싱크와 램 슬롯 4개가 적용되어 있는 ASUS PRIME B550M-A 대원CTS로 구성3. 메모리는 라이프타임 워런티로 압도적인 AS기간을 제공하고 SK하이닉스 모듈을 사용해서 안정성도 높고 가격도 저렴한 ESSENCORE KLEVV DDR4-3200 CL22 (8GB) 2개 16기가로 구성4. 그래픽카드는 1티어 AS에 가격적인 메리트도 높은 갤럭시 GALAX 지포스 RTX 4060 2X OC V2 D6 8GB로 구성5. SSD는 젠4 제품 중 넘사벽 갓성비의 삼성전자 980PRO OEM버전인 삼성전자 PM9A1 M2 NVMe 병행수입 (1TB)으로 변경했고, 저렴한 방열판도 하나 추가했습니다.6. 케이스는 보급형 끝판왕급 제품인 3RSYS J540 (미들타워)로 구성7. 파워는 정격 600W 브론즈 인증 제품인 쿨러마스터 MWE 600 BRONZE V2 230V로 구성8. CPU쿨러는 싱글타워 끝판왕급 성능에 AM4 무뽑방지 세이프티 브라켓을 제공하면서 최근 3만원 대에서 만원 중후반대로 가격을 대폭인하해서 갓성비 중에서도 갓성비라고 할 수 있는 3RSYS TEAMMOST TM40으로 구성참고해서 합리적인 구매하시기 바랍니다.",
    "computer_estimate_data": "[CPU]AMD 라이젠5-4세대 5600 (버미어) (멀티팩(정품))상세보기[메인보드]ASUS PRIME B550M-A 대원CTS상세보기[메모리]ESSENCORE KLEVV DDR4-3200 CL22 (8GB) x 2 개상세보기[그래픽카드]갤럭시 GALAX 지포스 RTX 4060 2X OC V2 D6 8GB상세보기[SSD]삼성전자 PM9A1 M2 NVMe 병행수입 (1TB)상세보기[케이스]3RSYS J540 (미들타워)상세보기[파워서플라이]쿨러마스터 MWE 600 BRONZE V2 230V상세보기[CPU쿨러]3RSYS TEAMMOST TM40상세보기[조립PC관련][견적왕] 조립 서비스 + 1년 출장 A/S상세보기",
    "quote_description": "CPU는 현재 게임 가성비가 가장 좋은 CPU메인보드는 전원부 방열판이 적용된 B550 칩셋 중 가성비가 좋은 메인보드케이스는 보급형 끝판왕급 제품",
    "parts_price": {
        "CPU": {
            "제품명": "AMD 라이젠5-4세대 5600",
            "가격": "143,660원",
            "수량": "1"
        },
        "메인보드": {
            "제품명": "ASUS PRIME B550M-A 대원CTS",
            "가격": "113,890원",
            "수량": "1"
        },
        "메모리": {
            "제품명": "ESSENCORE KLEVV DDR4-3200 CL22  8GB",
            "가격": "20,510원",
            "수량": "2"
        },
        "그래픽카드": {
            "제품명": "갤럭시 GALAX 지포스 RTX 4060 2X OC V2 D6 8GB",
            "가격": "435,570원",
            "수량": "1"
        },
        "SSD": {
            "제품명": "삼성전자 PM9A1 M2 NVMe 병행수입 1TB",
            "가격": "101,110원",
            "수량": "1"
        },
        "케이스": {
            "제품명": "3RSYS J540",
            "가격": "31,800원",
            "수량": "1"
        },
        "파워서플라이": {
            "제품명": "쿨러마스터 MWE 600 BRONZE V2 230V",
            "가격": "71,400원",
            "수량": "1"
        },
        "CPU쿨러": {
            "제품명": "3RSYS TEAMMOST TM40",
            "가격": "18,800원",
            "수량": "1"
        }
    },
    "total_price": "957250원",
    "CPU": "AMD 라이젠5-4세대 5600 (버미어) (멀티팩(정품))",
    "Motherboard": "ASUS PRIME B550M-A 대원CTS",
    "Graphic Card": "갤럭시 GALAX 지포스 RTX 4060 2X OC V2 D6 8GB",
    "SSD": "삼성전자 PM9A1 M2 NVMe 병행수입 (1TB)",
    "Memory": "ESSENCORE KLEVV DDR4-3200 CL22 (8GB) x 2 개",
    "Power Supply": "쿨러마스터 MWE 600 BRONZE V2 230V",
    "CPU Cooler": "3RSYS TEAMMOST TM40",
    "cpu_score": 504,
    "gpu_score": 32,
    "performance_grade": "중성능",
    "cpu_benchmarkscore": 21908,
    "gpu_benchmarkscore": 22891
}