{
    "quote_number": "3074",
    "quote_title": "스팀게임 발더스3 팰월드 팔월드 AFMF 라라랜드 라이젠 5600 + RX 7600 FHD 게이밍 컴퓨터 견적",
    "date_create": "2024.2.23",
    "cpu_gpu_combinations": "라이젠5 5600 + RX 7600 조합",
    "quotation_summary": " 라이젠 5600 / RX 7600 / RAM 32GB / SSD 1TB# FHD 게이밍# AFMF# 라라랜드# 스팀게임# 팰월드# 팔월드# 발더스게이트3",
    "quote_person_introduction": "안녕하세요. 로카프입니다.우리 주변에는 아직 컴퓨터 견적구성을 어떻게 할 지 몰라 고민에 빠지는 분들이 많이 계십니다.성능은 괜찮을까? 고장은 나지 않을까? 가격은 괜찮은건가? 이런 고민들을 한 번쯤은 해보셨을 겁니다.용도에 알맞는 성능과 합리적인 가격, 최우선으로 안정성과 신뢰도 높은 부품들로 구성된 견적을 추천해드리겠습니다.컴퓨터를 처음 알아보시는 분들의 입장에서 생각하고 견적을 구성해드리는 견적맨이 되겠습니다.",
    "quote_feedback": "100만원 전후 견적 구성 시 가성비가 매우 좋은 라이젠 5600 CPU이며메인보드는 PCIe4.0까지 지원하는 B550칩셋 제품입니다.메모리는 팰월드 플레이 고려해서 16GB 2장 총 32GB로 맞춰드렸으며SSD는 PCIe3.0 규격의 발열 적은 1TB 제품입니다.그래픽카드는 발더스게이트3에서 RTX 4060 대비 RX 7600의 게임성능이 좀 더 좋으며 금액부담 덜 수 있고AFMF 기능 활용해서 게임프레임 좀 더 높여볼 수 있습니다.파워는 600W 용량 제품이면 충분하며CPU쿨러는 AM4소켓 CPU구성이므로 무뽑방지킷 제공하는 제품 추천드립니다.",
    "computer_estimate_data": "[CPU]AMD 라이젠5-4세대 5600 (버미어) (멀티팩(정품))상세보기[메인보드]ASUS PRIME B550M-A 대원CTS상세보기[메모리]마이크론 Crucial DDR4-3200 CL22 (16GB) x 2 개상세보기[그래픽카드]ASRock 라데온 RX 7600 CHALLENGER OC D6 8GB 대원씨티에스상세보기[SSD]SK하이닉스 Gold P31 M2 NVMe (1TB)상세보기[케이스]DARKFLASH DK290 Air MESH RGB 강화유리 블랙 (미들타워)상세보기[파워서플라이]SuperFlower SF-600R12ST MEGA 80PLUS STANDARD 230V EU상세보기[CPU쿨러]DARKFLASH Ellsworth S21 ARGB (블랙)상세보기[조립PC관련][견적왕] 조립 서비스 + 1년 출장 A/S상세보기",
    "quote_description": "CPU는 6코어 12쓰레드 구조로 A520 메인보드와 싱글타워공랭쿨러 구성만으로도 쾌적하게 작동합니다. 또한 출시때부터 초가성비 견적을 구성할 때 많이 추천되고 있는 라이젠 5600입니다.메인보드는 B550 보드 중에서 가격적으로 큰 부담이 없으며, 5600/5600X를 충분히 뒷받침해줄 수 있는 전원부 구성을 가진 메인보드입니다. 또한, B550 칩셋이므로 PCIe 4.0을 지원하고 있습니다.메모리는 삼성전자 제품보다 소폭 저렴하면서 성능은 동일하고 라이프 워런티 A/S 정책으로 사후서비스면에서 메리트가 있는 제품입니다.그래픽카드는 RTX 3060 12GB와 비슷한 금액대에서 좀 더 좋은성능, RTX 4060과 비슷한 게임성능을 보여주는 RX7600입니다.SSD는 PCIe 3.0 방식의 SSD에서는 이견이 없는 최고의 SSD입니다. 성능이면 성능, 발열이면 발열 모두 최고입니다.케이스는 120mm팬 6개와 수직받침대형태의 그래픽카드지지대가 기본구성되어있는 DK290입니다. 제원 상 CPU쿨러 최대호환가능높이는 165mm이며 그래픽카드 최대호환가능길이는 340mm입니다. 상단의 LED 컨트롤 버튼으로 LED모드 및 기본팬 RPM 속도 조정이 가능합니다.파워서플라이는 국내 유통중인 파워중 A/S정책이 가장 좋은 슈퍼플라워사의 600W 파워입니다. 고주파 증상 발생 시에도 원활한 A/S 진행이 가능합니다!CPU쿨러는 2~3만원대 쿨러 중 가성비가 뛰어난 제품으로, AM4소켓 CPU 구성시 발생할 수 있는 무뽑기 파손증상 방지키트가 구성품에 포함되어 있습니다.",
    "parts_price": {
        "CPU": {
            "제품명": "AMD 라이젠5-4세대 5600",
            "가격": "143,660원",
            "수량": "1"
        },
        "메인보드": {
            "제품명": "ASUS PRIME B550M-A 대원CTS",
            "가격": "113,890원",
            "수량": "1"
        },
        "메모리": {
            "제품명": "마이크론 Crucial DDR4-3200 CL22  16GB",
            "가격": "39,610원",
            "수량": "2"
        },
        "그래픽카드": {
            "제품명": "ASRock 라데온 RX 7600 CHALLENGER OC D6 8GB 대원씨티에스",
            "가격": "327,990원",
            "수량": "1"
        },
        "SSD": {
            "제품명": "SK하이닉스 Gold P31 M2 NVMe 1TB",
            "가격": "138,000원",
            "수량": "1"
        },
        "케이스": {
            "제품명": "DARKFLASH DK290 Air MESH RGB 강화유리 블랙",
            "가격": "39,760원",
            "수량": "1"
        },
        "파워서플라이": {
            "제품명": "SuperFlower SF-600R12ST MEGA 80PLUS STANDARD 230V EU",
            "가격": "61,500원",
            "수량": "1"
        },
        "CPU쿨러": {
            "제품명": "DARKFLASH Ellsworth S21 ARGB",
            "가격": "27,000원",
            "수량": "1"
        }
    },
    "total_price": "931020원",
    "CPU": "AMD 라이젠5-4세대 5600 (버미어) (멀티팩(정품))",
    "Motherboard": "ASUS PRIME B550M-A 대원CTS",
    "Graphic Card": "ASRock 라데온 RX 7600 CHALLENGER OC D6 8GB 대원씨티에스",
    "SSD": "SK하이닉스 Gold P31 M2 NVMe (1TB)",
    "Memory": "마이크론 Crucial DDR4-3200 CL22 (16GB) x 2 개",
    "Power Supply": "SuperFlower SF-600R12ST MEGA 80PLUS STANDARD 230V EU",
    "CPU Cooler": "DARKFLASH Ellsworth S21 ARGB (블랙)",
    "cpu_score": 504,
    "gpu_score": 72,
    "performance_grade": "중성능",
    "cpu_benchmarkscore": 21908,
    "gpu_benchmarkscore": 17905
}