{
    "quote_number": "3111",
    "quote_title": "7500F + 4070 SUPER QHD 화이트 게이밍",
    "date_create": "2024.2.18",
    "cpu_gpu_combinations": "라이젠5 7500F + RTX 4070 SUPER 조합",
    "quotation_summary": " 7500F + 4070 SUPER QHD 화이트 게이밍# 7500F + 4070 SUPER QHD 화이트 게이밍",
    "quote_person_introduction": "퀘이사존, 다나와, 쿨엔에서 활동 중인  잉여인간17호입니다.다양한 필테 경력과 컴덕질을 경험삼아 도움 드리고자 합니다.어떠한 스폰도 받지 않는 유저 입장에서 직접 사용해보고 테스트한 견적 위주로 견적드리겠습니다.",
    "quote_feedback": "7500F + 4070 SUPER QHD 화이트 게이밍",
    "computer_estimate_data": "[CPU]AMD 라이젠5-5세대 7500F (라파엘) (멀티팩(정품))상세보기[메인보드]ASRock B650M Pro RS 대원씨티에스상세보기[메모리]TeamGroup T-Force DDR5-6000 CL38 Delta RGB 화이트 패키지 서린 (32GB(16Gx2))상세보기[그래픽카드]이엠텍 지포스 RTX 4070 SUPER MIRACLE WHITE D6X 12GB상세보기[SSD]마이크론 Crucial T500 M.2 NVMe 대원씨티에스 (1TB)상세보기[케이스]DARKFLASH DRX70 MESH RGB 강화유리 화이트 (미들타워)상세보기[파워서플라이]NEWZEN SKULL 750SM MODULAR ATX 3.0 80PLUS GOLD WHITE (PCIE5)상세보기[CPU쿨러]3RSYS Socoool RC350 ARGB (WHITE)상세보기[조립PC관련][견적왕] 조립 서비스 + 1년 출장 A/S상세보기",
    "quote_description": "CPU는 최고의 게이밍 가성비 CPU입니다메인보드는 실버계열 방열판과 Dr.MOS 전원부가 탑재된 가성비 좋은 보드입니다.메모리는 화이트 감성에 화이트 튜닝 메모리가 빠질 수 없겠죠 ^^그래픽카드는 AS 1티어 이엠텍의 RTX 4070 SUPER입니다.SSD는 PCIe4.0 최상급 성능의 SSD입니다.케이스는 전면 TYPE-C 포트를 지원하고, 그래픽카드 지지대 기본 구성에 금액대도 합리적인 다크플래쉬의 갓성비 케이스입니다.파워서플라이는  10년 보증에 슈퍼플라워랑 같은 유통사로 고주파 발생시 새제품 교환 등 AS 정책도 동일하고 가격대도 좋은 파워입니다.",
    "parts_price": {
        "CPU": {
            "제품명": "AMD 라이젠5-5세대 7500F",
            "가격": "204,890원",
            "수량": "1"
        },
        "메인보드": {
            "제품명": "ASRock B650M Pro RS 대원씨티에스",
            "가격": "172,490원",
            "수량": "1"
        },
        "메모리": {
            "제품명": "TeamGroup T-Force DDR5-6000 CL38 Delta RGB 화이트 패키지 서린) 32GB",
            "가격": "164,400원",
            "수량": "1"
        },
        "그래픽카드": {
            "제품명": "이엠텍 지포스 RTX 4070 SUPER MIRACLE WHITE D6X 12GB",
            "가격": "905,000원",
            "수량": "1"
        },
        "SSD": {
            "제품명": "마이크론 Crucial T500 M.2 NVMe 대원씨티에스 1TB",
            "가격": "128,000원",
            "수량": "1"
        },
        "케이스": {
            "제품명": "DARKFLASH DRX70 MESH RGB 강화유리 화이트",
            "가격": "49,740원",
            "수량": "1"
        },
        "파워서플라이": {
            "제품명": "NEWZEN SKULL 750SM MODULAR ATX 3.0 80PLUS GOLD WHITE",
            "가격": "124,830원",
            "수량": "1"
        },
        "CPU쿨러": {
            "제품명": "3RSYS Socoool RC350 ARGB",
            "가격": "22,800원",
            "수량": "1"
        }
    },
    "total_price": "1772150원",
    "CPU": "AMD 라이젠5-5세대 7500F (라파엘) (멀티팩(정품))",
    "Motherboard": "ASRock B650M Pro RS 대원씨티에스",
    "Graphic Card": "이엠텍 지포스 RTX 4070 SUPER MIRACLE WHITE D6X 12GB",
    "SSD": "마이크론 Crucial T500 M.2 NVMe 대원씨티에스 (1TB)",
    "Memory": "TeamGroup T-Force DDR5-6000 CL38 Delta RGB 화이트 패키지 서린 (32GB(16Gx2))",
    "Power Supply": "NEWZEN SKULL 750SM MODULAR ATX 3.0 80PLUS GOLD WHITE (PCIE5)",
    "CPU Cooler": "3RSYS Socoool RC350 ARGB (WHITE)",
    "cpu_score": 355,
    "gpu_score": 4,
    "performance_grade": "중성능",
    "cpu_benchmarkscore": 26926,
    "gpu_benchmarkscore": 31768
}