{
    "quote_number": "3146",
    "quote_title": "코어i7-14세대 14700K + 지포스 RTX 4070 SUPER",
    "date_create": "2024.2.18",
    "cpu_gpu_combinations": "코어i7-14700K + RTX 4070 SUPER 조합",
    "quotation_summary": " 코어i7-14세대 14700K + 지포스 RTX 4070 SUPER# 게임",
    "quote_person_introduction": "안녕하세요! 인벤에서 주로 활동하고 있는 Skywalkers입니다.가성비와 성능비 그리고 감성비까지 모두 고려해서 가장 합리적인 구성을 찾을 수 있도록 추천을 드리겠습니다.",
    "quote_feedback": "1. SSD는 젠4 제품 중 넘사벽 갓성비의 삼성전자 980PRO OEM버전인 삼성전자 PM9A1 M2 NVMe 병행수입 (1TB)으로 변경2. 케이스는 구성하신 아쿠아리움의 경우는 C타입 포트 미지원에 USB 포트도 2개만 적용되어 있고 기판도 얇아서 가격을 절감한 것이 눈으로 보이는 제품입니다. C타입 포트를 적용하였고 디자인도 멋지고 최근 출시하여 가성비도 좋은 몬스타 가츠 X620A 리버스 (미들타워)로 변경3. CPU쿨러는 대장급 성능의 3열 수냉쿨러 중 압도적인 가성비를 제공하는 DARKFLASH NEBULA DN-360 ARGB (화이트)로 변경4. 몬스타 가츠 X620A 리버스 (미들타워) 하단부에는 2개의 시스템 팬을 추가할 수 있어서 디자인을 해치지 않고 튜닝을 극대화할 수 있는 고성능 저소음 시스템 팬인 3RSYS Silence GI 120 리버스 (WHITE) 2개 추가했습니다.참고해서 합리적인 구매하시기 바랍니다.",
    "computer_estimate_data": "[CPU]코어i7-14세대 14700K (랩터레이크)(벌크)상세보기[메인보드]GIGABYTE Z790 AORUS ELITE AX ICE 피씨디렉트상세보기[메모리]TeamGroup T-Force DDR5-6000 CL38 Delta RGB 화이트 패키지 서린 (32GB(16Gx2))상세보기[그래픽카드]이엠텍 지포스 RTX 4070 SUPER MIRACLE WHITE D6X 12GB상세보기[SSD]장우컴퍼니 PM9A1 M.2 NVMe 병행수입 (1TB) 삼성전자상세보기[케이스]몬스타 가츠 X620A 리버스 화이트 (미들타워)상세보기[파워서플라이]NEWZEN SKULL 850SM MODULAR ATX 3.0 80PLUS GOLD WHITE (PCIE5)상세보기[CPU쿨러]DARKFLASH NEBULA DN-360 ARGB (화이트)상세보기[쿨러.튜닝.조명.액세서리]3RSYS Silence GI 120 리버스 (WHITE) x 2 개상세보기[조립PC관련][견적왕] 조립 서비스 + 1년 출장 A/S상세보기",
    "quote_description": "[조립PC관련]수랭 쿨러 조립 추가 비용상세보기케이스는 흔히 어항케이스라고 불리우는 디자인이 적용된 X620A 리버스입니다. CPU쿨러 최대호환가능높이 165mm, 그래픽카드 최대호환가능길이 430mm 제원을 가졌으며 ATX 사이즈 메인보드까지 호환가능한 미들타워 제품입니다. 측면 120mm 기본팬 3개, 후면 120mm 기본팬 1개 총 4개를 제공하며 ARGB를 지원하여 메인보드 제조사 프로그램을 통해 색상 조정이 가능합니다.",
    "parts_price": {
        "CPU": {
            "제품명": "코어i7-14세대 14700K",
            "가격": "579,010원",
            "수량": "1"
        },
        "메인보드": {
            "제품명": "GIGABYTE Z790 AORUS ELITE AX ICE 피씨디렉트",
            "가격": "380,110원",
            "수량": "1"
        },
        "메모리": {
            "제품명": "TeamGroup T-Force DDR5-6000 CL38 Delta RGB 화이트 패키지 서린) 32GB",
            "가격": "164,400원",
            "수량": "1"
        },
        "그래픽카드": {
            "제품명": "이엠텍 지포스 RTX 4070 SUPER MIRACLE WHITE D6X 12GB",
            "가격": "905,000원",
            "수량": "1"
        },
        "SSD": {
            "제품명": "장우컴퍼니 PM9A1 M.2 NVMe 병행수입 삼성전자 1TB",
            "가격": "111,790원",
            "수량": "1"
        },
        "케이스": {
            "제품명": "몬스타 가츠 X620A 리버스 화이트",
            "가격": "65,340원",
            "수량": "1"
        },
        "파워서플라이": {
            "제품명": "NEWZEN SKULL 850SM MODULAR ATX 3.0 80PLUS GOLD WHITE",
            "가격": "139,350원",
            "수량": "1"
        },
        "CPU쿨러": {
            "제품명": "DARKFLASH NEBULA DN-360 ARGB",
            "가격": "81,500원",
            "수량": "1"
        },
        "쿨러.튜닝.조명.액세서리": {
            "제품명": "3RSYS Silence GI 120 리버스 x 2 개",
            "가격": "39,050원",
            "수량": "2"
        }
    },
    "total_price": "2504600원",
    "CPU": "코어i7-14세대 14700K (랩터레이크)(벌크)",
    "Motherboard": "GIGABYTE Z790 AORUS ELITE AX ICE 피씨디렉트",
    "Graphic Card": "이엠텍 지포스 RTX 4070 SUPER MIRACLE WHITE D6X 12GB",
    "SSD": "장우컴퍼니 PM9A1 M.2 NVMe 병행수입 (1TB) 삼성전자",
    "Memory": "TeamGroup T-Force DDR5-6000 CL38 Delta RGB 화이트 패키지 서린 (32GB(16Gx2))",
    "Power Supply": "NEWZEN SKULL 850SM MODULAR ATX 3.0 80PLUS GOLD WHITE (PCIE5)",
    "CPU Cooler": "DARKFLASH NEBULA DN-360 ARGB (화이트)",
    "cpu_score": 98,
    "gpu_score": 4,
    "performance_grade": "고성능",
    "cpu_benchmarkscore": 53708,
    "gpu_benchmarkscore": 31768
}