{
    "quote_number": "3170",
    "quote_title": "7500F + 4060 FHD 게이밍",
    "date_create": "2024.2.19",
    "cpu_gpu_combinations": "라이젠5 7500F + RTX 4060 조합",
    "quotation_summary": " 7500F + 4060 FHD 게이밍# 7500F + 4060 FHD 게이밍",
    "quote_person_introduction": "퀘이사존, 다나와, 쿨엔에서 활동 중인  잉여인간17호입니다.다양한 필테 경력과 컴덕질을 경험삼아 도움 드리고자 합니다.어떠한 스폰도 받지 않는 유저 입장에서 직접 사용해보고 테스트한 견적 위주로 견적드리겠습니다.",
    "quote_feedback": "7500F + 4060 FHD 게이밍",
    "computer_estimate_data": "[CPU]AMD 라이젠5-5세대 7500F (라파엘) (멀티팩(정품))상세보기[메인보드]ASRock B650M PG Lightning 에즈윈상세보기[메모리]TeamGroup DDR5-5600 CL46 Elite 서린 (16GB) x 2 개상세보기[그래픽카드]갤럭시 GALAX 지포스 RTX 4060 2X OC D6 8GB상세보기[SSD]SK하이닉스 GOLD P31 M2 NVMe (500GB)상세보기[케이스]1stPlayer T7-P 블랙 (미들타워)상세보기[파워서플라이]마이크로닉스 Classic II 풀체인지 600W 80PLUS BRONZE 230V EU상세보기[CPU쿨러]DEEPCOOL AG400상세보기[조립PC관련][견적왕] 조립 서비스 + 1년 출장 A/S상세보기",
    "quote_description": "CPU는 최고의 게이밍 가성비 CPU입니다메인보드는 Dr.MOS 전원부가 탑재된 가성비 좋은 B650보드입니다.메모리는 갓서린에서 유통하는 팀그룹 DDR5 5600 클럭 메모리입니다.SSD는 이천 특산물로 불리며 낮은 발열과 뛰어난 성능으로 게임용이나 사무용도로도 훌륭한 제품입니다. \n안정성이 이미 검증된 제품이죠케이스는 케이스는 시소닉 유통사 맥스엘리트에서 나온 1stPlayer T7-P 블랙 제품이 가격대비 호환성도 좋고, 정숙성이 뛰어난 하이드로 베어링이 탑재된 쿨링팬이 기본 6개에 가성비가 뛰어납니다.파워서플라이는 스테디셀러 파워인 마닉 풀체인지가 브론즈 등급에 AS기간도 7년으로 늘었고, 제로팬으로 정숙성도 뛰어나고 애프터쿨링으로 내구성을 높여 메리트도 높고 가격대도 좋습니다.CPU쿨러는 팔라딘 400 급 성능에 2만원 초반선의 극가성비 쿨러입니다.",
    "parts_price": {
        "CPU": {
            "제품명": "AMD 라이젠5-5세대 7500F",
            "가격": "204,890원",
            "수량": "1"
        },
        "메인보드": {
            "제품명": "ASRock B650M PG Lightning 에즈윈",
            "가격": "156,010원",
            "수량": "1"
        },
        "메모리": {
            "제품명": "TeamGroup DDR5-5600 CL46 Elite 서린  16GB",
            "가격": "64,490원",
            "수량": "2"
        },
        "그래픽카드": {
            "제품명": "갤럭시 GALAX 지포스 RTX 4060 2X OC D6 8GB",
            "가격": "447,000원",
            "수량": "1"
        },
        "SSD": {
            "제품명": "SK하이닉스 GOLD P31 M2 NVMe 500GB",
            "가격": "79,000원",
            "수량": "1"
        },
        "케이스": {
            "제품명": "1stPlayer T7-P 블랙",
            "가격": "39,500원",
            "수량": "1"
        },
        "파워서플라이": {
            "제품명": "마이크로닉스 Classic II 풀체인지 600W 80PLUS BRONZE 230V EU",
            "가격": "57,506원",
            "수량": "1"
        },
        "CPU쿨러": {
            "제품명": "DEEPCOOL AG400",
            "가격": "21,700원",
            "수량": "1"
        }
    },
    "total_price": "1134586원",
    "CPU": "AMD 라이젠5-5세대 7500F (라파엘) (멀티팩(정품))",
    "Motherboard": "ASRock B650M PG Lightning 에즈윈",
    "Graphic Card": "갤럭시 GALAX 지포스 RTX 4060 2X OC D6 8GB",
    "SSD": "SK하이닉스 GOLD P31 M2 NVMe (500GB)",
    "Memory": "TeamGroup DDR5-5600 CL46 Elite 서린 (16GB) x 2 개",
    "Power Supply": "마이크로닉스 Classic II 풀체인지 600W 80PLUS BRONZE 230V EU",
    "CPU Cooler": "DEEPCOOL AG400",
    "cpu_score": 355,
    "gpu_score": 32,
    "performance_grade": "중성능",
    "cpu_benchmarkscore": 26926,
    "gpu_benchmarkscore": 22891
}