{
    "quote_number": "3185",
    "quote_title": "AMD 라이젠5-4세대 5600 + 지포스 RTX 4060 Ti",
    "date_create": "2024.2.20",
    "cpu_gpu_combinations": "라이젠5 5600 + RTX 4060 Ti 조합",
    "quotation_summary": " AMD 라이젠5-4세대 5600 + 지포스 RTX 4060 Ti# 게임",
    "quote_person_introduction": "안녕하세요! 인벤에서 주로 활동하고 있는 Skywalkers입니다.가성비와 성능비 그리고 감성비까지 모두 고려해서 가장 합리적인 구성을 찾을 수 있도록 추천을 드리겠습니다.",
    "quote_feedback": "1. 메모리는 라이프타임 워런티로 압도적인 AS기간을 제공하고 SK하이닉스 모듈을 사용해서 안정성도 높고 가격도 저렴한 ESSENCORE KLEVV DDR4-3200 CL22 (16GB) 2개 32기가로 변경2. 케이스는 최근에 출시한 가성비 끝판왕급 제품인 몬스타 가츠 X420A 블랙 (미들타워)로 변경3. 4060 Ti는 최대 전력 소모량이 3060 보다도 낮은 160W 수준으로 정격 550W면 충분한 용량이 됩니다. 파워는 600W면 충분하구요. 스탠다드보다 상위인 브론즈 인증 정격 600W 제품인 쿨러마스터 MWE 600 BRONZE V2 230V로 변경4. CPU쿨러는 싱글타워 끝판왕급 성능에 AM4 무뽑방지 세이프티 브라켓을 제공하면서 최근 3만원 대에서 만원 중후반대로 가격을 대폭인하해서 갓성비 중에서도 갓성비라고 할 수 있는 3RSYS TEAMMOST TM40으로 변경참고해서 합리적인 구매하시기 바랍니다.",
    "computer_estimate_data": "[CPU]AMD 라이젠5-4세대 5600 (버미어) (멀티팩(정품))상세보기[메인보드]ASUS PRIME B550M-A 대원CTS상세보기[메모리]ESSENCORE KLEVV DDR4-3200 CL22 (16GB) x 2 개상세보기[그래픽카드]ZOTAC GAMING 지포스 RTX 4060 Ti TWIN Edge D6 8GB상세보기[SSD]삼성전자 PM9A1 M2 NVMe 병행수입 (1TB)상세보기[케이스]몬스타 가츠 X420A 블랙 (미들타워)상세보기[파워서플라이]쿨러마스터 MWE 600 BRONZE V2 230V상세보기[CPU쿨러]3RSYS TEAMMOST TM40상세보기[쿨러.튜닝.조명.액세서리]장우컴퍼니 JW-HTK01 M.2 방열판상세보기[조립PC관련][견적왕] 조립 서비스 + 1년 출장 A/S상세보기",
    "quote_description": "CPU는 현재 게임 가성비가 가장 좋은 CPU메인보드는 전원부 방열판이 적용된 B550 칩셋 중 가성비가 좋은 메인보드",
    "parts_price": {
        "CPU": {
            "제품명": "AMD 라이젠5-4세대 5600",
            "가격": "143,660원",
            "수량": "1"
        },
        "메인보드": {
            "제품명": "ASUS PRIME B550M-A 대원CTS",
            "가격": "113,890원",
            "수량": "1"
        },
        "메모리": {
            "제품명": "ESSENCORE KLEVV DDR4-3200 CL22  16GB",
            "가격": "31,990원",
            "수량": "2"
        },
        "그래픽카드": {
            "제품명": "ZOTAC GAMING 지포스 RTX 4060 Ti TWIN Edge D6 8GB",
            "가격": "540,380원",
            "수량": "1"
        },
        "SSD": {
            "제품명": "삼성전자 PM9A1 M2 NVMe 병행수입 1TB",
            "가격": "101,110원",
            "수량": "1"
        },
        "케이스": {
            "제품명": "몬스타 가츠 X420A 블랙",
            "가격": "31,310원",
            "수량": "1"
        },
        "파워서플라이": {
            "제품명": "쿨러마스터 MWE 600 BRONZE V2 230V",
            "가격": "71,400원",
            "수량": "1"
        },
        "CPU쿨러": {
            "제품명": "3RSYS TEAMMOST TM40",
            "가격": "18,800원",
            "수량": "1"
        },
        "쿨러.튜닝.조명.액세서리": {
            "제품명": "장우컴퍼니 JW-HTK01 M.2 방열판",
            "가격": "1,200원",
            "수량": "1"
        }
    },
    "total_price": "1085730원",
    "CPU": "AMD 라이젠5-4세대 5600 (버미어) (멀티팩(정품))",
    "Motherboard": "ASUS PRIME B550M-A 대원CTS",
    "Graphic Card": "ZOTAC GAMING 지포스 RTX 4060 Ti TWIN Edge D6 8GB",
    "SSD": "삼성전자 PM9A1 M2 NVMe 병행수입 (1TB)",
    "Memory": "ESSENCORE KLEVV DDR4-3200 CL22 (16GB) x 2 개",
    "Power Supply": "쿨러마스터 MWE 600 BRONZE V2 230V",
    "CPU Cooler": "3RSYS TEAMMOST TM40",
    "cpu_score": 504,
    "gpu_score": 32,
    "performance_grade": "중성능",
    "cpu_benchmarkscore": 21908,
    "gpu_benchmarkscore": 22891
}