{
    "quote_number": "3306",
    "quote_title": "7800X3D + 4070 Ti Super QHD 게이밍",
    "date_create": "2024.2.21",
    "cpu_gpu_combinations": "라이젠7 7800X3D + RTX 4070 Ti SUPER 조합",
    "quotation_summary": " 7800X3D + 4070 Ti Super QHD 게이밍# 7800X3D + 4070 Ti Super QHD 게이밍",
    "quote_person_introduction": "퀘이사존, 다나와, 쿨엔에서 활동 중인  잉여인간17호입니다.다양한 필테 경력과 컴덕질을 경험삼아 도움 드리고자 합니다.어떠한 스폰도 받지 않는 유저 입장에서 직접 사용해보고 테스트한 견적 위주로 견적드리겠습니다.",
    "quote_feedback": "7800X3D + 4070 Ti Super QHD 게이밍",
    "computer_estimate_data": "[CPU]AMD 라이젠7-5세대 7800X3D (라파엘) (멀티팩(정품))상세보기[메인보드]ASRock B650M Pro RS + WiFi6E 모듈 패키지 디앤디컴상세보기[메모리]TeamGroup DDR5-5600 CL46 Elite 서린 (16GB) x 2 개상세보기[그래픽카드]갤럭시 GALAX 지포스 RTX 4070 Ti SUPER EX GAMER BLACK OC D6X 16GB상세보기[SSD]마이크론 Crucial T500 M.2 NVMe 대원씨티에스 (2TB)상세보기[케이스]DARKFLASH DLX21 RGB MESH 강화유리 화이트 (미들타워)상세보기[파워서플라이]NEWZEN SKULL 850SM MODULAR ATX 3.0 80PLUS GOLD (PCIE5)상세보기[CPU쿨러]Thermalright Peerless Assassin 120 SE 서린상세보기[조립PC관련][견적왕] 조립 서비스 + 1년 출장 A/S상세보기",
    "quote_description": "[조립PC관련]수랭 쿨러 조립 추가 비용상세보기CPU는 라이젠 7000번대 3D 모델 주인공인 7800X3D입니다. 순정 상태에서 13900KS를 넘어서는 뛰어난 게임 성능과 뛰어난 전성비가 장점입니다.메인보드는 8+2+1페이즈 400AA(50A)로 라이젠7도 문제 없는 가성비 좋은 B650 보드입니다. \nWiFi6E 모듈 패키지로 WIFI와 블루투스 무선연결도 문제 없습니다.메모리는 갓서린에서 유통하는 팀그룹 DDR5 5600 클럭 메모리입니다.그래픽카드는 AS 1티어 업체인 갤럭시의 4070 TI SUPER입니다. 3팬에 감성도 뛰어난 제품입니다.SSD는 PCIE4.0 대역폭 상급 SSD케이스는 다크플래쉬의 스테디 셀러 케이스파워서플라이는 10년 보증에 ATX 3.0 규격 제품이면서 850W에 11만원대라 가성비는 더 뛰어나고 슈퍼플라워 유통사라 고주파 발생시 새제품 교환 정책도 동일하게 적용되어 가성비 좋게 구성하시기 좋습니다.CPU쿨러는 대장급 공랭 중 뛰어난 정숙성과 성능을 겸비한 쿨러입니다.",
    "parts_price": {
        "CPU": {
            "제품명": "AMD 라이젠7-5세대 7800X3D",
            "가격": "519,290원",
            "수량": "1"
        },
        "메인보드": {
            "제품명": "ASRock B650M Pro RS + WiFi6E 모듈 패키지 디앤디컴",
            "가격": "209,520원",
            "수량": "1"
        },
        "메모리": {
            "제품명": "TeamGroup DDR5-5600 CL46 Elite 서린  16GB",
            "가격": "64,020원",
            "수량": "2"
        },
        "그래픽카드": {
            "제품명": "갤럭시 GALAX 지포스 RTX 4070 Ti SUPER EX GAMER BLACK OC D6X 16GB",
            "가격": "1,297,900원",
            "수량": "1"
        },
        "SSD": {
            "제품명": "마이크론 Crucial T500 M.2 NVMe 대원씨티에스 2TB",
            "가격": "227,490원",
            "수량": "1"
        },
        "케이스": {
            "제품명": "DARKFLASH DLX21 RGB MESH 강화유리 화이트",
            "가격": "95,410원",
            "수량": "1"
        },
        "파워서플라이": {
            "제품명": "NEWZEN SKULL 850SM MODULAR ATX 3.0 80PLUS GOLD",
            "가격": "134,000원",
            "수량": "1"
        },
        "CPU쿨러": {
            "제품명": "Thermalright Peerless Assassin 120 SE 서린",
            "가격": "38,400원",
            "수량": "1"
        }
    },
    "total_price": "2650050원",
    "CPU": "AMD 라이젠7-5세대 7800X3D (라파엘) (멀티팩(정품))",
    "Motherboard": "ASRock B650M Pro RS + WiFi6E 모듈 패키지 디앤디컴",
    "Graphic Card": "갤럭시 GALAX 지포스 RTX 4070 Ti SUPER EX GAMER BLACK OC D6X 16GB",
    "SSD": "마이크론 Crucial T500 M.2 NVMe 대원씨티에스 (2TB)",
    "Memory": "TeamGroup DDR5-5600 CL46 Elite 서린 (16GB) x 2 개",
    "Power Supply": "NEWZEN SKULL 850SM MODULAR ATX 3.0 80PLUS GOLD (PCIE5)",
    "CPU Cooler": "Thermalright Peerless Assassin 120 SE 서린",
    "cpu_score": 225,
    "gpu_score": 4,
    "performance_grade": "고성능",
    "cpu_benchmarkscore": 34357,
    "gpu_benchmarkscore": 31768
}