{
    "quote_number": "3310",
    "quote_title": "7500F + 4060 TI WHITE GAMING",
    "date_create": "2024.2.21",
    "cpu_gpu_combinations": "라이젠5 7500F + RTX 4060 Ti 조합",
    "quotation_summary": " 7500F + 4060 TI WHITE GAMING# 7500F + 4060 TI WHITE GAMING",
    "quote_person_introduction": "퀘이사존, 다나와, 쿨엔에서 활동 중인  잉여인간17호입니다.다양한 필테 경력과 컴덕질을 경험삼아 도움 드리고자 합니다.어떠한 스폰도 받지 않는 유저 입장에서 직접 사용해보고 테스트한 견적 위주로 견적드리겠습니다.",
    "quote_feedback": "7500F + 4060 TI WHITE GAMING",
    "computer_estimate_data": "[CPU]AMD 라이젠5-5세대 7500F (라파엘) (멀티팩(정품))상세보기[메인보드]ASRock B650M Pro RS 대원씨티에스상세보기[메모리]ADATA XPG DDR5-6000 CL30 LANCER RGB 화이트 패키지 (32GB(16Gx2))하이닉스 A다이 언락 제품!상세보기[그래픽카드]이엠텍 지포스 RTX 4060 Ti MIRACLE WHITE D6 8GB상세보기[SSD]마이크론 Crucial T500 M.2 NVMe 대원씨티에스 (2TB)상세보기[케이스]1stPlayer T7-P 화이트 (미들타워)상세보기[파워서플라이]마이크로닉스 Classic II 풀체인지 600W 80PLUS BRONZE 230V EU 화이트상세보기[CPU쿨러]DARKFLASH Ellsworth S21 (화이트)상세보기[조립PC관련][견적왕] 조립 서비스 + 1년 출장 A/S상세보기",
    "quote_description": "CPU는 최고의 게이밍 가성비 CPU입니다메인보드는 실버계열 방열판과 Dr.MOS 전원부가 탑재된 가성비 좋은 보드입니다.메모리는 ADATA의 깔끔한 화이트 고클럭 튜닝 메모리입니다.그래픽카드는 AS 1티어 업체, 믿고 쓰는 이엠텍의 RTX 4060 Ti  화이트 제품입니다.SSD는 PCIE4.0 대역폭 상급 SSD파워서플라이는 케이블은 물론 커넥터까지 화이트라 화이트 감성 내기도 좋고, 블랙에 비해 통풍구도 개선되서 쿨링면에서도 좀 더 괜찮습니다. 마닉 풀체인지 파워가 불량률도 적고 내구성을 위한 에프터 쿨링이나 정숙성을 위한 제로펜 기능 등으로 뛰어난 기능까지 있어 스테디 셀러인 파워입니다.CPU쿨러는 다크플래쉬에서 새로 나온 S21이 성능도 뛰어나고 화이트 제품도 있어 해당 쿨러입니다.",
    "parts_price": {
        "CPU": {
            "제품명": "AMD 라이젠5-5세대 7500F",
            "가격": "204,580원",
            "수량": "1"
        },
        "메인보드": {
            "제품명": "ASRock B650M Pro RS 대원씨티에스",
            "가격": "170,500원",
            "수량": "1"
        },
        "메모리": {
            "제품명": "ADATA XPG DDR5-6000 CL30 LANCER RGB 화이트 패키지)하이닉스 A다이 언락 제품! 32GB",
            "가격": "328,040원",
            "수량": "1"
        },
        "그래픽카드": {
            "제품명": "이엠텍 지포스 RTX 4060 Ti MIRACLE WHITE D6 8GB",
            "가격": "580,280원",
            "수량": "1"
        },
        "SSD": {
            "제품명": "마이크론 Crucial T500 M.2 NVMe 대원씨티에스 2TB",
            "가격": "227,490원",
            "수량": "1"
        },
        "케이스": {
            "제품명": "1stPlayer T7-P 화이트",
            "가격": "42,500원",
            "수량": "1"
        },
        "파워서플라이": {
            "제품명": "마이크로닉스 Classic II 풀체인지 600W 80PLUS BRONZE 230V EU 화이트",
            "가격": "61,580원",
            "수량": "1"
        },
        "CPU쿨러": {
            "제품명": "DARKFLASH Ellsworth S21",
            "가격": "26,950원",
            "수량": "1"
        }
    },
    "total_price": "1641920원",
    "CPU": "AMD 라이젠5-5세대 7500F (라파엘) (멀티팩(정품))",
    "Motherboard": "ASRock B650M Pro RS 대원씨티에스",
    "Graphic Card": "이엠텍 지포스 RTX 4060 Ti MIRACLE WHITE D6 8GB",
    "SSD": "마이크론 Crucial T500 M.2 NVMe 대원씨티에스 (2TB)",
    "Memory": "ADATA XPG DDR5-6000 CL30 LANCER RGB 화이트 패키지 (32GB(16Gx2))하이닉스 A다이 언락 제품!",
    "Power Supply": "마이크로닉스 Classic II 풀체인지 600W 80PLUS BRONZE 230V EU 화이트",
    "CPU Cooler": "DARKFLASH Ellsworth S21 (화이트)",
    "cpu_score": 355,
    "gpu_score": 32,
    "performance_grade": "중성능",
    "cpu_benchmarkscore": 26926,
    "gpu_benchmarkscore": 22891
}