{
    "quote_number": "3326",
    "quote_title": "AMD 라이젠5-5세대 7500F + 라데온 RX 7600",
    "date_create": "2024.2.22",
    "cpu_gpu_combinations": "라이젠5 7500F + RX 7600 조합",
    "quotation_summary": " AMD 라이젠5-5세대 7500F + 라데온 RX 7600# 게임",
    "quote_person_introduction": "안녕하세요! 인벤에서 주로 활동하고 있는 Skywalkers입니다.가성비와 성능비 그리고 감성비까지 모두 고려해서 가장 합리적인 구성을 찾을 수 있도록 추천을 드리겠습니다.",
    "quote_feedback": "1. CPU는 7600X의 경우 온도가 많이 높은 편이라 더 좋은 메인보드와 쿨러를 사용해야 합니다. 성능 차이가 크지 않으면서 온도가 낮아서 부품 선택이 자유로운 7500F로 변경2. 메인보드는 드라이버 모스펫 전원부와 히트싱크 그리고 와이파이&블루투스 모듈이 적용되어 있는 가성비 좋은 ASRock B650M PG Lightning + WiFi6E 모듈 패키지 디앤디컴으로 변경3. 케이스는 강화유리처럼 파손 위험없는 풀아크릴 스윙도어 패널에 6개의 기본 팬을 장착하고 LED OFF 기능까지 적용된 보급형 끝판왕급인 3RSYS R240 블랙 (미들타워)로 변경4. RX 7600 그래픽카드는 전성비가 좋은 제품이라 정격 600W면 충분한 파워 용량이 됩니다.파워는 정격 600W 브론즈 인증 제품 중에서는 최상위 퀄리티면서 최근 7만원 중후반 대에서 5만원 초반 대로 가격을 대폭 인하하여 갓성비가 된 (마이크로닉스) New Performance 600W 80Plus Bronze Change-up으로 변경5. 7500F는 듀얼타워 공랭쿨러가 필요한 만큼 온도가 높지 않습니다. 싱글타워로도 충분히 온도 제어가 가능하구요.CPU쿨러는 싱글타워 끝판왕급 성능에 최근 3만원 대에서 만원 중후반대로 가격을 대폭인하해서 갓성비 중에서도 갓성비라고 할 수 있는 3RSYS TEAMMOST TM40으로 변경참고해서 합리적인 구매하시기 바랍니다.",
    "computer_estimate_data": "[CPU]AMD 라이젠5-5세대 7500F (라파엘) (멀티팩(정품))상세보기[메인보드]ASRock B650M PG Lightning + WiFi6E 모듈 패키지 디앤디컴상세보기[메모리]TeamGroup T-Force DDR5-5600 CL36 Delta RGB 패키지 (32GB(16Gx2))상세보기[그래픽카드]ASUS DUAL 라데온 RX 7600 O8G OC D6 8GB상세보기[SSD]SK하이닉스 GOLD P31 M2 NVMe (500GB)상세보기[케이스]3RSYS R240 블랙 (미들타워)상세보기[파워서플라이](마이크로닉스) New Performance 600W 80Plus Bronze Change-up /파워상세보기[CPU쿨러]3RSYS TEAMMOST TM40상세보기[모니터]삼성전자 오디세이 G4 S27BG400상세보기[조립PC관련][견적왕] 조립 서비스 + 1년 출장 A/S상세보기",
    "quote_description": "SSD는 젠3 제품 중에서는 5년 무상AS에 성능도 좋고 가격적인 메리트도 있는 SSD",
    "parts_price": {
        "CPU": {
            "제품명": "AMD 라이젠5-5세대 7500F",
            "가격": "204,580원",
            "수량": "1"
        },
        "메인보드": {
            "제품명": "ASRock B650M PG Lightning + WiFi6E 모듈 패키지 디앤디컴",
            "가격": "196,760원",
            "수량": "1"
        },
        "메모리": {
            "제품명": "TeamGroup T-Force DDR5-5600 CL36 Delta RGB 패키지) 32GB",
            "가격": "158,400원",
            "수량": "1"
        },
        "그래픽카드": {
            "제품명": "ASUS DUAL 라데온 RX 7600 O8G OC D6 8GB",
            "가격": "336,000원",
            "수량": "1"
        },
        "SSD": {
            "제품명": "SK하이닉스 GOLD P31 M2 NVMe 500GB",
            "가격": "79,000원",
            "수량": "1"
        },
        "케이스": {
            "제품명": "3RSYS R240 블랙",
            "가격": "38,500원",
            "수량": "1"
        },
        "파워서플라이": {
            "제품명": "New Performance 600W 80Plus Bronze Change-up /파워",
            "가격": "70,000원",
            "수량": "1"
        },
        "CPU쿨러": {
            "제품명": "3RSYS TEAMMOST TM40",
            "가격": "18,800원",
            "수량": "1"
        },
        "모니터": {
            "제품명": "삼성전자 오디세이 G4 S27BG400",
            "가격": "334,540원",
            "수량": "1"
        }
    },
    "total_price": "1436580원",
    "CPU": "AMD 라이젠5-5세대 7500F (라파엘) (멀티팩(정품))",
    "Motherboard": "ASRock B650M PG Lightning + WiFi6E 모듈 패키지 디앤디컴",
    "Graphic Card": "ASUS DUAL 라데온 RX 7600 O8G OC D6 8GB",
    "SSD": "SK하이닉스 GOLD P31 M2 NVMe (500GB)",
    "Memory": "TeamGroup T-Force DDR5-5600 CL36 Delta RGB 패키지 (32GB(16Gx2))",
    "Power Supply": "(마이크로닉스) New Performance 600W 80Plus Bronze Change-up /파워",
    "CPU Cooler": "3RSYS TEAMMOST TM40",
    "cpu_score": 355,
    "gpu_score": 72,
    "performance_grade": "중성능",
    "cpu_benchmarkscore": 26926,
    "gpu_benchmarkscore": 17905
}