{
    "quote_number": "3347",
    "quote_title": "5600 + RTX 4060 100 이하 FHD 가성비 게이밍",
    "date_create": "2024.2.22",
    "cpu_gpu_combinations": "라이젠5 5600 + RTX 4060 조합",
    "quotation_summary": " 5600 + RTX 4060 100 이하 FHD 가성비 게이밍# 5600 + RTX 4060 100 이하 FHD 가성비 게이밍",
    "quote_person_introduction": "퀘이사존, 다나와, 쿨엔에서 활동 중인  잉여인간17호입니다.다양한 필테 경력과 컴덕질을 경험삼아 도움 드리고자 합니다.어떠한 스폰도 받지 않는 유저 입장에서 직접 사용해보고 테스트한 견적 위주로 견적드리겠습니다.",
    "quote_feedback": "5600 + RTX 4060 100 이하 FHD 가성비 게이밍",
    "computer_estimate_data": "[조립PC관련][견적왕] 조립 서비스 + 1년 출장 A/S상세보기",
    "quote_description": "[메인보드]ASUS PRIME A520M-A II 대원CTS상세보기[CPU]AMD 라이젠5-4세대 5600 (버미어) (멀티팩(정품))상세보기[메모리]마이크론 Crucial DDR4 8G PC4-25600 CL22 x 2 개상세보기[그래픽카드]갤럭시 GALAX 지포스 RTX 4060 2X OC V2 D6 8GB상세보기[SSD]SK하이닉스 Gold P31 M2 NVMe (1TB)상세보기[케이스]1stPlayer T7-P 화이트 (미들타워)상세보기[파워서플라이]마이크로닉스 Classic II 풀체인지 600W 80PLUS BRONZE 230V EU상세보기[CPU쿨러]DARKFLASH Ellsworth S21 (블랙)상세보기메인보드는 DP와 HDMI 포트를 모두 지원해 듀얼 모니터 사용도 문제 없고 모니터 호환성도 좋은 가성비 보드입니다.CPU는 여전히 가성비 게이밍 CPU로 명성이 자자한 CPU입니다.메모리는 가격도 좋고 보증 정책 괜찮은 메모리입니다.그래픽카드는 AS 1티어 업체인 갤럭시의 RTX 4060SSD는 발열도 적어 게임용으로도 많이 추천되는 제품입니다.파워서플라이는 스테디셀러 파워인 마닉 풀체인지가 브론즈 등급에 AS기간도 7년으로 늘었고, 제로팬으로 정숙성도 뛰어나고 애프터쿨링으로 내구성을 높여 메리트도 높고 가격대도 좋습니다.CPU쿨러는 다크플래쉬 S11의 후속작으로 더 뛰어난 성능과 상단을 블랙으로 맞추어 더 깔끔한 외관이 특징입니다.",
    "parts_price": {},
    "total_price": "0원",
    "cpu_score": null,
    "gpu_score": null,
    "performance_grade": "정보 없음",
    "cpu_benchmarkscore": null,
    "gpu_benchmarkscore": null
}