{
    "quote_number": "3388",
    "quote_title": "14700K + RTX 4080 SUPER 워크스테이션 + 고사양 게이밍(NZXT H9 Flow Matte White)",
    "date_create": "2024.2.24",
    "cpu_gpu_combinations": "코어i7-14700K + RTX 4080 SUPER 조합",
    "quotation_summary": " 14700K + RTX 4080 SUPER 워크스테이션 + 고사양 게이밍(NZXT H9 Flow Matte White)# 14700K + RTX 4080 SUPER 워크스테이션 + 고사양 게이밍(NZXT H9 Flow Matte White)",
    "quote_person_introduction": "퀘이사존, 다나와, 쿨엔에서 활동 중인  잉여인간17호입니다.다양한 필테 경력과 컴덕질을 경험삼아 도움 드리고자 합니다.어떠한 스폰도 받지 않는 유저 입장에서 직접 사용해보고 테스트한 견적 위주로 견적드리겠습니다.",
    "quote_feedback": "14700K + RTX 4080 SUPER 워크스테이션 + 고사양 게이밍(NZXT H9 Flow Matte White)",
    "computer_estimate_data": "[조립PC관련][견적왕] 조립 서비스 + 1년 출장 A/S상세보기",
    "quote_description": "[CPU]코어i7-14세대 14700K (랩터레이크)(벌크)상세보기[메인보드]GIGABYTE Z790 AORUS ELITE AX ICE 피씨디렉트상세보기[메모리]OLOy DDR5-6000 CL32 (32GB) x 2 개상세보기[그래픽카드]이엠텍 지포스 RTX 4080 SUPER MIRACLE WHITE D6X 16GB상세보기[SSD]마이크론 Crucial T500 M.2 NVMe 대원씨티에스 (2TB)상세보기[데스크탑 HDD]Toshiba 4TB N300 HDWQ140 (SATA3/7200/128M)상세보기[케이스]NZXT H9 Flow Matte White (미들타워)상세보기[파워서플라이]NEWZEN SKULL 850SM MODULAR ATX 3.0 80PLUS GOLD WHITE (PCIE5)상세보기[CPU쿨러]NZXT KRAKEN 360 RGB (WHITE)상세보기[쿨러.튜닝.조명.액세서리]LEADCOOL RH-1 EVO ARGB 메모리 방열판 화이트 (2PACK)상세보기[조립PC관련]수랭 쿨러 조립 추가 비용상세보기CPU는 인텔 14세대 i7메인보드는 화이트 감성을 위한 어로스 엘리트 보드입니다.\n16+1+2페이즈 1120A(90A)의 뛰어난 전원부의 보드입니다.SSD는 PCIE4.0 대역폭 상급 SSD데스크탑 HDD는 도시바의 안정성이 뛰어난 나스용 하드입니다파워서플라이는 10년 보증에 슈퍼플라워랑 같은 유통사로 고주파 발생시 새제품 교환 등 AS 정책",
    "parts_price": {},
    "total_price": "0원",
    "cpu_score": null,
    "gpu_score": null,
    "performance_grade": "정보 없음",
    "cpu_benchmarkscore": null,
    "gpu_benchmarkscore": null
}