{
    "quote_number": "3404",
    "quote_title": "AMD 라이젠9-5세대 7950X3D + RTX 4070 Ti SUPER",
    "date_create": "2024.2.24",
    "cpu_gpu_combinations": "라이젠9 7950X3D + RTX 4070 Ti SUPER 조합",
    "quotation_summary": " AMD 라이젠9-5세대 7950X3D + RTX 4070 Ti SUPER# 게임",
    "quote_person_introduction": "안녕하세요! 인벤에서 주로 활동하고 있는 Skywalkers입니다.가성비와 성능비 그리고 감성비까지 모두 고려해서 가장 합리적인 구성을 찾을 수 있도록 추천을 드리겠습니다.",
    "quote_feedback": "1. CPU는 게임 끝판왕이면서 16코어 32스레드로 방송도 쾌적한 환경을 제공하는 7950X3D로 구성2. 메인보드는 840A급 출력의 드라이버 모스펫 전원부가 적용된 ATX 규격의 ASRock B650 PG Lightning 대원씨티에스로 구성3. 메모리는 라이프타임 워런티로 압도적인 AS기간을 제공하는 팀그룹 5600MHz 고클럭 규격램 16기가 2개 32기가로 구성4. 그래픽카드는 1티어 AS 중에서도 최상위면서 가격적인 메리트도 높은 이엠텍 지포스 RTX 4070 Ti SUPER BLACK STORM OC D6X 16GB로 구성5. SSD는 5년 무상AS의 갓성비 젠4 제품인 MSI SPATIUM M480 PRO M.2 NVMe (2TB)로 구성읽기속도 : 7,400(MB/s) / 쓰기속도 : 7,000(MB/s)로 최고 수준의 성능이면서 DDR4 2GB 용량의 디램 버퍼 메모리가 적용되어 있습니다.6. 케이스는 140mm 저소음팬이 6개 기본장착되어 있어서 팬을 추가할 필요없고 공랭 CPU쿨러와 조합시 최고의 쿨링 효율을 보여주는 아이구주 PRAY 30 PLUS (미들타워)로 구성7. 파워는 12VHPWR 모듈러 포트로 개선해서 새롭게 출시한 마이크로닉스 Classic II 850W 80PLUS GOLD 230V EU 풀모듈러로 구성플래티넘 인증을 받았지만 골드로 출시해서 가격적인 메리트를 많이 높인 제품으로 웬만한 플래티넘 인증 제품보다도 높은 효율을 자랑합니다.8. CPU쿨러는 대장급 성능의 듀얼타워 공랭쿨러인 Thermalright Peerless Assassin 120 SE 서린으로 구성참고해서 합리적인 구매하시기 바랍니다.",
    "computer_estimate_data": "[CPU]AMD 라이젠9-5세대 7950X3D (라파엘) (정품)상세보기[메인보드]ASRock B650 PG Lightning 대원씨티에스상세보기[메모리]TeamGroup DDR5-5600 CL46 Elite 패키지 (32GB(16Gx2))상세보기[그래픽카드]이엠텍 지포스 RTX 4070 Ti SUPER BLACK STORM OC D6X 16GB상세보기[SSD]MSI SPATIUM M480 PRO M.2 NVMe (2TB)상세보기[케이스]아이구주 PRAY 30 PLUS (미들타워)상세보기[파워서플라이]마이크로닉스 Classic II 850W 80PLUS GOLD 230V EU 풀모듈러12VHPWR 케이블 제공상세보기[CPU쿨러]Thermalright Peerless Assassin 120 SE 서린상세보기[소프트웨어]Microsoft Windows 11 Home (처음사용자용 한글)상세보기[조립PC관련][견적왕] 조립 서비스 + 1년 출장 A/S상세보기",
    "quote_description": "케이스는 140mm 식스팬이 기본장착되어 있어서 공랭 CPU쿨러와 조합시 최고의 쿨링 효율을 보여주는 미들타워 케이스파워서플라이는 12VHPWR 전용 케이블 증정하는 풀모듈러 골드인증 파워",
    "parts_price": {
        "CPU": {
            "제품명": "AMD 라이젠9-5세대 7950X3D",
            "가격": "892,020원",
            "수량": "1"
        },
        "메인보드": {
            "제품명": "ASRock B650 PG Lightning 대원씨티에스",
            "가격": "147,900원",
            "수량": "1"
        },
        "메모리": {
            "제품명": "TeamGroup DDR5-5600 CL46 Elite 패키지) 32GB",
            "가격": "125,890원",
            "수량": "1"
        },
        "그래픽카드": {
            "제품명": "이엠텍 지포스 RTX 4070 Ti SUPER BLACK STORM OC D6X 16GB",
            "가격": "1,156,380원",
            "수량": "1"
        },
        "SSD": {
            "제품명": "MSI SPATIUM M480 PRO M.2 NVMe 2TB",
            "가격": "233,190원",
            "수량": "1"
        },
        "케이스": {
            "제품명": "아이구주 PRAY 30 PLUS",
            "가격": "54,080원",
            "수량": "1"
        },
        "파워서플라이": {
            "제품명": "마이크로닉스 Classic II 850W 80PLUS GOLD 230V EU 풀모듈러12VHPWR 케이블 제공",
            "가격": "159,370원",
            "수량": "1"
        },
        "CPU쿨러": {
            "제품명": "Thermalright Peerless Assassin 120 SE 서린",
            "가격": "38,400원",
            "수량": "1"
        },
        "소프트웨어": {
            "제품명": "Microsoft Windows 11 Home",
            "가격": "168,990원",
            "수량": "1"
        }
    },
    "total_price": "2976220원",
    "CPU": "AMD 라이젠9-5세대 7950X3D (라파엘) (정품)",
    "Motherboard": "ASRock B650 PG Lightning 대원씨티에스",
    "Graphic Card": "이엠텍 지포스 RTX 4070 Ti SUPER BLACK STORM OC D6X 16GB",
    "SSD": "MSI SPATIUM M480 PRO M.2 NVMe (2TB)",
    "Memory": "TeamGroup DDR5-5600 CL46 Elite 패키지 (32GB(16Gx2))",
    "Power Supply": "마이크로닉스 Classic II 850W 80PLUS GOLD 230V EU 풀모듈러12VHPWR 케이블 제공",
    "CPU Cooler": "Thermalright Peerless Assassin 120 SE 서린",
    "cpu_score": 63,
    "gpu_score": 4,
    "performance_grade": "고성능",
    "cpu_benchmarkscore": 62530,
    "gpu_benchmarkscore": 31768
}