{
    "quote_number": "3428",
    "quote_title": "AMD 라이젠5-5세대 7600 + 지포스 RTX 4060 Ti",
    "date_create": "2024.2.25",
    "cpu_gpu_combinations": "라이젠5 7600 + RTX 4060 Ti 조합",
    "quotation_summary": " AMD 라이젠5-5세대 7600 + 지포스 RTX 4060 Ti# 게임",
    "quote_person_introduction": "안녕하세요! 인벤에서 주로 활동하고 있는 Skywalkers입니다.가성비와 성능비 그리고 감성비까지 모두 고려해서 가장 합리적인 구성을 찾을 수 있도록 추천을 드리겠습니다.",
    "quote_feedback": "1. 메인보드는 드라이버 모스펫 전원부에 히트싱크가 적용되어 있고 와이파이&블루투스 모듈이 있는 가성비 좋은 ASRock B650M PG Lightning + WiFi6E 모듈 패키지 디앤디컴으로 변경2. 그래픽카드는 1티어 AS에 가격적인 메리트도 높은 갤럭시 GALAX 지포스 RTX 4060 Ti OC D6 8GB로 변경3. CPU쿨러는 케이스와도 잘 어울리고 성능도 좋고 ARGB를 지원하는 제품 중에서는 가격적인 메리트도 가장 높은 갓성비 제품인 3RSYS Socoool RC350 ARGB (BLACK)으로 변경구성하신 S21과 RC350을 직접 7600 물려서 테스트를 해 봤는데 RC350이 조금 더 온도를 잘 잡더군요. 가격도 저렴하고 ARGB도 지원하고 가성비는 끝판왕이지 싶습니다.4. 메인보드에 M.2 방열판이 적용되어 있지 않아서 저렴한 방열판도 하나 추가했습니다.참고해서 합리적인 구매하시기 바랍니다.",
    "computer_estimate_data": "[CPU]AMD 라이젠5-5세대 7600 (라파엘) (멀티팩(정품))상세보기[메인보드]ASRock B650M PG Lightning + WiFi6E 모듈 패키지 디앤디컴상세보기[메모리]TeamGroup T-CREATE DDR5-6000 CL30 EXPERT 패키지 서린 (32GB(16Gx2))상세보기[그래픽카드]갤럭시 GALAX 지포스 RTX 4060 Ti OC D6 8GB상세보기[SSD]마이크론 Crucial T500 M.2 NVMe 대원씨티에스 (1TB)상세보기[케이스]DARKFLASH DRX70 MESH RGB 강화유리 블랙 (미들타워)상세보기[파워서플라이]NEWZEN SKULL 750SM MODULAR ATX 3.0 80PLUS GOLD (PCIE5)상세보기[CPU쿨러]3RSYS Socoool RC350 ARGB (BLACK)상세보기[소프트웨어]Microsoft Office 2021 Home & Student (PKC 한글)상세보기[쿨러.튜닝.조명.액세서리]장우컴퍼니 JW-HTK01 M.2 방열판상세보기[조립PC관련][견적왕] 조립 서비스 + 1년 출장 A/S상세보기",
    "quote_description": "CPU는 라파엘 논X 제품의 막내로 높은 전성비와 게임 성능으로 DDR5 시스템 가성비 게이밍 라인의 최강자 CPUSSD는 PCI-E 4.0 새롭게 떠오르는 가성비 SSD",
    "parts_price": {
        "CPU": {
            "제품명": "AMD 라이젠5-5세대 7600)",
            "가격": "234,070원",
            "수량": "1"
        },
        "메인보드": {
            "제품명": "ASRock B650M PG Lightning + WiFi6E 모듈 패키지 디앤디컴",
            "가격": "196,760원",
            "수량": "1"
        },
        "메모리": {
            "제품명": "TeamGroup T-CREATE DDR5-6000 CL30 EXPERT 패키지 서린) 32GB",
            "가격": "162,320원",
            "수량": "1"
        },
        "그래픽카드": {
            "제품명": "갤럭시 GALAX 지포스 RTX 4060 Ti OC D6 8GB",
            "가격": "568,980원",
            "수량": "1"
        },
        "SSD": {
            "제품명": "마이크론 Crucial T500 M.2 NVMe 대원씨티에스 1TB",
            "가격": "128,000원",
            "수량": "1"
        },
        "케이스": {
            "제품명": "DARKFLASH DRX70 MESH RGB 강화유리 블랙",
            "가격": "46,090원",
            "수량": "1"
        },
        "파워서플라이": {
            "제품명": "NEWZEN SKULL 750SM MODULAR ATX 3.0 80PLUS GOLD",
            "가격": "124,830원",
            "수량": "1"
        },
        "CPU쿨러": {
            "제품명": "3RSYS Socoool RC350 ARGB",
            "가격": "22,800원",
            "수량": "1"
        },
        "소프트웨어": {
            "제품명": "Microsoft Office 2021 Home & Student",
            "가격": "112,000원",
            "수량": "1"
        },
        "쿨러.튜닝.조명.액세서리": {
            "제품명": "장우컴퍼니 JW-HTK01 M.2 방열판",
            "가격": "1,200원",
            "수량": "1"
        }
    },
    "total_price": "1597050원",
    "CPU": "AMD 라이젠5-5세대 7600 (라파엘) (멀티팩(정품))",
    "Motherboard": "ASRock B650M PG Lightning + WiFi6E 모듈 패키지 디앤디컴",
    "Graphic Card": "갤럭시 GALAX 지포스 RTX 4060 Ti OC D6 8GB",
    "SSD": "마이크론 Crucial T500 M.2 NVMe 대원씨티에스 (1TB)",
    "Memory": "TeamGroup T-CREATE DDR5-6000 CL30 EXPERT 패키지 서린 (32GB(16Gx2))",
    "Power Supply": "NEWZEN SKULL 750SM MODULAR ATX 3.0 80PLUS GOLD (PCIE5)",
    "CPU Cooler": "3RSYS Socoool RC350 ARGB (BLACK)",
    "cpu_score": 312,
    "gpu_score": 32,
    "performance_grade": "중성능",
    "cpu_benchmarkscore": 28555,
    "gpu_benchmarkscore": 22891
}