{
    "quote_number": "3453",
    "quote_title": "AMD 라이젠5-5세대 7600 + 지포스 RTX 4070 SUPER",
    "date_create": "2024.2.25",
    "cpu_gpu_combinations": "라이젠5 7600 + RTX 4070 SUPER 조합",
    "quotation_summary": " AMD 라이젠5-5세대 7600 + 지포스 RTX 4070 SUPER# 게임",
    "quote_person_introduction": "안녕하세요! 인벤에서 주로 활동하고 있는 Skywalkers입니다.가성비와 성능비 그리고 감성비까지 모두 고려해서 가장 합리적인 구성을 찾을 수 있도록 추천을 드리겠습니다.",
    "quote_feedback": "1. 메인보드는 드라이버 모스펫 전원부에 히트싱크가 적용되어 있고 와이파이&블루투스도 가능한 가성비가 더 높은 ASRock B650M PG Lightning + WiFi6E 모듈 패키지 디앤디컴으로 변경2. 메모리는 라이프타임 워런티로 압도적인 AS기간을 제공하는 팀그룹 5600MHz 고클럭 규격램 16기가 2개 32기가로 변경라이젠은 5200MHz가 최대 지원 클럭이지만 5600MHz 메모리를 장착하고 아무런 설정없이 그대로 사용하면 52500MHz로 안정적으로 동작을 하고 바이오스에 들어가서 EXPO 클릭을 한 번 해주면 5600MHz로 클럭을 높여서도 사용할 수 있어서 선택지가 하나 더 있다고 보면 됩니다. 5200MHz만 사용할 수 있는 규격램 보다는 메리트가 더 높다고 할 수 있죠.3. 파워는 4000번대 16핀 전용 커넥터가 적용된 그래픽카드의 경우는 12VHPWR 케이블을 지원하는 제품으로 구성하는 것이 보다 안정적으로 사용할 수가 있습니다. 브론즈 보다 상위인 실버 인증에 12VHPWR 케이블이 적용된 마이크로닉스 COOLMAX FOCUS II 900W ETA SILVER PCIE5로 변경4. CPU쿨러는 케이스와도 잘 어울리고 성능도 좋고 ARGB를 지원하는 제품 중에서는 가격적인 메리트도 가장 높은 갓성비 제품인 3RSYS Socoool RC350 ARGB (BLACK)으로 변경참고해서 합리적인 구매하시기 바랍니다.",
    "computer_estimate_data": "[CPU]AMD 라이젠5-5세대 7600 (라파엘) (멀티팩(정품))상세보기[메인보드]ASRock B650M PG Lightning + WiFi6E 모듈 패키지 디앤디컴상세보기[메모리]TeamGroup DDR5-5600 CL46 Elite 패키지 (32GB(16Gx2))상세보기[그래픽카드]갤럭시 GALAX 지포스 RTX 4070 SUPER 2X D6X 12GB상세보기[SSD]마이크론 Crucial T500 M.2 NVMe 대원씨티에스 (1TB)상세보기[케이스]3RSYS L700 LITE (미들타워)상세보기[파워서플라이]마이크로닉스 COOLMAX FOCUS II 900W ETA SILVER PCIE5상세보기[CPU쿨러]3RSYS Socoool RC350 ARGB (BLACK)상세보기[소프트웨어]Microsoft Windows 11 Home (처음사용자용 한글)상세보기[조립PC관련][견적왕] 조립 서비스 + 1년 출장 A/S상세보기",
    "quote_description": "CPU는 라파엘 논X 제품의 막내로 높은 전성비와 게임 성능으로 DDR5 시스템 가성비 게이밍 라인의 최강자 CPUSSD는 PCI-E 4.0 새롭게 떠오르는 가성비 SSD",
    "parts_price": {
        "CPU": {
            "제품명": "AMD 라이젠5-5세대 7600)",
            "가격": "234,070원",
            "수량": "1"
        },
        "메인보드": {
            "제품명": "ASRock B650M PG Lightning + WiFi6E 모듈 패키지 디앤디컴",
            "가격": "196,760원",
            "수량": "1"
        },
        "메모리": {
            "제품명": "TeamGroup DDR5-5600 CL46 Elite 패키지) 32GB",
            "가격": "125,890원",
            "수량": "1"
        },
        "그래픽카드": {
            "제품명": "갤럭시 GALAX 지포스 RTX 4070 SUPER 2X D6X 12GB",
            "가격": "994,900원",
            "수량": "1"
        },
        "SSD": {
            "제품명": "마이크론 Crucial T500 M.2 NVMe 대원씨티에스 1TB",
            "가격": "128,000원",
            "수량": "1"
        },
        "케이스": {
            "제품명": "3RSYS L700 LITE",
            "가격": "58,290원",
            "수량": "1"
        },
        "파워서플라이": {
            "제품명": "마이크로닉스 COOLMAX FOCUS II 900W ETA SILVER PCIE5",
            "가격": "94,300원",
            "수량": "1"
        },
        "CPU쿨러": {
            "제품명": "3RSYS Socoool RC350 ARGB",
            "가격": "22,800원",
            "수량": "1"
        },
        "소프트웨어": {
            "제품명": "Microsoft Windows 11 Home",
            "가격": "168,990원",
            "수량": "1"
        }
    },
    "total_price": "2024000원",
    "CPU": "AMD 라이젠5-5세대 7600 (라파엘) (멀티팩(정품))",
    "Motherboard": "ASRock B650M PG Lightning + WiFi6E 모듈 패키지 디앤디컴",
    "Graphic Card": "갤럭시 GALAX 지포스 RTX 4070 SUPER 2X D6X 12GB",
    "SSD": "마이크론 Crucial T500 M.2 NVMe 대원씨티에스 (1TB)",
    "Memory": "TeamGroup DDR5-5600 CL46 Elite 패키지 (32GB(16Gx2))",
    "Power Supply": "마이크로닉스 COOLMAX FOCUS II 900W ETA SILVER PCIE5",
    "CPU Cooler": "3RSYS Socoool RC350 ARGB (BLACK)",
    "cpu_score": 312,
    "gpu_score": 4,
    "performance_grade": "중성능",
    "cpu_benchmarkscore": 28555,
    "gpu_benchmarkscore": 31768
}