{
    "quote_number": "3486",
    "quote_title": "코어i5-14세대 14600KF + 지포스 RTX 4070 Ti SUPER",
    "date_create": "2024.2.26",
    "cpu_gpu_combinations": "코어i5-14600KF + RTX 4070 Ti SUPER 조합",
    "quotation_summary": " 코어i5-14세대 14600KF + 지포스 RTX 4070 Ti SUPER# 게임",
    "quote_person_introduction": "안녕하세요! 인벤에서 주로 활동하고 있는 Skywalkers입니다.가성비와 성능비 그리고 감성비까지 모두 고려해서 가장 합리적인 구성을 찾을 수 있도록 추천을 드리겠습니다.",
    "quote_feedback": "1. 인텔은 12세대부터 벌크도 정품과 동일한 3년 무상 AS를 제공합니다.정품 박스가 꼭 필요한 것이 아니라면 벌크로 구성하는 것이 보다 효율적입니다. 14600KF 벌크로 구성2. 메인보드는 900A급 출력의 드라이버 모스펫 전원부가 적용되어 있는 B760 끝판왕인 MSI MAG B760M 박격포로 구성3. 메모리는 라이프타임 워런티로 압도적인 AS기간을 제공하는 팀그룹 5600MHz 고클럭 규격램 16기가 2개 32기가로 구성4. 그래픽카드는 1티어 AS 중에서도 최상위면서 가격적인 메리트도 높은 이엠텍 지포스 RTX 4070 Ti SUPER BLACK STORM OC D6X 16GB로 구성5. SSD는 젠4 제품 중 넘사벽 갓성비의 삼성전자 980PRO OEM버전인 삼성전자 PM9A1 M2 NVMe 병행수입 (2TB)으로 구성6. HDD는 PMR 방식의 제품 중에서는 가성비가 가장 좋은 Western Digital WD BLUE 5400/256M (WD40EZAX, 4TB)로 구성7. 케이스는 최근 가장 핫한 파노라마 뷰 어항디자인의 제품 중에서 압도적인 비쥬얼과 가성비 그리고 C타입 포트와 하단 타공망 적용으로 편의성과 쿨링 효율도 높은 몬스타 가츠 X520LA 리버스 블랙 (미들타워)로 구성8. 파워는 원하시는 안텍 제품 중 ATX 3.0과 PCIE5 규격을 동시에 지원하는 Antec NeoECO 850W 80PLUS GOLD 풀모듈러 ATX 3.0 (PCIE5)로 구성9. CPU쿨러는 케이스와도 잘 어울리는 대장급 성능의 듀얼타워 공랭쿨러인 PentaWave S06D LE ARGB로 구성참고해서 합리적인 구매하시기 바랍니다.",
    "computer_estimate_data": "[CPU]코어i5-14세대 14600KF (랩터레이크)(벌크)상세보기[메인보드]MSI MAG B760M 박격포상세보기[메모리]TeamGroup DDR5-5600 CL46 Elite 패키지 (32GB(16Gx2))상세보기[그래픽카드]이엠텍 지포스 RTX 4070 Ti SUPER BLACK STORM OC D6X 16GB상세보기[SSD]삼성전자 PM9A1 M.2 NVMe 병행수입 (2TB)상세보기[데스크탑 HDD]Western Digital WD BLUE 5400/256M (WD40EZAX, 4TB)상세보기[케이스]몬스타 가츠 X520LA 리버스 블랙 (미들타워)상세보기[파워서플라이]Antec NeoECO 850W 80PLUS GOLD 풀모듈러 ATX 3.0 (PCIE5)상세보기[CPU쿨러]PentaWave S06D LE ARGB상세보기[조립PC관련][견적왕] 조립 서비스 + 1년 출장 A/S상세보기",
    "quote_description": "",
    "parts_price": {
        "CPU": {
            "제품명": "코어i5-14세대 14600KF",
            "가격": "400,870원",
            "수량": "1"
        },
        "메인보드": {
            "제품명": "MSI MAG B760M 박격포",
            "가격": "201,700원",
            "수량": "1"
        },
        "메모리": {
            "제품명": "TeamGroup DDR5-5600 CL46 Elite 패키지) 32GB",
            "가격": "125,890원",
            "수량": "1"
        },
        "그래픽카드": {
            "제품명": "이엠텍 지포스 RTX 4070 Ti SUPER BLACK STORM OC D6X 16GB",
            "가격": "1,156,380원",
            "수량": "1"
        },
        "SSD": {
            "제품명": "삼성전자 PM9A1 M.2 NVMe 병행수입 2TB",
            "가격": "243,130원",
            "수량": "1"
        },
        "데스크탑 HDD": {
            "제품명": "Western Digital WD BLUE 5400/256M",
            "가격": "158,000원",
            "수량": "1"
        },
        "케이스": {
            "제품명": "몬스타 가츠 X520LA 리버스 블랙",
            "가격": "56,110원",
            "수량": "1"
        },
        "파워서플라이": {
            "제품명": "Antec NeoECO 850W 80PLUS GOLD 풀모듈러 ATX 3.0",
            "가격": "184,900원",
            "수량": "1"
        },
        "CPU쿨러": {
            "제품명": "PentaWave S06D LE ARGB",
            "가격": "33,370원",
            "수량": "1"
        }
    },
    "total_price": "2560350원",
    "CPU": "코어i5-14세대 14600KF (랩터레이크)(벌크)",
    "Motherboard": "MSI MAG B760M 박격포",
    "Graphic Card": "이엠텍 지포스 RTX 4070 Ti SUPER BLACK STORM OC D6X 16GB",
    "SSD": "삼성전자 PM9A1 M.2 NVMe 병행수입 (2TB)",
    "Memory": "TeamGroup DDR5-5600 CL46 Elite 패키지 (32GB(16Gx2))",
    "Power Supply": "Antec NeoECO 850W 80PLUS GOLD 풀모듈러 ATX 3.0 (PCIE5)",
    "CPU Cooler": "PentaWave S06D LE ARGB",
    "cpu_score": 181,
    "gpu_score": 4,
    "performance_grade": "고성능",
    "cpu_benchmarkscore": 39510,
    "gpu_benchmarkscore": 31768
}