{
    "quote_number": "3516",
    "quote_title": "AMD 라이젠9-5세대 7900 + 지포스 RTX 4070 SUPER",
    "date_create": "2024.2.27",
    "cpu_gpu_combinations": "라이젠9 7900 + RTX 4070 SUPER 조합",
    "quotation_summary": " AMD 라이젠9-5세대 7900 + 지포스 RTX 4070 SUPER# 게임",
    "quote_person_introduction": "안녕하세요! 인벤에서 주로 활동하고 있는 Skywalkers입니다.가성비와 성능비 그리고 감성비까지 모두 고려해서 가장 합리적인 구성을 찾을 수 있도록 추천을 드리겠습니다.",
    "quote_feedback": "1. 메인보드는 드라이버 모스펫 전원부와 히트싱크가 적용되어 있어서 안정적으로 사용할 수 있는 ASRock B650M PG Lightning + WiFi6E 모듈 패키지 디앤디컴으로 구성2. 메모리는 라이프타임 워런티로 압도적인 AS기간을 제공하는 패트리어트 5600MHz 고클럭 규격램 32기가 2개 64기가로 변경SK하이닉스 메모리 모듈이 적용되어 있어서 안정적으로 사용할 수 있습니다.3. 그래픽카드는 1티어 AS에 가격적인 메리트도 높은 갤럭시 GALAX 지포스 RTX 4070 SUPER 2X D6X 12GB로 변경4. SSD는 구성하신 P31은 NVMe 규격 중에서는 속도가 가장 느린 젠3 제품입니다.젠3 보다 2배 더 빠른 젠4 제품 중에서는 끝판왕급 제품인 마이크론 Crucial T500 M.2 NVMe 대원씨티에스 (2TB)로 변경5. 케이스는 최근 가장 핫한 파노라마 뷰 어항디자인의 제품으로 압도적인 비주얼과 가성비 그리고 C타입 포트까지 적용되어 있는 몬스타 가츠 X620A 리버스 (미들타워)로 변경6. 4070 SUPER는 정격 700W를 권장파워로 요구하는 그래픽카드입니다.파워는 ATX3.0과 PCIE5 규격을 동시에 지원하는 가성비 좋은 NEWZEN SKULL 750SM MODULAR ATX 3.0 80PLUS GOLD WHITE (PCIE5)로 변경7. CPU쿨러는 대장급 성능이면서 가성비가 가장 좋은 화이트 색상의 앱코 T360 테티스 풀체인지 ARGB (화이트)로 변경참고해서 합리적인 구매하시기 바랍니다.",
    "computer_estimate_data": "[CPU]AMD 라이젠9-5세대 7900 (라파엘) (멀티팩(정품))상세보기[메인보드]ASRock B650M PG Lightning + WiFi6E 모듈 패키지 디앤디컴상세보기[메모리]패트리어트 PATRIOT DDR5-5600 CL46 SIGNATURE (32GB) x 2 개상세보기[그래픽카드]갤럭시 GALAX 지포스 RTX 4070 SUPER 2X D6X 12GB상세보기[SSD]마이크론 Crucial T500 M.2 NVMe 대원씨티에스 (2TB)상세보기[케이스]몬스타 가츠 X620A 리버스 화이트 (미들타워)상세보기[파워서플라이]NEWZEN SKULL 750SM MODULAR ATX 3.0 80PLUS GOLD WHITE (PCIE5)상세보기[CPU쿨러]앱코 T360 테티스 풀체인지 ARGB (화이트)상세보기[소프트웨어]Microsoft Windows 11 Home (처음사용자용 한글)상세보기[조립PC관련][견적왕] 조립 서비스 + 1년 출장 A/S상세보기",
    "quote_description": "[조립PC관련]수랭 쿨러 조립 추가 비용상세보기CPU는 압도적인 전성비로 인한 말도 안되는 낮은 온도의  12코어 24쓰레드 CPU\n온도 제어가 힘든 고성능 CPU에 있어서 가성비 공랭 CPU쿨러로 온도 제어가 가능한 별종인 제품케이스는 흔히 어항케이스라고 불리우는 디자인이 적용된 X620A 리버스입니다. CPU쿨러 최대호환가능높이 165mm, 그래픽카드 최대호환가능길이 430mm 제원을 가졌으며 ATX 사이즈 메인보드까지 호환가능한 미들타워 제품입니다. 측면 120mm 기본팬 3개, 후면 120mm 기본팬 1개 총 4개를 제공하며 ARGB를 지원하여 메인보드 제조사 프로그램을 통해 색상 조정이 가능합니다.",
    "parts_price": {
        "CPU": {
            "제품명": "AMD 라이젠9-5세대 7900",
            "가격": "523,000원",
            "수량": "1"
        },
        "메인보드": {
            "제품명": "ASRock B650M PG Lightning + WiFi6E 모듈 패키지 디앤디컴",
            "가격": "196,760원",
            "수량": "1"
        },
        "메모리": {
            "제품명": "패트리어트 PATRIOT DDR5-5600 CL46 SIGNATURE  32GB",
            "가격": "117,310원",
            "수량": "2"
        },
        "그래픽카드": {
            "제품명": "갤럭시 GALAX 지포스 RTX 4070 SUPER 2X D6X 12GB",
            "가격": "994,900원",
            "수량": "1"
        },
        "SSD": {
            "제품명": "마이크론 Crucial T500 M.2 NVMe 대원씨티에스 2TB",
            "가격": "227,490원",
            "수량": "1"
        },
        "케이스": {
            "제품명": "몬스타 가츠 X620A 리버스 화이트",
            "가격": "65,340원",
            "수량": "1"
        },
        "파워서플라이": {
            "제품명": "NEWZEN SKULL 750SM MODULAR ATX 3.0 80PLUS GOLD WHITE",
            "가격": "124,830원",
            "수량": "1"
        },
        "CPU쿨러": {
            "제품명": "앱코 T360 테티스 풀체인지 ARGB",
            "가격": "77,000원",
            "수량": "1"
        },
        "소프트웨어": {
            "제품명": "Microsoft Windows 11 Home",
            "가격": "160,650원",
            "수량": "1"
        }
    },
    "total_price": "2604590원",
    "CPU": "AMD 라이젠9-5세대 7900 (라파엘) (멀티팩(정품))",
    "Motherboard": "ASRock B650M PG Lightning + WiFi6E 모듈 패키지 디앤디컴",
    "Graphic Card": "갤럭시 GALAX 지포스 RTX 4070 SUPER 2X D6X 12GB",
    "SSD": "마이크론 Crucial T500 M.2 NVMe 대원씨티에스 (2TB)",
    "Memory": "패트리어트 PATRIOT DDR5-5600 CL46 SIGNATURE (32GB) x 2 개",
    "Power Supply": "NEWZEN SKULL 750SM MODULAR ATX 3.0 80PLUS GOLD WHITE (PCIE5)",
    "CPU Cooler": "앱코 T360 테티스 풀체인지 ARGB (화이트)",
    "cpu_score": 107,
    "gpu_score": 4,
    "performance_grade": "고성능",
    "cpu_benchmarkscore": 51896,
    "gpu_benchmarkscore": 31768
}