{
    "quote_number": "3536",
    "quote_title": "AMD 라이젠7-5세대 7800X3D",
    "date_create": "2024.2.27",
    "cpu_gpu_combinations": "라이젠7 7800X3D +  조합",
    "quotation_summary": " AMD 라이젠7-5세대 7800X3D# 게임",
    "quote_person_introduction": "안녕하세요! 인벤에서 주로 활동하고 있는 Skywalkers입니다.가성비와 성능비 그리고 감성비까지 모두 고려해서 가장 합리적인 구성을 찾을 수 있도록 추천을 드리겠습니다.",
    "quote_feedback": "1. SSD는 최근에 출시된 젠4 규격의 끝판왕이라고 할 수 있는 마이크론 Crucial T500 M.2 NVMe 대원씨티에스 (2TB)로 변경2. 파워는 ATX3.0과 PCIE5 규격을 동시에 지원하는 1050W 고용량에 골드보다 상위인 플래티넘 인증 고효율 제품인 마이크로닉스 COOLMAX P-1050W 80PLUS PLATINUM ATX 3.0 (PCIE5)로 변경3. 시스템 쿨러는 140mm 팬은 패키지로 구성해서 1개의 컨트롤러를 더 추가했습니다.크라켄에서 컨트롤러 1개를 제공하고 2개의 컨트롤러를 연결할 수 있는 Y자 커넥터를 사용해서 내부의 모든 팬을 동기화 시킬 수 있습니다.참고해서 합리적인 구매하시기 바랍니다.",
    "computer_estimate_data": "[CPU]AMD 라이젠7-5세대 7800X3D (라파엘) (멀티팩(정품))상세보기[메인보드]GIGABYTE B650 AORUS ELITE AX 피씨디렉트상세보기[메모리]G.SKILL DDR5-6000 CL32 TRIDENT Z5 NEO RGB J 패키지 (64GB(32Gx2))상세보기[SSD]마이크론 Crucial T500 M.2 NVMe 대원씨티에스 (2TB)상세보기[케이스]NZXT H6 Flow RGB Matte Black (미들타워)상세보기[파워서플라이]마이크로닉스 COOLMAX P-1050W 80PLUS PLATINUM ATX 3.0 (PCIE5)상세보기[CPU쿨러]NZXT KRAKEN 360 RGB (BLACK)상세보기[쿨러.튜닝.조명.액세서리]NZXT F120 RGB CORE Black (1PACK)상세보기[쿨러.튜닝.조명.액세서리]NZXT F140 RGB CORE Black (2PACK/Controller)상세보기[조립PC관련][견적왕] 조립 서비스 + 1년 출장 A/S상세보기",
    "quote_description": "[조립PC관련]수랭 쿨러 조립 추가 비용상세보기",
    "parts_price": {
        "CPU": {
            "제품명": "AMD 라이젠7-5세대 7800X3D",
            "가격": "519,290원",
            "수량": "1"
        },
        "메인보드": {
            "제품명": "GIGABYTE B650 AORUS ELITE AX 피씨디렉트",
            "가격": "307,800원",
            "수량": "1"
        },
        "메모리": {
            "제품명": "G.SKILL DDR5-6000 CL32 TRIDENT Z5 NEO RGB J 패키지) 64GB",
            "가격": "338,539원",
            "수량": "1"
        },
        "SSD": {
            "제품명": "마이크론 Crucial T500 M.2 NVMe 대원씨티에스 2TB",
            "가격": "227,490원",
            "수량": "1"
        },
        "케이스": {
            "제품명": "NZXT H6 Flow RGB Matte Black",
            "가격": "202,180원",
            "수량": "1"
        },
        "파워서플라이": {
            "제품명": "마이크로닉스 COOLMAX P-1050W 80PLUS PLATINUM ATX 3.0",
            "가격": "205,470원",
            "수량": "1"
        },
        "CPU쿨러": {
            "제품명": "NZXT KRAKEN 360 RGB",
            "가격": "309,210원",
            "수량": "1"
        },
        "쿨러.튜닝.조명.액세서리": {
            "제품명": "NZXT F140 RGB CORE Black",
            "가격": "33,490원",
            "수량": "1"
        }
    },
    "total_price": "2143469원",
    "CPU": "AMD 라이젠7-5세대 7800X3D (라파엘) (멀티팩(정품))",
    "Motherboard": "GIGABYTE B650 AORUS ELITE AX 피씨디렉트",
    "SSD": "마이크론 Crucial T500 M.2 NVMe 대원씨티에스 (2TB)",
    "Memory": "G.SKILL DDR5-6000 CL32 TRIDENT Z5 NEO RGB J 패키지 (64GB(32Gx2))",
    "Power Supply": "마이크로닉스 COOLMAX P-1050W 80PLUS PLATINUM ATX 3.0 (PCIE5)",
    "CPU Cooler": "NZXT KRAKEN 360 RGB (BLACK)",
    "cpu_score": 225,
    "gpu_score": null,
    "performance_grade": "정보 없음",
    "cpu_benchmarkscore": 34357,
    "gpu_benchmarkscore": null
}