{
    "quote_number": "3557",
    "quote_title": "7500F + 4060 TI ([이벤트특가] 마이크론 Crucial T500 2TB + Crucial DDR5-5600 (32GB(16Gx2)) 패키지 대원씨티에스)",
    "date_create": "2024.2.28",
    "cpu_gpu_combinations": "라이젠5 7500F + RTX 4060 Ti 조합",
    "quotation_summary": " 7500F + 4060 TI ([이벤트특가] 마이크론 Crucial T500 2TB + Crucial DDR5-5600 (32GB(16Gx2)) 패키지 대원씨티에스)# 7500F + 4060 TI ([이벤트특가] 마이크론 Crucial T500 2TB + Crucial DDR5-5600 (32GB(16Gx2)) 패키지 대원씨티에스)",
    "quote_person_introduction": "퀘이사존, 다나와, 쿨엔에서 활동 중인  잉여인간17호입니다.다양한 필테 경력과 컴덕질을 경험삼아 도움 드리고자 합니다.어떠한 스폰도 받지 않는 유저 입장에서 직접 사용해보고 테스트한 견적 위주로 견적드리겠습니다.",
    "quote_feedback": "7500F + 4060 TI ([이벤트특가] 마이크론 Crucial T500 2TB + Crucial DDR5-5600 (32GB(16Gx2)) 패키지 대원씨티에스)",
    "computer_estimate_data": "[CPU]AMD 라이젠5-5세대 7500F (라파엘) (멀티팩(정품))상세보기[메인보드]ASRock B650M PG Lightning 에즈윈상세보기[그래픽카드]갤럭시 GALAX 지포스 RTX 4060 Ti OC D6 8GB상세보기[케이스]DARKFLASH DRX70 MESH RGB 강화유리 블랙 (미들타워)상세보기[파워서플라이]마이크로닉스 COOLMAX FOCUS II 700W ETA BRONZE PCIE5상세보기[CPU쿨러]DEEPCOOL AG400상세보기[이벤트특가][SSD + RAM] 마이크론 Crucial T500 2TB + Crucial DDR5-5600 (32GB(16Gx2)) 패키지 대원씨티에스상세보기[쿨러.튜닝.조명.액세서리]장우컴퍼니 JW-HTK01 M.2 방열판상세보기[조립PC관련][견적왕] 조립 서비스 + 1년 출장 A/S상세보기",
    "quote_description": "CPU는 최고의 게이밍 가성비 CPU입니다메인보드는 Dr.MOS 전원부가 탑재된 가성비 좋은 B650보드입니다.그래픽카드는 AS 탑티어인 갤럭시의 FHD 퍼포먼스 라인 그래픽카드입니다.케이스는 5만원 이하 케이스 중 전면 TYPE-C 포트를 지원하고, 그래픽카드 지지대 기본 구성에 그래픽카드 호환성도 준수한 케이스입니다.파워서플라이는 브론즈 효율에 PCIE5 규격으로 가격대도 저렴한 가성비 좋은 마이크로닉스 파워입니다.CPU쿨러는 팔라딘 400 급 성능에 2만원 초반선의 극가성비 쿨러입니다.",
    "parts_price": {
        "CPU": {
            "제품명": "AMD 라이젠5-5세대 7500F",
            "가격": "204,580원",
            "수량": "1"
        },
        "메인보드": {
            "제품명": "ASRock B650M PG Lightning 에즈윈",
            "가격": "156,010원",
            "수량": "1"
        },
        "그래픽카드": {
            "제품명": "갤럭시 GALAX 지포스 RTX 4060 Ti OC D6 8GB",
            "가격": "568,980원",
            "수량": "1"
        },
        "케이스": {
            "제품명": "DARKFLASH DRX70 MESH RGB 강화유리 블랙",
            "가격": "46,090원",
            "수량": "1"
        },
        "파워서플라이": {
            "제품명": "마이크로닉스 COOLMAX FOCUS II 700W ETA BRONZE PCIE5",
            "가격": "65,980원",
            "수량": "1"
        },
        "CPU쿨러": {
            "제품명": "DEEPCOOL AG400",
            "가격": "21,620원",
            "수량": "1"
        },
        "SSD + RAM": {
            "제품명": "마이크론 Crucial T500 2TB + Crucial DDR5-5600 패키지 대원씨티에스 2TB",
            "가격": "181,990원",
            "수량": "1"
        },
        "쿨러.튜닝.조명.액세서리": {
            "제품명": "장우컴퍼니 JW-HTK01 M.2 방열판",
            "가격": "1,200원",
            "수량": "1"
        }
    },
    "total_price": "1246450원",
    "CPU": "AMD 라이젠5-5세대 7500F (라파엘) (멀티팩(정품))",
    "Motherboard": "ASRock B650M PG Lightning 에즈윈",
    "Graphic Card": "갤럭시 GALAX 지포스 RTX 4060 Ti OC D6 8GB",
    "Power Supply": "마이크로닉스 COOLMAX FOCUS II 700W ETA BRONZE PCIE5",
    "CPU Cooler": "DEEPCOOL AG400",
    "cpu_score": 355,
    "gpu_score": 32,
    "performance_grade": "중성능",
    "cpu_benchmarkscore": 26926,
    "gpu_benchmarkscore": 22891
}