{
    "quote_number": "3644",
    "quote_title": "7900 + 4070 화이트(저소음)",
    "date_create": "2024.3.1",
    "cpu_gpu_combinations": "라이젠9 7900 + RTX 4070 조합",
    "quotation_summary": " 7900 + 4070 화이트(저소음)# 7900 + 4070 화이트(저소음)",
    "quote_person_introduction": "퀘이사존, 다나와, 쿨엔에서 활동 중인  잉여인간17호입니다.다양한 필테 경력과 컴덕질을 경험삼아 도움 드리고자 합니다.어떠한 스폰도 받지 않는 유저 입장에서 직접 사용해보고 테스트한 견적 위주로 견적드리겠습니다.",
    "quote_feedback": "7900 + 4070 화이트(저소음)",
    "computer_estimate_data": "[CPU]AMD 라이젠9-5세대 7900 (라파엘) (멀티팩(정품))상세보기[메인보드]GIGABYTE B650M AORUS ELITE AX ICE 피씨디렉트상세보기[그래픽카드]갤럭시 GALAX 지포스 RTX 4070 EX GAMER WHITE OC D6X 12GB상세보기[데스크탑 HDD]Toshiba 4TB N300 HDWQ140 (SATA3/7200/128M)상세보기[케이스]DARKFLASH DK1000 MESH 강화유리 화이트 (미들타워)상세보기[파워서플라이]NEWZEN SKULL 750SM MODULAR ATX 3.0 80PLUS GOLD WHITE (PCIE5)상세보기[CPU쿨러]Thermalright Peerless Assassin 120 SE WHITE ARGB 서린상세보기[이벤트특가][SSD + RAM] 마이크론 Crucial T500 1TB + Crucial DDR5-5600 (32GB(16Gx2)) 패키지 대원씨티에스상세보기[조립PC관련][견적왕] 조립 서비스 + 1년 출장 A/S상세보기",
    "quote_description": "[조립PC관련]수랭 쿨러 조립 추가 비용상세보기CPU는 X 버전에 비해 발열과 전성비를 잡고 나와 저렴한 메인보드와 공랭쿨러와 사용 가능하고 12코어 24스레드로 뛰어난 작업 성능을 자랑하는 라이젠9 CPU입니다.메인보드는 12+2+2페이즈 720A(60A) 기가바이트의 화이트 감성을 위한 B650 보드그래픽카드는 AS 3대장 갤럭시의 화이트 그래픽카드입니다.데스크탑 HDD는 도시바의 안정성이 뛰어난 나스용 하드입니다케이스는 케이스는 다크플래쉬 DK1000이 LED 없이 깔끔한 디자인에 140mm 쿨링팬으로 쿨링 성능도 뛰어나면서 쿨링팬도 조용해 정숙성도 좋습니다. 슬라이드방식 먼지필터로 먼지관리도 용이하고 도어형 강화유리 적용으로 편의성도 좋고, 그래픽카드 지지대도 기본으로 있어 구성도 좋아서 해당 케이스로 구성했습니다.파워서플라이는  10년 보증에 슈퍼플라워랑 같은 유통사로 고주파 발생시 새제품 교환 등 AS 정책도 동일하고 가격대도 좋은 파워입니다.CPU쿨러는 써멀리아트의 대장급 공랭입니다. 화이트 감성과 정숙성을 원하시는 분들에게 추천드립니다.",
    "parts_price": {
        "CPU": {
            "제품명": "AMD 라이젠9-5세대 7900",
            "가격": "523,000원",
            "수량": "1"
        },
        "메인보드": {
            "제품명": "GIGABYTE B650M AORUS ELITE AX ICE 피씨디렉트",
            "가격": "307,800원",
            "수량": "1"
        },
        "그래픽카드": {
            "제품명": "갤럭시 GALAX 지포스 RTX 4070 EX GAMER WHITE OC D6X 12GB",
            "가격": "889,990원",
            "수량": "1"
        },
        "데스크탑 HDD": {
            "제품명": "Toshiba 4TB N300 HDWQ140",
            "가격": "179,000원",
            "수량": "1"
        },
        "케이스": {
            "제품명": "DARKFLASH DK1000 MESH 강화유리 화이트",
            "가격": "69,420원",
            "수량": "1"
        },
        "파워서플라이": {
            "제품명": "NEWZEN SKULL 750SM MODULAR ATX 3.0 80PLUS GOLD WHITE",
            "가격": "124,830원",
            "수량": "1"
        },
        "CPU쿨러": {
            "제품명": "Thermalright Peerless Assassin 120 SE WHITE ARGB 서린",
            "가격": "43,243원",
            "수량": "1"
        },
        "SSD + RAM": {
            "제품명": "마이크론 Crucial T500 1TB + Crucial DDR5-5600 패키지 대원씨티에스 1TB",
            "가격": "128,000원",
            "수량": "1"
        }
    },
    "total_price": "2265283원",
    "CPU": "AMD 라이젠9-5세대 7900 (라파엘) (멀티팩(정품))",
    "Motherboard": "GIGABYTE B650M AORUS ELITE AX ICE 피씨디렉트",
    "Graphic Card": "갤럭시 GALAX 지포스 RTX 4070 EX GAMER WHITE OC D6X 12GB",
    "Power Supply": "NEWZEN SKULL 750SM MODULAR ATX 3.0 80PLUS GOLD WHITE (PCIE5)",
    "CPU Cooler": "Thermalright Peerless Assassin 120 SE WHITE ARGB 서린",
    "cpu_score": 107,
    "gpu_score": 4,
    "performance_grade": "고성능",
    "cpu_benchmarkscore": 51896,
    "gpu_benchmarkscore": 31768
}