{
    "quote_number": "3652",
    "quote_title": "AMD 라이젠9-5세대 7900 + 지포스 RTX 4070",
    "date_create": "2024.3.1",
    "cpu_gpu_combinations": "라이젠9 7900 + RTX 4070 조합",
    "quotation_summary": " AMD 라이젠9-5세대 7900 + 지포스 RTX 4070# 워크스테이션",
    "quote_person_introduction": "안녕하세요! 인벤에서 주로 활동하고 있는 Skywalkers입니다.가성비와 성능비 그리고 감성비까지 모두 고려해서 가장 합리적인 구성을 찾을 수 있도록 추천을 드리겠습니다.",
    "quote_feedback": "1. CPU는 7900으로 변경해도 됩니다.2. 메인보드는 드라이버 모스펫 전원부와 화이티 계열의 히트싱크가 적용되어 있는 ASRock B650M Pro RS 대원씨티에스로 변경3. 작업은 메모리 클럭의 영향을 덜 받기도 하고 7900의 경우 온도가 낮아서 듀얼타워 공랭쿨러로 조립을 하는데 메인보드의 메모리 슬롯을 다 덮어버려서 메모리가 보이지 않아서 튜닝 메모리 메리트도 떨어지게 됩니다.메모리는 라이프타임 워런티로 압도적인 AS기간을 제공하는 팀그룹 5600MHz 고클럭 규격램 16기가 2개 32기가로 변경4. 작업에 있어서 가장 체감이 큰 부품이 SSD입니다. P31은 NVMe 규격 중에서는 속도가 가장 느린 젠3 제품입니다.젠3 보다 2배 더 빠른 젠4 제품 중 넘사벽 갓성비의 삼성전자 980PRO OEM버전인 삼성전자 PM9A1 M2 NVMe 병행수입 (1TB)으로 변경5. 구성하신 HDD는 PMR방식이 맞습니다. 네이버나 구글을 검색해도 해당 제품이 SMR방식으로 너프가 되었다는 말은 찾을 수가 없습니다. WD40EZAX, 4TB는 PMR 방식이 맞고 함께 유통중인 WD40EZAZ, 4TB가 SMR 방식입니다.6. 케이스는 140mm 저소음팬이 6개 기본장착되어 있어서 팬을 추가할 필요없고 공랭 CPU쿨러와 조합시 최고의 쿨링 효율을 보여주는 아이구주 PRAY 30 PLUS 화이트 (미들타워)로 변경7. 파워는 ATX3.0과 PCIE5 규격을 동시에 지원하는 가성비 좋은 NEWZEN SKULL 750SM MODULAR ATX 3.0 80PLUS GOLD WHITE (PCIE5)로 변경8. CPU쿨러는 대장급 성능의 듀얼 타워 공랭쿨러면서 소음은 아주 낮은 수준인 DARKFLASH Ellsworth D21 (WHITE)로 변경참고해서 합리적인 구매하시기 바랍니다.",
    "computer_estimate_data": "[CPU]AMD 라이젠9-5세대 7900 (라파엘) (멀티팩(정품))상세보기[메인보드]ASRock B650M Pro RS 대원씨티에스상세보기[메모리]TeamGroup DDR5-5600 CL46 Elite 패키지 (32GB(16Gx2))상세보기[그래픽카드]갤럭시 GALAX 지포스 RTX 4070 EX GAMER WHITE OC D6X 12GB상세보기[SSD]삼성전자 PM9A1 M2 NVMe 병행수입 (1TB)상세보기[데스크탑 HDD]Western Digital WD BLUE 5400/256M (WD40EZAX, 4TB)상세보기[케이스]아이구주 PRAY 30 PLUS 화이트 (미들타워)상세보기[파워서플라이]NEWZEN SKULL 750SM MODULAR ATX 3.0 80PLUS GOLD WHITE (PCIE5)상세보기[CPU쿨러]DARKFLASH Ellsworth D21 (WHITE)상세보기[조립PC관련][견적왕] 조립 서비스 + 1년 출장 A/S상세보기",
    "quote_description": "[조립PC관련]수랭 쿨러 조립 추가 비용상세보기CPU는 압도적인 전성비로 인한 말도 안되는 낮은 온도의  12코어 24쓰레드 CPU\n온도 제어가 힘든 고성능 CPU에 있어서 가성비 공랭 CPU쿨러로 온도 제어가 가능한 별종인 제품메인보드는 B650칩셋 제품이라서 PBO와 커브옵티마이저 기능을 지원하는 제품입니다. 400A급 드라이버모스펫 구성의 전원부 성능을 가지고 있으며 기판일부와 방열판색상이 화이트라 화이트조합에 알맞습니다.CPU쿨러는 이쁘고 조용한 다크플래시의 D21",
    "parts_price": {
        "CPU": {
            "제품명": "AMD 라이젠9-5세대 7900",
            "가격": "523,000원",
            "수량": "1"
        },
        "메인보드": {
            "제품명": "ASRock B650M Pro RS 대원씨티에스",
            "가격": "170,500원",
            "수량": "1"
        },
        "메모리": {
            "제품명": "TeamGroup DDR5-5600 CL46 Elite 패키지) 32GB",
            "가격": "125,890원",
            "수량": "1"
        },
        "그래픽카드": {
            "제품명": "갤럭시 GALAX 지포스 RTX 4070 EX GAMER WHITE OC D6X 12GB",
            "가격": "889,990원",
            "수량": "1"
        },
        "SSD": {
            "제품명": "삼성전자 PM9A1 M2 NVMe 병행수입 1TB",
            "가격": "102,820원",
            "수량": "1"
        },
        "데스크탑 HDD": {
            "제품명": "Western Digital WD BLUE 5400/256M",
            "가격": "158,000원",
            "수량": "1"
        },
        "케이스": {
            "제품명": "아이구주 PRAY 30 PLUS 화이트",
            "가격": "56,100원",
            "수량": "1"
        },
        "파워서플라이": {
            "제품명": "NEWZEN SKULL 750SM MODULAR ATX 3.0 80PLUS GOLD WHITE",
            "가격": "124,830원",
            "수량": "1"
        },
        "CPU쿨러": {
            "제품명": "DARKFLASH Ellsworth D21",
            "가격": "47,360원",
            "수량": "1"
        }
    },
    "total_price": "2198490원",
    "CPU": "AMD 라이젠9-5세대 7900 (라파엘) (멀티팩(정품))",
    "Motherboard": "ASRock B650M Pro RS 대원씨티에스",
    "Graphic Card": "갤럭시 GALAX 지포스 RTX 4070 EX GAMER WHITE OC D6X 12GB",
    "SSD": "삼성전자 PM9A1 M2 NVMe 병행수입 (1TB)",
    "Memory": "TeamGroup DDR5-5600 CL46 Elite 패키지 (32GB(16Gx2))",
    "Power Supply": "NEWZEN SKULL 750SM MODULAR ATX 3.0 80PLUS GOLD WHITE (PCIE5)",
    "CPU Cooler": "DARKFLASH Ellsworth D21 (WHITE)",
    "cpu_score": 107,
    "gpu_score": 4,
    "performance_grade": "고성능",
    "cpu_benchmarkscore": 51896,
    "gpu_benchmarkscore": 31768
}