{
    "quote_number": "3664",
    "quote_title": "AMD 라이젠5-5세대 7500F + 지포스 RTX 4070 SUPER",
    "date_create": "2024.3.1",
    "cpu_gpu_combinations": "라이젠5 7500F + RTX 4070 SUPER 조합",
    "quotation_summary": " AMD 라이젠5-5세대 7500F + 지포스 RTX 4070 SUPER# 게임용",
    "quote_person_introduction": "안녕하세요! 인벤에서 주로 활동하고 있는 Skywalkers입니다.가성비와 성능비 그리고 감성비까지 모두 고려해서 가장 합리적인 구성을 찾을 수 있도록 추천을 드리겠습니다.",
    "quote_feedback": "1. 구성하신 견적은 품절된 제품도 많고 변경해야 할 제품도 있어서 수정을 하는 것이 좋습니다.2. CPU는 성능 차이는 크지 않으면서 가격 차이가 있어서 가성비가 더 좋은 7500F로 변경3. 메인보드는 전원부 히트싱크가 적용되어 있는 ASUS EX B650M-V7 대원씨티에스로 변경비슷한 금액대라면 커브 옵티마이저를 지원하지 않는 하위 칩셋인 A620보다는 상위 칩셋인 B650으로 구성하는 것이 좋습니다.4. 메모리는 16기가 1개가 아닌 16기가 2개로 구성해야 제대로 된 성능이 나옵니다.삼성과 마이크론 램은 최근 아주 큰 불량 이슈가 있었던 터라 라이프타임 워런티로 압도적인 AS기간을 제공하는 팀그룹 5600MHz 고클럭 규격램 16기가 2개 32기가로 변경5. 그래픽카드는 1티어 AS에 가격적인 메리트도 높은 갤럭시 GALAX 지포스 RTX 4070 SUPER 2X D6X 12GB로 변경6. 구성하신 P31 SSD는 NVMe 규격 중에서는 속도가 가장 낮은 젠3 제품입니다.젠3 보다 2배 더 빠른 젠4 제품 중 넘사벽 갓성비의 삼성전자 980PRO OEM버전인 삼성전자 PM9A1 M2 NVMe 병행수입 (1TB)으로 변경7.  케이스는 식스팬 기본 장착에 메인보드 CPU 장착 후면부에 120mm 팬을 추가 장착하여 CPU의 온도를 효과적으로 낮출 수 있도록 설계되어 최고 수준의 쿨링 효율을 보여주는 세븐 팬 제품인 잘만 N7 PLUS Black (미들타워)로 변경LED OFF도 가능하고 동시에 팬 속도 조절도 되는 장점이 아주 많은 제품입니다.8. 파워는 4000번대 16핀 전용 커넥터가 적용된 그래픽카드의 경우는 12VHPWR 케이블을 지원하는 제품으로 구성하는 것이 보다 안정적으로 사용할 수가 있습니다. 실버 인증에 12VHPWR 케이블이 적용된 마이크로닉스 WIZMAX 750W 80PLUS SILVER ATX3.0 (PCIE5)로 변경9. CPU쿨러는 싱글타워 끝판왕급 성능에 최근 3만원 대에서 만원 중후반대로 가격을 대폭인하해서 갓성비 중에서도 갓성비라고 할 수 있는 3RSYS TEAMMOST TM40으로 변경참고해서 합리적인 구매하시기 바랍니다.",
    "computer_estimate_data": "[CPU]AMD 라이젠5-5세대 7500F (라파엘) (멀티팩(정품))상세보기[메인보드]ASUS EX B650M-V7 대원씨티에스상세보기[메모리]TeamGroup DDR5-5600 CL46 Elite 패키지 (32GB(16Gx2))상세보기[그래픽카드]갤럭시 GALAX 지포스 RTX 4070 SUPER 2X D6X 12GB상세보기[SSD]삼성전자 PM9A1 M2 NVMe 병행수입 (1TB)상세보기[데스크탑 HDD]Toshiba 2TB P300 HDWD120 (SATA3/7200/64M)상세보기[케이스]잘만 N7 PLUS Black (미들타워)상세보기[파워서플라이]마이크로닉스 WIZMAX 750W 80PLUS SILVER ATX3.0 (PCIE5)상세보기[CPU쿨러]3RSYS TEAMMOST TM40상세보기[쿨러.튜닝.조명.액세서리]장우컴퍼니 JW-HTK01 M.2 방열판상세보기[조립PC관련][견적왕] 조립 서비스 + 1년 출장 A/S상세보기",
    "quote_description": "데스크탑 HDD는 안정성 높은 PMR 방식의 HDD",
    "parts_price": {
        "CPU": {
            "제품명": "AMD 라이젠5-5세대 7500F",
            "가격": "204,580원",
            "수량": "1"
        },
        "메인보드": {
            "제품명": "ASUS EX B650M-V7 대원씨티에스",
            "가격": "137,680원",
            "수량": "1"
        },
        "메모리": {
            "제품명": "TeamGroup DDR5-5600 CL46 Elite 패키지) 32GB",
            "가격": "125,890원",
            "수량": "1"
        },
        "그래픽카드": {
            "제품명": "갤럭시 GALAX 지포스 RTX 4070 SUPER 2X D6X 12GB",
            "가격": "994,990원",
            "수량": "1"
        },
        "SSD": {
            "제품명": "삼성전자 PM9A1 M2 NVMe 병행수입 1TB",
            "가격": "104,510원",
            "수량": "1"
        },
        "데스크탑 HDD": {
            "제품명": "Toshiba 2TB P300 HDWD120",
            "가격": "97,460원",
            "수량": "1"
        },
        "케이스": {
            "제품명": "잘만 N7 PLUS Black",
            "가격": "39,990원",
            "수량": "1"
        },
        "파워서플라이": {
            "제품명": "마이크로닉스 WIZMAX 750W 80PLUS SILVER ATX3.0",
            "가격": "85,490원",
            "수량": "1"
        },
        "CPU쿨러": {
            "제품명": "3RSYS TEAMMOST TM40",
            "가격": "18,800원",
            "수량": "1"
        },
        "쿨러.튜닝.조명.액세서리": {
            "제품명": "장우컴퍼니 JW-HTK01 M.2 방열판",
            "가격": "1,200원",
            "수량": "1"
        }
    },
    "total_price": "1810590원",
    "CPU": "AMD 라이젠5-5세대 7500F (라파엘) (멀티팩(정품))",
    "Motherboard": "ASUS EX B650M-V7 대원씨티에스",
    "Graphic Card": "갤럭시 GALAX 지포스 RTX 4070 SUPER 2X D6X 12GB",
    "SSD": "삼성전자 PM9A1 M2 NVMe 병행수입 (1TB)",
    "Memory": "TeamGroup DDR5-5600 CL46 Elite 패키지 (32GB(16Gx2))",
    "Power Supply": "마이크로닉스 WIZMAX 750W 80PLUS SILVER ATX3.0 (PCIE5)",
    "CPU Cooler": "3RSYS TEAMMOST TM40",
    "cpu_score": 355,
    "gpu_score": 4,
    "performance_grade": "중성능",
    "cpu_benchmarkscore": 26926,
    "gpu_benchmarkscore": 31768
}