{
    "quote_number": "3668",
    "quote_title": "7950X3D + RTX 4090 워크스테이션",
    "date_create": "2024.3.1",
    "cpu_gpu_combinations": "라이젠9 7950X3D + RTX 4060 Ti 조합",
    "quotation_summary": " 7950X3D + RTX 4090 워크스테이션# 7950X3D + RTX 4090 워크스테이션",
    "quote_person_introduction": "퀘이사존, 다나와, 쿨엔에서 활동 중인  잉여인간17호입니다.다양한 필테 경력과 컴덕질을 경험삼아 도움 드리고자 합니다.어떠한 스폰도 받지 않는 유저 입장에서 직접 사용해보고 테스트한 견적 위주로 견적드리겠습니다.",
    "quote_feedback": "7950X3D + RTX 4090 워크스테이션",
    "computer_estimate_data": "[CPU]AMD 라이젠9-5세대 7950X3D (라파엘) (정품)상세보기[메인보드]ASRock B650 PG Lightning 대원씨티에스상세보기[메모리]ADATA DDR5-5600 CL46-45-45 (32GB) x 2 개상세보기[그래픽카드]MSI 지포스 RTX 4060 Ti 벤투스 2X 블랙 OC D6 16GB상세보기[SSD]마이크론 Crucial T700 M.2 NVMe 아스크텍 (2TB)상세보기[데스크탑 HDD]Toshiba 4TB N300 HDWQ140 (SATA3/7200/128M)상세보기[케이스]DARKFLASH DK1000 MESH 강화유리 블랙 (미들타워)상세보기[파워서플라이]NEWZEN SKULL 750SM MODULAR ATX 3.0 80PLUS GOLD (PCIE5)상세보기[CPU쿨러]Thermalright Peerless Assassin 120 SE 서린상세보기[조립PC관련][견적왕] 조립 서비스 + 1년 출장 A/S상세보기",
    "quote_description": "CPU는 뛰어난 게임성능과 전성비로 인텔 13세대를 압도해버린 라이젠 최상위 게이밍 CPU입니다.메인보드는 14+2+1페이즈최대 840A(60A)의 전원부에 뛰어난 가성비와 ATX 사이즈로 호환성까지 뛰어난 보드입니다.그래픽카드는 VRAM이 16GB로 높아 그래픽카드 VRAM을 많이 사용하는 앱플레이어나 게임, 작업용도로도 좋습니다.데스크탑 HDD는 도시바의 안정성이 뛰어난 나스용 하드입니다케이스는 LED 없이 깔끔한 디자인에 140mm 쿨링팬으로 쿨링 성능도 뛰어나면서 쿨링팬도 조용해 정숙성도 뛰어납니다.파워서플라이는 10년 보증에 슈퍼플라워랑 같은 유통사로 고주파 발생시 새제품 교환 등 AS 정책에 뛰어난 가성비까지 겸비한 파워입니다.CPU쿨러는 대장급 공랭 중 뛰어난 정숙성과 성능을 겸비한 쿨러입니다.",
    "parts_price": {
        "CPU": {
            "제품명": "AMD 라이젠9-5세대 7950X3D",
            "가격": "892,010원",
            "수량": "1"
        },
        "메인보드": {
            "제품명": "ASRock B650 PG Lightning 대원씨티에스",
            "가격": "147,900원",
            "수량": "1"
        },
        "메모리": {
            "제품명": "ADATA DDR5-5600 CL46-45-45  32GB",
            "가격": "119,450원",
            "수량": "2"
        },
        "그래픽카드": {
            "제품명": "MSI 지포스 RTX 4060 Ti 벤투스 2X 블랙 OC D6 16GB",
            "가격": "610,850원",
            "수량": "1"
        },
        "SSD": {
            "제품명": "마이크론 Crucial T700 M.2 NVMe 아스크텍 2TB",
            "가격": "381,400원",
            "수량": "1"
        },
        "데스크탑 HDD": {
            "제품명": "Toshiba 4TB N300 HDWQ140",
            "가격": "179,000원",
            "수량": "1"
        },
        "케이스": {
            "제품명": "DARKFLASH DK1000 MESH 강화유리 블랙",
            "가격": "64,940원",
            "수량": "1"
        },
        "파워서플라이": {
            "제품명": "NEWZEN SKULL 750SM MODULAR ATX 3.0 80PLUS GOLD",
            "가격": "124,830원",
            "수량": "1"
        },
        "CPU쿨러": {
            "제품명": "Thermalright Peerless Assassin 120 SE 서린",
            "가격": "38,500원",
            "수량": "1"
        }
    },
    "total_price": "2678330원",
    "CPU": "AMD 라이젠9-5세대 7950X3D (라파엘) (정품)",
    "Motherboard": "ASRock B650 PG Lightning 대원씨티에스",
    "Graphic Card": "MSI 지포스 RTX 4060 Ti 벤투스 2X 블랙 OC D6 16GB",
    "SSD": "마이크론 Crucial T700 M.2 NVMe 아스크텍 (2TB)",
    "Memory": "ADATA DDR5-5600 CL46-45-45 (32GB) x 2 개",
    "Power Supply": "NEWZEN SKULL 750SM MODULAR ATX 3.0 80PLUS GOLD (PCIE5)",
    "CPU Cooler": "Thermalright Peerless Assassin 120 SE 서린",
    "cpu_score": 63,
    "gpu_score": 32,
    "performance_grade": "고성능",
    "cpu_benchmarkscore": 62530,
    "gpu_benchmarkscore": 22891
}