{
    "quote_number": "3760",
    "quote_title": "AMD 라이젠5-4세대 5600 + 라데온 RX 6800",
    "date_create": "2024.3.4",
    "cpu_gpu_combinations": "라이젠5 5600 + RX 6800 조합",
    "quotation_summary": " AMD 라이젠5-4세대 5600 + 라데온 RX 6800# 게임용",
    "quote_person_introduction": "안녕하세요! 인벤에서 주로 활동하고 있는 Skywalkers입니다.가성비와 성능비 그리고 감성비까지 모두 고려해서 가장 합리적인 구성을 찾을 수 있도록 추천을 드리겠습니다.",
    "quote_feedback": "1. CPU는 게임 가성비가 가장 좋은 5600으로 구성2. 메인보드는 전원부 히트싱크에 램 슬롯 4개가 적용되어 있는 ASUS PRIME A520M-A II 대원CTS로 구성3. 메모리는 라이프타임 워런티로 압도적인 AS기간을 제공하고 SK하이닉스 모듈을 사용해서 안정성도 높고 가격도 저렴한 ESSENCORE KLEVV DDR4-3200 CL22 (16GB) 2개 32기가로 구성4. 그래픽카드는 이전 세대 하이엔급 성능인 3070 Ti 보다도 깡성능이 더 높은 넘사벽 갓성비 제품이라고 할 수 있는 XFX 라데온 RX 6800 SWFT 319 CORE D6 16GB로 구성5. SSD는 젠3 제품 중에서는 5년 무상AS에 성능도 좋고 가격적인 메리트도 있는 ADATA XPG SX8100 M.2 2280 (512GB)로 구성했고 저렴한 방열판도 하나 추가했습니다.6. 케이스는 식스팬이 적용되어 있고 350mm VGA까지 장착지원을 하는 가성비가 월등히 좋은 EDDY A1 RGB MESH 강화유리 (미들타워)로 구성7. 파워는 6년 무상AS에 무려 9종에 달하는 보호회로를 적용하여 안정성에 몰빵을 하고서도 가격은 아주 착한 수준으로 출시가 되었고 현재 출시 이벤트로 가격을 더 인하해서 판매 중이라 갓성비 중에서도 갓성비라고 할 수 있는 몬스타 가츠 ExtremeX FX800 80PLUS STANDARD로 구성8. CPU쿨러는 케이스와도 잘 어울리고 성능도 좋고 ARGB를 지원하는 제품 중에서는 가격적인 메리트도 가장 높은 갓성비 제품인 PentaWave Z04E SRB ARGB로 구성9. 모니터는 32인치 QHD해상도 165Hz 고주사율 게이밍 제품인 크로스오버 323QH3 GAMING 165 HDR 평면 PLUS 무결점으로 구성10. 키보드 마우스 스피커는 가격대비 퀄리티가 아주 높은 제품들로 구성했습니다.참고해서 합리적인 구매하시기 바랍니다.",
    "computer_estimate_data": "[CPU]AMD 라이젠5-4세대 5600 (버미어) (멀티팩(정품))상세보기[메인보드]ASUS PRIME A520M-A II 대원CTS상세보기[메모리]ESSENCORE KLEVV DDR4-3200 CL22 (16GB) x 2 개상세보기[그래픽카드]XFX 라데온 RX 6800 SWFT 319 CORE D6 16GB상세보기[SSD]ADATA XPG SX8100 M.2 2280 (512GB)상세보기[케이스]EDDY A1 RGB MESH 강화유리 (미들타워)상세보기[파워서플라이]몬스타 가츠 ExtremeX FX800 80PLUS STANDARD상세보기[CPU쿨러]PentaWave Z04E SRB ARGB상세보기[소프트웨어]Microsoft Windows 11 Home (처음사용자용 한글)상세보기[모니터]크로스오버 323QH3 GAMING 165 HDR 평면 PLUS 무결점상세보기[키보드]몬스타 몬스타기어 클래식 104상세보기[마우스]몬스타기어 크루 Gpro상세보기[게이밍헤드셋.스피커.마이크]몬스타 가츠 Live100s (블랙)상세보기[쿨러.튜닝.조명.액세서리]장우컴퍼니 JW-HTK01 M.2 방열판상세보기[조립PC관련][견적왕] 조립 서비스 + 1년 출장 A/S상세보기",
    "quote_description": "CPU는 현재 게임 가성비가 가장 좋은 CPU그래픽카드는 RTX 4070 바로 아랫 등급!\nRTX 4060 Ti보다 월등히 좋지만 더 좋은 가성비 제품!",
    "parts_price": {
        "CPU": {
            "제품명": "AMD 라이젠5-4세대 5600",
            "가격": "143,660원",
            "수량": "1"
        },
        "메인보드": {
            "제품명": "ASUS PRIME A520M-A II 대원CTS",
            "가격": "84,990원",
            "수량": "1"
        },
        "메모리": {
            "제품명": "ESSENCORE KLEVV DDR4-3200 CL22  16GB",
            "가격": "32,020원",
            "수량": "2"
        },
        "그래픽카드": {
            "제품명": "XFX 라데온 RX 6800 SWFT 319 CORE D6 16GB",
            "가격": "507,430원",
            "수량": "1"
        },
        "SSD": {
            "제품명": "ADATA XPG SX8100 M.2 2280 512GB",
            "가격": "82,500원",
            "수량": "1"
        },
        "케이스": {
            "제품명": "EDDY A1 RGB MESH 강화유리",
            "가격": "33,380원",
            "수량": "1"
        },
        "파워서플라이": {
            "제품명": "몬스타 가츠 ExtremeX FX800 80PLUS STANDARD",
            "가격": "49,850원",
            "수량": "1"
        },
        "CPU쿨러": {
            "제품명": "PentaWave Z04E SRB ARGB",
            "가격": "20,230원",
            "수량": "1"
        },
        "소프트웨어": {
            "제품명": "Microsoft Windows 11 Home",
            "가격": "173,530원",
            "수량": "1"
        },
        "모니터": {
            "제품명": "크로스오버 323QH3 GAMING 165 HDR 평면 PLUS 무결점",
            "가격": "249,000원",
            "수량": "1"
        },
        "키보드": {
            "제품명": "몬스타 몬스타기어 클래식 104",
            "가격": "19,270원",
            "수량": "1"
        },
        "마우스": {
            "제품명": "몬스타기어 크루 Gpro",
            "가격": "46,600원",
            "수량": "1"
        },
        "게이밍헤드셋.스피커.마이크": {
            "제품명": "몬스타 가츠 Live100s",
            "가격": "14,440원",
            "수량": "1"
        },
        "쿨러.튜닝.조명.액세서리": {
            "제품명": "장우컴퍼니 JW-HTK01 M.2 방열판",
            "가격": "1,200원",
            "수량": "1"
        }
    },
    "total_price": "1490120원",
    "CPU": "AMD 라이젠5-4세대 5600 (버미어) (멀티팩(정품))",
    "Motherboard": "ASUS PRIME A520M-A II 대원CTS",
    "Graphic Card": "XFX 라데온 RX 6800 SWFT 319 CORE D6 16GB",
    "SSD": "ADATA XPG SX8100 M.2 2280 (512GB)",
    "Memory": "ESSENCORE KLEVV DDR4-3200 CL22 (16GB) x 2 개",
    "Power Supply": "몬스타 가츠 ExtremeX FX800 80PLUS STANDARD",
    "CPU Cooler": "PentaWave Z04E SRB ARGB",
    "cpu_score": 504,
    "gpu_score": 25,
    "performance_grade": "중성능",
    "cpu_benchmarkscore": 21908,
    "gpu_benchmarkscore": 25024
}