{
    "quote_number": "3776",
    "quote_title": "14500 + RTX 3050(워크스테이션, 화이트)",
    "date_create": "2024.3.4",
    "cpu_gpu_combinations": "코어i5-14500 + RTX 3050 조합",
    "quotation_summary": " 14500 + RTX 3050(워크스테이션, 화이트)# 14500 + RTX 3050(워크스테이션# 화이트)",
    "quote_person_introduction": "퀘이사존, 다나와, 쿨엔에서 활동 중인  잉여인간17호입니다.다양한 필테 경력과 컴덕질을 경험삼아 도움 드리고자 합니다.어떠한 스폰도 받지 않는 유저 입장에서 직접 사용해보고 테스트한 견적 위주로 견적드리겠습니다.",
    "quote_feedback": "14500 + RTX 3050(워크스테이션, 화이트)",
    "computer_estimate_data": "[CPU]인텔 코어i5-14세대 14500 (랩터레이크 리프레시) (벌크)상세보기[메인보드]ASRock B650M PG Lightning + WiFi6E 모듈 패키지 디앤디컴상세보기[그래픽카드]갤럭시 갤라즈 GALAX 지포스 RTX 3050 EX WHITE OC D6 8GB상세보기[케이스]DAVEN APEX White (미들타워)상세보기[파워서플라이]마이크로닉스 Classic II 풀체인지 600W 80PLUS BRONZE 230V EU 화이트상세보기[CPU쿨러]3RSYS Socoool RC1200 ARGB (WHITE)상세보기[소프트웨어]Microsoft Windows 11 Home (처음사용자용 한글)상세보기[이벤트특가][SSD + RAM] 마이크론 Crucial T500 1TB + Crucial DDR5-5600 (32GB(16Gx2)) 패키지 대원씨티에스상세보기[조립PC관련][견적왕] 조립 서비스 + 1년 출장 A/S상세보기",
    "quote_description": "CPU는 코어: P6+E8 / 쓰레드 : 12+8로 뛰어난 작업성능을 지닌 14세대 i5케이스는 전면 TYPE-C 포트를 지원하고 강판 두께나 쿨링 성능 모두 준수한 케이스입니다.파워서플라이는 케이블은 물론 커넥터까지 화이트라 화이트 감성 내기도 좋고, 블랙에 비해 통풍구도 개선되서 쿨링면에서도 좀 더 괜찮습니다. 마닉 풀체인지 파워가 불량률도 적고 내구성을 위한 에프터 쿨링이나 정숙성을 위한 제로펜 기능 등으로 뛰어난 기능까지 있어 스테디 셀러인 파워입니다.소프트웨어는 인텔 12세대 이후로는 고성능 코어와 효율 코어로 나뉘면서 윈도우 11을 권장합니다.\n인텔의 경우 일부 게임에선 윈11이 성능이 더 잘나옵니다.",
    "parts_price": {
        "CPU": {
            "제품명": "인텔 코어i5-14세대 14500",
            "가격": "331,780원",
            "수량": "1"
        },
        "메인보드": {
            "제품명": "ASRock B650M PG Lightning + WiFi6E 모듈 패키지 디앤디컴",
            "가격": "197,000원",
            "수량": "1"
        },
        "그래픽카드": {
            "제품명": "갤럭시 갤라즈 GALAX 지포스 RTX 3050 EX WHITE OC D6 8GB",
            "가격": "311,310원",
            "수량": "1"
        },
        "케이스": {
            "제품명": "DAVEN APEX White",
            "가격": "51,160원",
            "수량": "1"
        },
        "파워서플라이": {
            "제품명": "마이크로닉스 Classic II 풀체인지 600W 80PLUS BRONZE 230V EU 화이트",
            "가격": "61,648원",
            "수량": "1"
        },
        "CPU쿨러": {
            "제품명": "3RSYS Socoool RC1200 ARGB",
            "가격": "34,420원",
            "수량": "1"
        },
        "소프트웨어": {
            "제품명": "Microsoft Windows 11 Home",
            "가격": "173,530원",
            "수량": "1"
        },
        "SSD + RAM": {
            "제품명": "마이크론 Crucial T500 1TB + Crucial DDR5-5600 패키지 대원씨티에스 1TB",
            "가격": "129,070원",
            "수량": "1"
        }
    },
    "total_price": "1289918원",
    "CPU": "인텔 코어i5-14세대 14500 (랩터레이크 리프레시) (벌크)",
    "Motherboard": "ASRock B650M PG Lightning + WiFi6E 모듈 패키지 디앤디컴",
    "Graphic Card": "갤럭시 갤라즈 GALAX 지포스 RTX 3050 EX WHITE OC D6 8GB",
    "Power Supply": "마이크로닉스 Classic II 풀체인지 600W 80PLUS BRONZE 230V EU 화이트",
    "CPU Cooler": "3RSYS Socoool RC1200 ARGB (WHITE)",
    "cpu_score": 247,
    "gpu_score": 153,
    "performance_grade": "중성능",
    "cpu_benchmarkscore": 32733,
    "gpu_benchmarkscore": 12885
}