{
    "quote_number": "3812",
    "quote_title": "AMD 라이젠7-5세대 7800X3D + RTX 4080 SUPER",
    "date_create": "2024.3.5",
    "cpu_gpu_combinations": "라이젠7 7800X3D + RTX 4080 SUPER 조합",
    "quotation_summary": " AMD 라이젠7-5세대 7800X3D + RTX 4080 SUPER# 게임용",
    "quote_person_introduction": "안녕하세요! 인벤에서 주로 활동하고 있는 Skywalkers입니다.가성비와 성능비 그리고 감성비까지 모두 고려해서 가장 합리적인 구성을 찾을 수 있도록 추천을 드리겠습니다.",
    "quote_feedback": "1. 메인보드는 4080 SUPER처럼 거대한 사이즈의 그래픽카드로 조립하는 경우에는 m이 붙어있는 미니보드보다는 ATX 규격의 보드로 구성하는 것을 추천드립니다.메인보드는 840A급 출력의 드라이버 모스펫 전원부가 적용된 ATX 규격의 ASRock B650 PG Lightning 대원씨티에스로 구성했고 블루투스&와이파이가 필요하다고 하셔서 전용 슬롯에 바로 장착해서 안정적으로 사용할 수 있는 ASRock AMD Wi-Fi 6E Kit 무선랜카드로 조합을 했습니다.2. 메모리와 SSD는 이벤트 제품으로 구성을 했구요.3. 그래픽카드는 1티어 AS에 2년 추가 RMA포함 총 5년의 무상AS를 제공하고 동일한 제품군에서는 가격적인 메리트도 있는 조택 4080 SUPER로 구성했습니다. 고가의 그래픽카드일수록 추가되는 2년의 무상AS는 아주 큰 메리트가 됩니다.4. 케이스는 원하는 규격에 맞고 140mm 저소음팬이 6개 기본장착되어 있어서 팬을 추가할 필요없고 공랭 CPU쿨러와 조합시 최고의 쿨링 효율을 보여주는 아이구주 PRAY 30 PLUS (미들타워)로 구성5. 파워는 세계 최대의 글로벌 제조사인 CWT에서 OEM 생산 압도적인 전압변동률을 제공하여 전압 출렁임 없이 안정적인 시스템을 만들어 줄 MSI MAG A850GL 80PLUS 골드 풀 모듈러 ATX 3.0 (PCIE5)로 구성6. CPU쿨러는 대장급 성능의 듀얼타워 공랭쿨러로 소음도 낮고 가격도 저렴한 Thermalright Peerless Assassin 120 SE 서린으로 구성참고해서 합리적인 구매하시기 바랍니다.",
    "computer_estimate_data": "[CPU]AMD 라이젠7-5세대 7800X3D (라파엘) (정품)상세보기[메인보드]ASRock B650 PG Lightning 대원씨티에스상세보기[그래픽카드]ZOTAC GAMING 지포스 RTX 4080 SUPER Trinity D6X 16GB Black상세보기[케이스]아이구주 PRAY 30 PLUS (미들타워)상세보기[파워서플라이]MSI MAG A850GL 80PLUS 골드 풀 모듈러 ATX 3.0 (PCIE5)상세보기[CPU쿨러]Thermalright Peerless Assassin 120 SE 서린상세보기[이벤트특가][SSD + RAM] 마이크론 Crucial T500 2TB + Crucial DDR5-5600 (32GB(16Gx2)) 패키지 대원씨티에스상세보기[공유기/허브/랜카드/PoE]ASRock AMD Wi-Fi 6E Kit 무선랜카드상세보기[조립PC관련][견적왕] 조립 서비스 + 1년 출장 A/S상세보기",
    "quote_description": "그래픽카드는 조텍만의 특별한 3+2 AS!\n4080 SUPER 기준 가성비 갓갓!케이스는 140mm 식스팬이 기본장착되어 있어서 공랭 CPU쿨러와 조합시 최고의 쿨링 효율을 보여주는 미들타워 케이스",
    "parts_price": {
        "CPU": {
            "제품명": "AMD 라이젠7-5세대 7800X3D",
            "가격": "518,680원",
            "수량": "1"
        },
        "메인보드": {
            "제품명": "ASRock B650 PG Lightning 대원씨티에스",
            "가격": "152,670원",
            "수량": "1"
        },
        "그래픽카드": {
            "제품명": "ZOTAC GAMING 지포스 RTX 4080 SUPER Trinity D6X 16GB Black",
            "가격": "1,585,100원",
            "수량": "1"
        },
        "케이스": {
            "제품명": "아이구주 PRAY 30 PLUS",
            "가격": "54,090원",
            "수량": "1"
        },
        "파워서플라이": {
            "제품명": "MSI MAG A850GL 80PLUS 골드 풀 모듈러 ATX 3.0",
            "가격": "144,190원",
            "수량": "1"
        },
        "CPU쿨러": {
            "제품명": "Thermalright Peerless Assassin 120 SE 서린",
            "가격": "38,480원",
            "수량": "1"
        },
        "SSD + RAM": {
            "제품명": "마이크론 Crucial T500 2TB + Crucial DDR5-5600 패키지 대원씨티에스 2TB",
            "가격": "227,220원",
            "수량": "1"
        },
        "공유기/허브/랜카드/PoE": {
            "제품명": "ASRock AMD Wi-Fi 6E Kit 무선랜카드",
            "가격": "33,700원",
            "수량": "1"
        }
    },
    "total_price": "2754130원",
    "CPU": "AMD 라이젠7-5세대 7800X3D (라파엘) (정품)",
    "Motherboard": "ASRock B650 PG Lightning 대원씨티에스",
    "Graphic Card": "ZOTAC GAMING 지포스 RTX 4080 SUPER Trinity D6X 16GB Black",
    "Power Supply": "MSI MAG A850GL 80PLUS 골드 풀 모듈러 ATX 3.0 (PCIE5)",
    "CPU Cooler": "Thermalright Peerless Assassin 120 SE 서린",
    "cpu_score": 225,
    "gpu_score": 1,
    "performance_grade": "고성능",
    "cpu_benchmarkscore": 34357,
    "gpu_benchmarkscore": 34625
}