{
    "quote_number": "3824",
    "quote_title": "코어i5-14세대 14600KF + 라데온 RX 7600",
    "date_create": "2024.3.5",
    "cpu_gpu_combinations": "코어i5-14600K + RX 7600 조합",
    "quotation_summary": " 코어i5-14세대 14600KF + 라데온 RX 7600# 워크스테이션",
    "quote_person_introduction": "안녕하세요! 인벤에서 주로 활동하고 있는 Skywalkers입니다.가성비와 성능비 그리고 감성비까지 모두 고려해서 가장 합리적인 구성을 찾을 수 있도록 추천을 드리겠습니다.",
    "quote_feedback": "1. CPU는 16코어 20스레드로 작업하기에 아주 효율적인 14600K로 변경7800X3D는 게임에 특화된 CPU로 작업 성능은 떨어집니다.2. 메인보드는 900A급 출력의 드라이버 모스펫 전원부가 적용되어 있는 MSI MAG B760M 박격포로 변경3. 작업에 있어서는 메모리 클럭의 영향을 덜 받고 듀얼타워 공랭쿨러로 조립하는 경우가 대부분이라 메모리가 보이지도 않아서 튜닝 메모리로 구성하는 메리트가 많이 떨어지게 됩니다.라이프타임 워런티로 압도적인 AS기간을 제공하는 팀그룹 5600MHz 고클럭 규격램 16기가 2개 32기가로 변경4. SSD는 젠4 제품 중 넘사벽 갓성비의 삼성전자 980PRO OEM버전인 삼성전자 PM9A1 M2 NVMe 병행수입 (1TB)으로 변경5. 케이스는 최근에 출시된 보급형 끝판왕급 가성비 제품인 몬스타 가츠 X420A 블랙 (미들타워)로 변경6. 파워는 스탠다드보다 상위인 정격 600W 브론즈 인증 제품 중에서는 최상위 퀄리티면서 최근 7만원 중후반 대에서 5만원 초반 대로 가격을 대폭 인하하여 갓성비가 된 (마이크로닉스) New Performance 600W 80Plus Bronze Change-up으로 변경7. CPU쿨러는 대장급 성능의 듀얼타워 공랭쿨러 중에서는 가성비가 아주 좋은 PentaWave S06D LE ARGB로 구성참고해서 합리적인 구매하시기 바랍니다.",
    "computer_estimate_data": "[CPU]코어i5-14세대 14600K (랩터레이크)(벌크)상세보기[메인보드]MSI MAG B760M 박격포상세보기[메모리]TeamGroup DDR5-5600 CL46 Elite (16GB) x 2 개상세보기[그래픽카드]ASRock 라데온 RX 7600 CHALLENGER OC D6 8GB 대원씨티에스상세보기[SSD]삼성전자 PM9A1 M2 NVMe 병행수입 (1TB)상세보기[데스크탑 HDD]Toshiba 1TB P300 HDWD110 (SATA3/7200/64M)상세보기[케이스]몬스타 가츠 X420A 블랙 (미들타워)상세보기[파워서플라이](마이크로닉스) New Performance 600W 80Plus Bronze Change-up /파워상세보기[CPU쿨러]PentaWave S06D LE ARGB상세보기[소프트웨어]Microsoft Windows 11 Home (처음사용자용 한글)상세보기[조립PC관련][견적왕] 조립 서비스 + 1년 출장 A/S상세보기",
    "quote_description": "",
    "parts_price": {
        "CPU": {
            "제품명": "코어i5-14세대 14600K",
            "가격": "433,190원",
            "수량": "1"
        },
        "메인보드": {
            "제품명": "MSI MAG B760M 박격포",
            "가격": "217,830원",
            "수량": "1"
        },
        "메모리": {
            "제품명": "TeamGroup DDR5-5600 CL46 Elite  16GB",
            "가격": "65,500원",
            "수량": "2"
        },
        "그래픽카드": {
            "제품명": "ASRock 라데온 RX 7600 CHALLENGER OC D6 8GB 대원씨티에스",
            "가격": "344,580원",
            "수량": "1"
        },
        "SSD": {
            "제품명": "삼성전자 PM9A1 M2 NVMe 병행수입 1TB",
            "가격": "105,530원",
            "수량": "1"
        },
        "데스크탑 HDD": {
            "제품명": "Toshiba 1TB P300 HDWD110",
            "가격": "76,990원",
            "수량": "1"
        },
        "케이스": {
            "제품명": "몬스타 가츠 X420A 블랙",
            "가격": "31,310원",
            "수량": "1"
        },
        "파워서플라이": {
            "제품명": "New Performance 600W 80Plus Bronze Change-up /파워",
            "가격": "70,000원",
            "수량": "1"
        },
        "CPU쿨러": {
            "제품명": "PentaWave S06D LE ARGB",
            "가격": "35,060원",
            "수량": "1"
        },
        "소프트웨어": {
            "제품명": "Microsoft Windows 11 Home",
            "가격": "173,530원",
            "수량": "1"
        }
    },
    "total_price": "1619020원",
    "CPU": "코어i5-14세대 14600K (랩터레이크)(벌크)",
    "Motherboard": "MSI MAG B760M 박격포",
    "Graphic Card": "ASRock 라데온 RX 7600 CHALLENGER OC D6 8GB 대원씨티에스",
    "SSD": "삼성전자 PM9A1 M2 NVMe 병행수입 (1TB)",
    "Memory": "TeamGroup DDR5-5600 CL46 Elite (16GB) x 2 개",
    "Power Supply": "(마이크로닉스) New Performance 600W 80Plus Bronze Change-up /파워",
    "CPU Cooler": "PentaWave S06D LE ARGB",
    "cpu_score": 181,
    "gpu_score": 72,
    "performance_grade": "고성능",
    "cpu_benchmarkscore": 39510,
    "gpu_benchmarkscore": 17905
}