{
    "quote_number": "3828",
    "quote_title": "라이젠 5600G 내장그래픽 사무용 컴퓨터 견적",
    "date_create": "2024.3.5",
    "cpu_gpu_combinations": "라이젠5 5600G +  조합",
    "quotation_summary": " 라이젠 5600G / 내장그래픽 / RAM 32GB / SSD 500GB# 사무용# 내장그래픽",
    "quote_person_introduction": "안녕하세요. 로카프입니다.우리 주변에는 아직 컴퓨터 견적구성을 어떻게 할 지 몰라 고민에 빠지는 분들이 많이 계십니다.성능은 괜찮을까? 고장은 나지 않을까? 가격은 괜찮은건가? 이런 고민들을 한 번쯤은 해보셨을 겁니다.용도에 알맞는 성능과 합리적인 가격, 최우선으로 안정성과 신뢰도 높은 부품들로 구성된 견적을 추천해드리겠습니다.컴퓨터를 처음 알아보시는 분들의 입장에서 생각하고 견적을 구성해드리는 견적맨이 되겠습니다.",
    "quote_feedback": "윈도우제외 50만원대로 라이젠 5600G 내장그래픽 견적 구성 도와드렸습니다.메모리는 동시에 사용하시는 프로그램과 띄워놓는 창이 많으신 경우16GB 2장 총 32GB 용량정도 보시면 좋습니다.파워는 내장그래픽 구성이라 소비전력이 적은 만큼 500W 용량 제품이면 충분합니다.",
    "computer_estimate_data": "[CPU]AMD 라이젠5-4세대 5600G (세잔) (멀티팩)상세보기[메인보드]ASUS PRIME A520M-A II 대원CTS상세보기[메모리]마이크론 Crucial DDR4-3200 CL22 (16GB) x 2 개상세보기[SSD]SK하이닉스 GOLD P31 M2 NVMe (500GB)상세보기[케이스]DAVEN V200 (BLACK) (미니타워)상세보기[파워서플라이]SF-500R12ST MEGA 80PLUS STANDARD 230V EU상세보기[조립PC관련][견적왕] 조립 서비스 + 1년 출장 A/S상세보기",
    "quote_description": "CPU는 내장그래픽을 탑재한 CPU 가운데 뛰어난 성능과 가성비를 보여주는 라이젠 5600G입니다. 6코어 12쓰레드 설계로 탁월한 멀티태스킹 성능을 보여줍니다.메인보드는 A520 메인보드로 전원부 방열판이 구성되어 있으며 가격부담을 덜 수 있어 르누아르 내장그래픽 CPU, 세잔 내장그래픽 CPU, 5600 등과 가성비 견적을 구성할 때 좋은 선택지가 되는 제품입니다.메모리는 삼성전자 제품보다 소폭 저렴하면서 성능은 동일하고 라이프 워런티 A/S 정책으로 사후서비스면에서 메리트가 있는 제품입니다.SSD는 PCIe 3.0 방식의 SSD에서는 이견이 없는 최고의 SSD입니다. 성능이면 성능, 발열이면 발열 모두 최고입니다.케이스는 금액부담이 크지 않아 사무용 PC 구성 시 선택하기에 좋으며 내장그래픽 구성이나 CPU 기본 정품쿨러 조합에 적합합니다.파워서플라이는 고주파 발생에도 A/S 걱정이 없는 슈퍼플라워사의 500W 제품입니다.",
    "parts_price": {
        "CPU": {
            "제품명": "AMD 라이젠5-4세대 5600G",
            "가격": "152,000원",
            "수량": "1"
        },
        "메인보드": {
            "제품명": "ASUS PRIME A520M-A II 대원CTS",
            "가격": "84,970원",
            "수량": "1"
        },
        "메모리": {
            "제품명": "마이크론 Crucial DDR4-3200 CL22  16GB",
            "가격": "41,800원",
            "수량": "2"
        },
        "SSD": {
            "제품명": "SK하이닉스 GOLD P31 M2 NVMe 500GB",
            "가격": "79,000원",
            "수량": "1"
        },
        "케이스": {
            "제품명": "DAVEN V200",
            "가격": "17,570원",
            "수량": "1"
        },
        "파워서플라이": {
            "제품명": "SF-500R12ST MEGA 80PLUS STANDARD 230V EU",
            "가격": "46,466원",
            "수량": "1"
        }
    },
    "total_price": "463606원",
    "CPU": "AMD 라이젠5-4세대 5600G (세잔) (멀티팩)",
    "Motherboard": "ASUS PRIME A520M-A II 대원CTS",
    "SSD": "SK하이닉스 GOLD P31 M2 NVMe (500GB)",
    "Memory": "마이크론 Crucial DDR4-3200 CL22 (16GB) x 2 개",
    "Power Supply": "SF-500R12ST MEGA 80PLUS STANDARD 230V EU",
    "cpu_score": 504,
    "gpu_score": null,
    "performance_grade": "정보 없음",
    "cpu_benchmarkscore": 21908,
    "gpu_benchmarkscore": null
}