{
    "quote_number": "3845",
    "quote_title": "14600KF + RTX 4060 TI 16GB (DAVEN AQUARIUM 블랙 )",
    "date_create": "2024.3.5",
    "cpu_gpu_combinations": "코어i5-14600KF + RTX 4060 Ti 조합",
    "quotation_summary": " 14600KF + RTX 4060 TI 16GB (DAVEN AQUARIUM 블랙 )# 14600KF + RTX 4060 TI 16GB (DAVEN AQUARIUM 블랙 )",
    "quote_person_introduction": "퀘이사존, 다나와, 쿨엔에서 활동 중인  잉여인간17호입니다.다양한 필테 경력과 컴덕질을 경험삼아 도움 드리고자 합니다.어떠한 스폰도 받지 않는 유저 입장에서 직접 사용해보고 테스트한 견적 위주로 견적드리겠습니다.",
    "quote_feedback": "14600KF + RTX 4060 TI 16GB (DAVEN AQUARIUM 블랙 )",
    "computer_estimate_data": "[CPU]코어i5-14세대 14600KF (랩터레이크)(벌크)상세보기[메인보드]MSI MAG B760M 박격포 맥스 WIFI상세보기[메모리]ADATA DDR5-5600 CL46-45-45 (32GB)상세보기[그래픽카드]MSI 지포스 RTX 4060 Ti 벤투스 2X 블랙 OC D6 16GB상세보기[SSD]마이크론 Crucial T500 M.2 NVMe 대원씨티에스 (2TB)상세보기[케이스]DAVEN AQUARIUM 블랙 (미들타워)상세보기[파워서플라이]마이크로닉스 Classic II 850W 80PLUS GOLD 230V EU 풀모듈러12VHPWR 케이블 제공상세보기[CPU쿨러]발키리 A360 ARGB (BLACK)상세보기[조립PC관련][견적왕] 조립 서비스 + 1년 출장 A/S상세보기",
    "quote_description": "[조립PC관련]수랭 쿨러 조립 추가 비용상세보기메인보드는 14페이즈 900A(75A)의 뛰어난 전원부입니다.그래픽카드는 VRAM이 16GB로 높아 그래픽카드 VRAM을 많이 사용하는 앱플레이어나 게임, 작업용도로도 좋습니다.SSD는 PCIE4.0 대역폭 상급 SSD케이스는 어항형 케이스 중 투챔버 형태로 파워가 옆면에 장착되어 온도면이나 감성면에서도 훌륭한 케이스입니다.파워서플라이는 근래 새제품 교환 정책으로 변경되면서 메리트가 높아진 스테디셀러 파워입니다.",
    "parts_price": {
        "CPU": {
            "제품명": "코어i5-14세대 14600KF",
            "가격": "400,150원",
            "수량": "1"
        },
        "메인보드": {
            "제품명": "MSI MAG B760M 박격포 맥스 WIFI",
            "가격": "212,900원",
            "수량": "1"
        },
        "메모리": {
            "제품명": "ADATA DDR5-5600 CL46-45-45 32GB",
            "가격": "119,450원",
            "수량": "1"
        },
        "그래픽카드": {
            "제품명": "MSI 지포스 RTX 4060 Ti 벤투스 2X 블랙 OC D6 16GB",
            "가격": "610,850원",
            "수량": "1"
        },
        "SSD": {
            "제품명": "마이크론 Crucial T500 M.2 NVMe 대원씨티에스 2TB",
            "가격": "227,220원",
            "수량": "1"
        },
        "케이스": {
            "제품명": "DAVEN AQUARIUM 블랙",
            "가격": "56,890원",
            "수량": "1"
        },
        "파워서플라이": {
            "제품명": "마이크로닉스 Classic II 850W 80PLUS GOLD 230V EU 풀모듈러12VHPWR 케이블 제공",
            "가격": "159,400원",
            "수량": "1"
        },
        "CPU쿨러": {
            "제품명": "발키리 A360 ARGB",
            "가격": "91,085원",
            "수량": "1"
        }
    },
    "total_price": "1877945원",
    "CPU": "코어i5-14세대 14600KF (랩터레이크)(벌크)",
    "Motherboard": "MSI MAG B760M 박격포 맥스 WIFI",
    "Graphic Card": "MSI 지포스 RTX 4060 Ti 벤투스 2X 블랙 OC D6 16GB",
    "SSD": "마이크론 Crucial T500 M.2 NVMe 대원씨티에스 (2TB)",
    "Memory": "ADATA DDR5-5600 CL46-45-45 (32GB)",
    "Power Supply": "마이크로닉스 Classic II 850W 80PLUS GOLD 230V EU 풀모듈러12VHPWR 케이블 제공",
    "CPU Cooler": "발키리 A360 ARGB (BLACK)",
    "cpu_score": 181,
    "gpu_score": 32,
    "performance_grade": "고성능",
    "cpu_benchmarkscore": 39510,
    "gpu_benchmarkscore": 22891
}