{
    "quote_number": "3849",
    "quote_title": "AMD 라이젠5-4세대 5600 + 라데온 RX 580 2048SP",
    "date_create": "2024.3.5",
    "cpu_gpu_combinations": "라이젠5 5600 + RX 580 조합",
    "quotation_summary": " AMD 라이젠5-4세대 5600 + 라데온 RX 580 2048SP# 사무용",
    "quote_person_introduction": "안녕하세요! 인벤에서 주로 활동하고 있는 Skywalkers입니다.가성비와 성능비 그리고 감성비까지 모두 고려해서 가장 합리적인 구성을 찾을 수 있도록 추천을 드리겠습니다.",
    "quote_feedback": "1. 메모리는 라이프타임 워런티로 삼성램 대비 압도적인 AS기간을 제공하고 SK하이닉스 모듈을 사용해서 안정성도 높고 가격도 저렴한 ESSENCORE KLEVV DDR4-3200 CL22 (8GB)로 변경2. 그래픽카드는 액슬이나 AFOX같은 마이너 중에 마이너 제조사 제품은 추천을 하기가 어렵습니다.580 중에서는 AS가 가장 좋은 STCOM 라데온 RX 580 2048SP Gaming D5 8GB로 변경3. 구성하신 SSD는 디램리스 제품이라 메인드라이브로 사용하는 것은 추천을 하지 않습니다.디램 버퍼 메모리와 전용 히트싱크가 적용되어 있는 5년 무상 AS의 ADATA XPG SX8200 Pro M.2 2280 (512GB)로 변경4. 파워는 무인증 제품보다는 조금 더 투자를 하더라도 ETA 브론즈 인증 제품인마이크로닉스 COOLMAX FOCUS II 500W ETA BRONZE로 추천드리구요.5. 조립비가 없어서 추가를 했습니다.참고해서 합리적인 구매하시기 바랍니다.",
    "computer_estimate_data": "[CPU]AMD 라이젠5-4세대 5600 (버미어) (멀티팩(정품))상세보기[메인보드]ASUS PRIME A520M-A II 대원CTS상세보기[메모리]ESSENCORE KLEVV DDR4-3200 CL22 (8GB)상세보기[그래픽카드]STCOM 라데온 RX 580 2048SP Gaming D5 8GB상세보기[SSD]ADATA XPG SX8200 Pro M.2 2280 (512GB)상세보기[케이스]DAVEN AQUA 화이트 (미들타워)상세보기[파워서플라이]마이크로닉스 COOLMAX FOCUS II 500W ETA BRONZE상세보기[CPU쿨러]3RSYS TEAMMOST TM40상세보기[조립PC관련][견적왕] 조립 서비스 + 1년 출장 A/S상세보기",
    "quote_description": "CPU는 현재 게임 가성비가 가장 좋은 CPU",
    "parts_price": {
        "CPU": {
            "제품명": "AMD 라이젠5-4세대 5600",
            "가격": "143,660원",
            "수량": "1"
        },
        "메인보드": {
            "제품명": "ASUS PRIME A520M-A II 대원CTS",
            "가격": "84,100원",
            "수량": "1"
        },
        "메모리": {
            "제품명": "ESSENCORE KLEVV DDR4-3200 CL22 8GB",
            "가격": "21,050원",
            "수량": "1"
        },
        "그래픽카드": {
            "제품명": "STCOM 라데온 RX 580 2048SP Gaming D5 8GB",
            "가격": "129,990원",
            "수량": "1"
        },
        "SSD": {
            "제품명": "ADATA XPG SX8200 Pro M.2 2280 512GB",
            "가격": "61,340원",
            "수량": "1"
        },
        "케이스": {
            "제품명": "DAVEN AQUA 화이트",
            "가격": "30,950원",
            "수량": "1"
        },
        "파워서플라이": {
            "제품명": "마이크로닉스 COOLMAX FOCUS II 500W ETA BRONZE",
            "가격": "43,070원",
            "수량": "1"
        },
        "CPU쿨러": {
            "제품명": "3RSYS TEAMMOST TM40",
            "가격": "18,800원",
            "수량": "1"
        }
    },
    "total_price": "532960원",
    "CPU": "AMD 라이젠5-4세대 5600 (버미어) (멀티팩(정품))",
    "Motherboard": "ASUS PRIME A520M-A II 대원CTS",
    "Graphic Card": "STCOM 라데온 RX 580 2048SP Gaming D5 8GB",
    "SSD": "ADATA XPG SX8200 Pro M.2 2280 (512GB)",
    "Memory": "ESSENCORE KLEVV DDR4-3200 CL22 (8GB)",
    "Power Supply": "마이크로닉스 COOLMAX FOCUS II 500W ETA BRONZE",
    "CPU Cooler": "3RSYS TEAMMOST TM40",
    "cpu_score": 504,
    "gpu_score": 184,
    "performance_grade": "중성능",
    "cpu_benchmarkscore": 21908,
    "gpu_benchmarkscore": 11533
}