{
    "quote_number": "3873",
    "quote_title": "코어i5-14세대 14600K + 지포스 RTX 4070 SUPER",
    "date_create": "2024.3.6",
    "cpu_gpu_combinations": "코어i5-14600K + RTX 4070 SUPER 조합",
    "quotation_summary": " 코어i5-14세대 14600K + 지포스 RTX 4070 SUPER# 게임용",
    "quote_person_introduction": "안녕하세요! 인벤에서 주로 활동하고 있는 Skywalkers입니다.가성비와 성능비 그리고 감성비까지 모두 고려해서 가장 합리적인 구성을 찾을 수 있도록 추천을 드리겠습니다.",
    "quote_feedback": "1. CPU는 14세대가 모두 출시가 된 상황이고 13세대와의 가격 차이도 크지 않아서 14600K로 변경2. 케이스는 식스팬 기본 장착에 메인보드 CPU 장착 후면부에 120mm 팬을 추가 장착하여 CPU의 온도를 효과적으로 낮출 수 있도록 설계되어 최고 수준의 쿨링 효율을 보여주는 세븐 팬 제품인 잘만 N7 PLUS Black (미들타워)로 변경LED OFF도 가능하고 동시에 팬 속도 조절도 되는 장점이 아주 많은 제품입니다.4. 구성하신 마이크로닉스 파워는 12VHPWR 케이블만 제공하는 제품으로 ATX3.0과 PCIE5 규격을 지원하지는 않습니다.파워는 세계 최대의 글로벌 제조사인 CWT에서 OEM 생산 압도적인 전압변동률을 제공하여 전압 출렁임 없이 안정적인 시스템을 만들어 줄 MSI MAG A850GL 80PLUS 골드 풀 모듈러 ATX 3.0 (PCIE5)로 변경5. CPU쿨러는 케이스와도 잘 어울리면서 듀얼타워 공랭쿨러 대장급 성능 제품 중에서는 가성비가 월등히 좋은 PentaWave S06D LE ARGB로 변경참고해서 합리적인 구매하시기 바랍니다.",
    "computer_estimate_data": "[CPU]코어i5-14세대 14600K (랩터레이크)(벌크)상세보기[메인보드]MSI MAG B760M 박격포상세보기[메모리]TeamGroup DDR5-5600 CL46 Elite 서린 (16GB) x 2 개상세보기[그래픽카드]갤럭시 GALAX 지포스 RTX 4070 SUPER 2X D6X 12GB상세보기[SSD]삼성전자 PM9A1 M2 NVMe 병행수입 (1TB)상세보기[케이스]잘만 N7 PLUS Black (미들타워)상세보기[파워서플라이]NEWZEN SKULL 750SM MODULAR ATX 3.0 80PLUS GOLD (PCIE5)상세보기[CPU쿨러]PentaWave S06D LE ARGB상세보기[조립PC관련][견적왕] 조립 서비스 + 1년 출장 A/S상세보기",
    "quote_description": "",
    "parts_price": {
        "CPU": {
            "제품명": "코어i5-14세대 14600K",
            "가격": "433,190원",
            "수량": "1"
        },
        "메인보드": {
            "제품명": "MSI MAG B760M 박격포",
            "가격": "212,850원",
            "수량": "1"
        },
        "메모리": {
            "제품명": "TeamGroup DDR5-5600 CL46 Elite 서린  16GB",
            "가격": "64,300원",
            "수량": "2"
        },
        "그래픽카드": {
            "제품명": "갤럭시 GALAX 지포스 RTX 4070 SUPER 2X D6X 12GB",
            "가격": "994,900원",
            "수량": "1"
        },
        "SSD": {
            "제품명": "삼성전자 PM9A1 M2 NVMe 병행수입 1TB",
            "가격": "105,520원",
            "수량": "1"
        },
        "케이스": {
            "제품명": "잘만 N7 PLUS Black",
            "가격": "39,990원",
            "수량": "1"
        },
        "파워서플라이": {
            "제품명": "NEWZEN SKULL 750SM MODULAR ATX 3.0 80PLUS GOLD",
            "가격": "124,830원",
            "수량": "1"
        },
        "CPU쿨러": {
            "제품명": "PentaWave S06D LE ARGB",
            "가격": "35,060원",
            "수량": "1"
        }
    },
    "total_price": "2074940원",
    "CPU": "코어i5-14세대 14600K (랩터레이크)(벌크)",
    "Motherboard": "MSI MAG B760M 박격포",
    "Graphic Card": "갤럭시 GALAX 지포스 RTX 4070 SUPER 2X D6X 12GB",
    "SSD": "삼성전자 PM9A1 M2 NVMe 병행수입 (1TB)",
    "Memory": "TeamGroup DDR5-5600 CL46 Elite 서린 (16GB) x 2 개",
    "Power Supply": "NEWZEN SKULL 750SM MODULAR ATX 3.0 80PLUS GOLD (PCIE5)",
    "CPU Cooler": "PentaWave S06D LE ARGB",
    "cpu_score": 181,
    "gpu_score": 4,
    "performance_grade": "고성능",
    "cpu_benchmarkscore": 39510,
    "gpu_benchmarkscore": 31768
}