{
    "quote_number": "3920",
    "quote_title": "14600K + RTX 4060 (몬스타 가츠 X620A 리버스 화이트)",
    "date_create": "2024.3.6",
    "cpu_gpu_combinations": "코어i5-14600K + RTX 4060 조합",
    "quotation_summary": " 14600K + RTX 4060 (몬스타 가츠 X620A 리버스 화이트)# 14600K + RTX 4060 (몬스타 가츠 X620A 리버스 화이트)",
    "quote_person_introduction": "퀘이사존, 다나와, 쿨엔에서 활동 중인  잉여인간17호입니다.다양한 필테 경력과 컴덕질을 경험삼아 도움 드리고자 합니다.어떠한 스폰도 받지 않는 유저 입장에서 직접 사용해보고 테스트한 견적 위주로 견적드리겠습니다.",
    "quote_feedback": "14600K + RTX 4060 (몬스타 가츠 X620A 리버스 화이트)",
    "computer_estimate_data": "[CPU]코어i5-14세대 14600K (랩터레이크)(벌크)상세보기[메인보드]MSI MAG B760M 박격포 맥스 WIFI상세보기[그래픽카드]갤럭시 GALAX 지포스 RTX 4060 EX WHITE OC D6 8GB상세보기[케이스]몬스타 가츠 X620A 리버스 화이트 (미들타워)상세보기[파워서플라이]마이크로닉스 Classic II 풀체인지 700W 80PLUS BRONZE 230V EU 화이트상세보기[CPU쿨러]발키리 A360 ARGB (WHITE)상세보기[소프트웨어]Microsoft Windows 11 Home (처음사용자용 한글)상세보기[이벤트특가][SSD + RAM] 마이크론 Crucial T500 1TB + Crucial DDR5-5600 (32GB(16Gx2)) 패키지 대원씨티에스상세보기[모니터]크로스오버 27GFA5 IPS 165 아이세이브 게이밍 무결점상세보기[조립PC관련][견적왕] 조립 서비스 + 1년 출장 A/S상세보기",
    "quote_description": "[조립PC관련]수랭 쿨러 조립 추가 비용상세보기메인보드는 14페이즈 900A(75A)의 뛰어난 전원부입니다.케이스는 흔히 어항케이스라고 불리우는 디자인이 적용된 X620A 리버스입니다. CPU쿨러 최대호환가능높이 165mm, 그래픽카드 최대호환가능길이 430mm 제원을 가졌으며 ATX 사이즈 메인보드까지 호환가능한 미들타워 제품입니다. 측면 120mm 기본팬 3개, 후면 120mm 기본팬 1개 총 4개를 제공하며 ARGB를 지원하여 메인보드 제조사 프로그램을 통해 색상 조정이 가능합니다.파워서플라이는 브론즈 등급에 AS기간도 7년으로 늘어 메리트가 높습니다. 화이트 제품의 경우 케이블은 물론 커넥터까지 화이트라 화이트 감성내기도 좋고 통풍구 쪽이 블랙 제품에서 개선되어서 발열관리도 좀 더 잘되고, 제로팬으로 정숙성도 뛰어나고 애프터쿨링으로 내구성을 높여 메리트도 높고 가격대도 좋아 추천드립니다.소프트웨어는 인텔 12세대 이후로는 고성능 코어와 효율 코어로 나뉘면서 윈도우 11을 권장합니다.\n인텔의 경우 일부 게임에선 윈11이 성능이 더 잘나옵니다.모니터는 165Hz 고주사율에 IPS 패널에 350cd 밝기로 색감도 좋고 가격대도 좋아 가성비가 뛰어나 해당 제품으로 구성 추천드립니다.",
    "parts_price": {
        "CPU": {
            "제품명": "코어i5-14세대 14600K",
            "가격": "433,190원",
            "수량": "1"
        },
        "메인보드": {
            "제품명": "MSI MAG B760M 박격포 맥스 WIFI",
            "가격": "212,840원",
            "수량": "1"
        },
        "그래픽카드": {
            "제품명": "갤럭시 GALAX 지포스 RTX 4060 EX WHITE OC D6 8GB",
            "가격": "495,980원",
            "수량": "1"
        },
        "케이스": {
            "제품명": "몬스타 가츠 X620A 리버스 화이트",
            "가격": "64,840원",
            "수량": "1"
        },
        "파워서플라이": {
            "제품명": "마이크로닉스 Classic II 풀체인지 700W 80PLUS BRONZE 230V EU 화이트",
            "가격": "85,100원",
            "수량": "1"
        },
        "CPU쿨러": {
            "제품명": "발키리 A360 ARGB",
            "가격": "91,085원",
            "수량": "1"
        },
        "소프트웨어": {
            "제품명": "Microsoft Windows 11 Home",
            "가격": "173,510원",
            "수량": "1"
        },
        "SSD + RAM": {
            "제품명": "마이크론 Crucial T500 1TB + Crucial DDR5-5600 패키지 대원씨티에스 1TB",
            "가격": "129,070원",
            "수량": "1"
        },
        "모니터": {
            "제품명": "크로스오버 27GFA5 IPS 165 아이세이브 게이밍 무결점",
            "가격": "169,000원",
            "수량": "1"
        }
    },
    "total_price": "1854615원",
    "CPU": "코어i5-14세대 14600K (랩터레이크)(벌크)",
    "Motherboard": "MSI MAG B760M 박격포 맥스 WIFI",
    "Graphic Card": "갤럭시 GALAX 지포스 RTX 4060 EX WHITE OC D6 8GB",
    "Power Supply": "마이크로닉스 Classic II 풀체인지 700W 80PLUS BRONZE 230V EU 화이트",
    "CPU Cooler": "발키리 A360 ARGB (WHITE)",
    "cpu_score": 181,
    "gpu_score": 32,
    "performance_grade": "고성능",
    "cpu_benchmarkscore": 39510,
    "gpu_benchmarkscore": 22891
}