{
    "quote_number": "3936",
    "quote_title": "딥러닝 라이젠 7900X + RTX 4090 작업용 컴퓨터 견적",
    "date_create": "2024.4.9",
    "cpu_gpu_combinations": "라이젠9 7900X + RTX 4090 조합",
    "quotation_summary": " 라이젠 7900X / RTX 4090 / RAM 64GB / SSD 1TB + HDD 4TB# 작업용# 딥러닝# SSD+HDD 구성",
    "quote_person_introduction": "안녕하세요. 로카프입니다.우리 주변에는 아직 컴퓨터 견적구성을 어떻게 할 지 몰라 고민에 빠지는 분들이 많이 계십니다.성능은 괜찮을까? 고장은 나지 않을까? 가격은 괜찮은건가? 이런 고민들을 한 번쯤은 해보셨을 겁니다.용도에 알맞는 성능과 합리적인 가격, 최우선으로 안정성과 신뢰도 높은 부품들로 구성된 견적을 추천해드리겠습니다.컴퓨터를 처음 알아보시는 분들의 입장에서 생각하고 견적을 구성해드리는 견적맨이 되겠습니다.",
    "quote_feedback": "딥러닝 용도 고려해서 라이젠 7900X + RTX 4090 견적 구성 도와드렸습니다.메인보드는 전원부성능 충분하고 ATX사이즈이므로두꺼운 그래픽카드 구성도 용이한 제품 선택했습니다.메모리는 작업용도이므로 JEDEC 표준 일반램으로 32GB 2장 총 64GB 구성해드렸으며그래픽카드는 가장 고가의 부품인만큼 A/S퀄리티 좋은 이엠텍, 조텍, 갤럭시, inno3D 제품 추천드립니다.SSD는 PCIe4.0 규격의 상위스펙 제품 중 1TB 용량으로 선택했으며HDD는 안정성 좋은 CMR기록방식의 4TB 용량 제품입니다.파워는 12VHPWR 케이블 기본제공하는 1000W 용량 제품이면 되겠으며CPU쿨러는 360수랭쿨러 쿨링성능 상위권 제품으로 마무리했습니다.",
    "computer_estimate_data": "[CPU]AMD 라이젠9-5세대 7900X (라파엘) (멀티팩(정품))상세보기[메인보드]ASRock B650 PG Lightning 대원씨티에스상세보기[메모리]ADATA DDR5-5600 CL46-45-45 (32GB) x 2 개상세보기[그래픽카드]GIGABYTE 지포스 RTX 4090 Gaming OC D6X 24GB 제이씨현상세보기[SSD]마이크론 Crucial T500 M.2 NVMe 대원씨티에스 (1TB)상세보기[데스크탑 HDD]Toshiba N300 7200/256M (HDWG440, 4TB)상세보기[케이스]DARKFLASH DLX21 RGB MESH 강화유리 블랙 (미들타워)상세보기[파워서플라이]SuperFlower SF-1000F14PE LEADEX VI PRO PLATINUM BLACK (PCIE 5)상세보기[CPU쿨러]쿨러마스터 MASTERLIQUID 360 ATMOS (BLACK)상세보기[조립PC관련][견적왕] 조립 서비스 + 1년 출장 A/S상세보기",
    "quote_description": "[조립PC관련]수랭 쿨러 조립 추가 비용상세보기CPU는 12코어 24쓰레드 구조로 많은 코어수를 활용하여 뛰어난 작업 성능을 발휘하는 라이젠 7900X입니다. 또한 AVX-512 명령어를 지원해 복잡하고 많은 연산이 요구되는 금융 분석, 시뮬레이션, 모델링과 같은 고성능 컴퓨팅/딥러닝 연산 영역에서 더욱 뛰어납니다.메인보드는 840A급 드라이버모스펫 채용으로 전원부 성능이 매우 뛰어나 라이젠 7000시리즈 어떤 CPU와도 구성 할 수 있는 제품입니다. 또한, ATX 사이즈 메인보드로 확장성 역시 매우 좋습니다.메모리는 라이프워런티정책으로 A/S정책 좋은 ADATA 5600클럭 JEDEC 표준 일반램입니다.그래픽카드는 RTX 4000번대 최상위 제품인 RTX 4090입니다. GIGABYTE 그래픽카드는 구입 후 30일 이내 홈페이지 등록 시 3년무상보증에 1년을 더 연장하여 총 4년의 무상 서비스를 제공합니다.SSD는 최대읽기속도 7,300MB/s 최대쓰기속도 6,800MB/s를 자랑하는 최상위권 PCIe 4.0 SSD인 T500입니다. 보증기간 5년 제공하며 파이슨 컨트롤러가 적용되어 있습니다.데스크탑 HDD는 NAS용 제품으로 안정성이 좋으며 기록방식으로는 CMR방식을 채택한 제품입니다. 256MB 버퍼메모리 구성에 보증기간 3년이며 4TB 용량의 HDD입니다.케이스는 많은 소비자들로부터 꾸준한 사랑을 받고있는 DLX 21 MESH입니다. 140mm 전면팬 3개와 140mm 후면팬 1개 기본구성에 상단 3열 수랭쿨러 호환도 문제없으며 호환길이 CPU공랭쿨러 180mm / 그래픽카드 400mm의 뛰어난 호환성도 장점입니다.파워서플라이는 RTX 4090의 권장파워용량 1000W를 충족하는 플래티넘등급의 슈퍼플라워 제품입니다. 12VHPWR 커넥터를 지원하며 고주파 증상에도 원활한 A/S를 받을 수 있을만큼 정책이 매우 좋습니다.CPU쿨러는 360수랭쿨러 쿨링성능 최상위권의 쿨러마스터 360 ATMOS이며 인텔 i5 ~ i9, 라이젠 7000시리즈 X붙은 CPU들과 구성하기에 알맞는 제품입니다.",
    "parts_price": {
        "CPU": {
            "제품명": "AMD 라이젠9-5세대 7900X)",
            "가격": "544,990원",
            "수량": "1"
        },
        "메인보드": {
            "제품명": "ASRock B650 PG Lightning 대원씨티에스",
            "가격": "152,670원",
            "수량": "1"
        },
        "메모리": {
            "제품명": "ADATA DDR5-5600 CL46-45-45  32GB",
            "가격": "119,450원",
            "수량": "2"
        },
        "그래픽카드": {
            "제품명": "GIGABYTE 지포스 RTX 4090 Gaming OC D6X 24GB 제이씨현",
            "가격": "2,929,470원",
            "수량": "1"
        },
        "SSD": {
            "제품명": "마이크론 Crucial T500 M.2 NVMe 대원씨티에스 1TB",
            "가격": "129,070원",
            "수량": "1"
        },
        "데스크탑 HDD": {
            "제품명": "Toshiba N300 7200/256M",
            "가격": "533,000원",
            "수량": "1"
        },
        "케이스": {
            "제품명": "DARKFLASH DLX21 RGB MESH 강화유리 블랙",
            "가격": "93,420원",
            "수량": "1"
        },
        "파워서플라이": {
            "제품명": "SuperFlower SF-1000F14PE LEADEX VI PRO PLATINUM BLACK",
            "가격": "205,402원",
            "수량": "1"
        },
        "CPU쿨러": {
            "제품명": "쿨러마스터 MASTERLIQUID 360 ATMOS",
            "가격": "178,000원",
            "수량": "1"
        }
    },
    "total_price": "5004922원",
    "CPU": "AMD 라이젠9-5세대 7900X (라파엘) (멀티팩(정품))",
    "Motherboard": "ASRock B650 PG Lightning 대원씨티에스",
    "Graphic Card": "GIGABYTE 지포스 RTX 4090 Gaming OC D6X 24GB 제이씨현",
    "SSD": "마이크론 Crucial T500 M.2 NVMe 대원씨티에스 (1TB)",
    "Memory": "ADATA DDR5-5600 CL46-45-45 (32GB) x 2 개",
    "Power Supply": "SuperFlower SF-1000F14PE LEADEX VI PRO PLATINUM BLACK (PCIE 5)",
    "CPU Cooler": "쿨러마스터 MASTERLIQUID 360 ATMOS (BLACK)",
    "cpu_score": 107,
    "gpu_score": 0,
    "performance_grade": "고성능",
    "cpu_benchmarkscore": 51896,
    "gpu_benchmarkscore": 38694
}