{
    "quote_number": "3941",
    "quote_title": "AMD 라이젠7-5세대 7800X3D  + RTX 4080 SUPER",
    "date_create": "2024.3.7",
    "cpu_gpu_combinations": "라이젠7 7800X3D + RTX 4080 SUPER 조합",
    "quotation_summary": " AMD 라이젠7-5세대 7800X3D  + RTX 4080 SUPER# 게임",
    "quote_person_introduction": "안녕하세요! 인벤에서 주로 활동하고 있는 Skywalkers입니다.가성비와 성능비 그리고 감성비까지 모두 고려해서 가장 합리적인 구성을 찾을 수 있도록 추천을 드리겠습니다.",
    "quote_feedback": "1. CPU는 게임 끝판왕인 7800X3D로 구성2. 메인보드는 840A급 출력의 드라이버 모스펫 전원부가 적용된 ATX 규격의 ASRock B650 PG Lightning 대원씨티에스로 구성3. 메모리는 라이프타임 워런티로 압도적인 AS기간을 제공하는 팀그룹 5600MHz 고클럭 규격램 16기가 2개 32기가로 구성4. 그래픽카드는 1티어 AS에 2년 추가 RMA포함 총 5년의 무상AS를 제공하고 동일한 제품군에서는 가격적인 메리트도 있는 조택 4080 SUPER로 구성했습니다. 고가의 그래픽카드일수록 추가되는 2년의 무상AS는 아주 큰 메리트가 됩니다.5. SSD는 젠4 제품 중 넘사벽 갓성비의 삼성전자 980PRO OEM버전인 삼성전자 PM9A1 M2 NVMe 병행수입 (1TB)으로 구성6. 케이스는 상단 3열 수냉쿨러 장착이 가능하고 원터치 스냅도어와 C타입 포트 등을 적용하고서도 가격을 대폭 인하하여 새롭게 출시한 갓성비 제품인 3RSYS L700 LITE (미들타워)로 구성7. 파워는 세계 최대의 글로벌 제조사인 CWT에서 OEM 생산 압도적인 전압변동률을 제공하여 전압 출렁임 없이 안정적인 시스템을 만들어 줄 MSI MAG A850GL 80PLUS 골드 풀 모듈러 ATX 3.0 (PCIE5)로 구성8. CPU쿨러는 케이스와도 잘 어울리는 대장급 성능의 듀얼타워 공랭쿨러 중에서는 가성비가 가장 좋은 편에 속하는 PentaWave S06D LE ARGB로 구성9. 윈도우 11 홈 처음사용자용 포함했습니다.참고해서 합리적인 구매하시기 바랍니다.",
    "computer_estimate_data": "[CPU]AMD 라이젠7-5세대 7800X3D (라파엘) (멀티팩(정품))상세보기[메인보드]ASRock B650 PG Lightning 대원씨티에스상세보기[메모리]TeamGroup DDR5-5600 CL46 Elite 패키지 (32GB(16Gx2))상세보기[그래픽카드]ZOTAC GAMING 지포스 RTX 4080 SUPER Trinity D6X 16GB Black상세보기[SSD]삼성전자 PM9A1 M2 NVMe 병행수입 (1TB)상세보기[케이스]3RSYS L700 LITE (미들타워)상세보기[파워서플라이]MSI MAG A850GL 80PLUS 골드 풀 모듈러 ATX 3.0 (PCIE5)상세보기[CPU쿨러]PentaWave S06D LE ARGB상세보기[소프트웨어]Microsoft Windows 11 Home (처음사용자용 한글)상세보기[조립PC관련][견적왕] 조립 서비스 + 1년 출장 A/S상세보기",
    "quote_description": "그래픽카드는 조텍만의 특별한 3+2 AS!\n4080 SUPER 기준 가성비 갓갓!",
    "parts_price": {
        "CPU": {
            "제품명": "AMD 라이젠7-5세대 7800X3D",
            "가격": "518,680원",
            "수량": "1"
        },
        "메인보드": {
            "제품명": "ASRock B650 PG Lightning 대원씨티에스",
            "가격": "152,670원",
            "수량": "1"
        },
        "메모리": {
            "제품명": "TeamGroup DDR5-5600 CL46 Elite 패키지) 32GB",
            "가격": "125,890원",
            "수량": "1"
        },
        "그래픽카드": {
            "제품명": "ZOTAC GAMING 지포스 RTX 4080 SUPER Trinity D6X 16GB Black",
            "가격": "1,514,700원",
            "수량": "1"
        },
        "SSD": {
            "제품명": "삼성전자 PM9A1 M2 NVMe 병행수입 1TB",
            "가격": "105,520원",
            "수량": "1"
        },
        "케이스": {
            "제품명": "3RSYS L700 LITE",
            "가격": "58,290원",
            "수량": "1"
        },
        "파워서플라이": {
            "제품명": "MSI MAG A850GL 80PLUS 골드 풀 모듈러 ATX 3.0",
            "가격": "144,000원",
            "수량": "1"
        },
        "CPU쿨러": {
            "제품명": "PentaWave S06D LE ARGB",
            "가격": "35,060원",
            "수량": "1"
        },
        "소프트웨어": {
            "제품명": "Microsoft Windows 11 Home",
            "가격": "173,510원",
            "수량": "1"
        }
    },
    "total_price": "2828320원",
    "CPU": "AMD 라이젠7-5세대 7800X3D (라파엘) (멀티팩(정품))",
    "Motherboard": "ASRock B650 PG Lightning 대원씨티에스",
    "Graphic Card": "ZOTAC GAMING 지포스 RTX 4080 SUPER Trinity D6X 16GB Black",
    "SSD": "삼성전자 PM9A1 M2 NVMe 병행수입 (1TB)",
    "Memory": "TeamGroup DDR5-5600 CL46 Elite 패키지 (32GB(16Gx2))",
    "Power Supply": "MSI MAG A850GL 80PLUS 골드 풀 모듈러 ATX 3.0 (PCIE5)",
    "CPU Cooler": "PentaWave S06D LE ARGB",
    "cpu_score": 225,
    "gpu_score": 1,
    "performance_grade": "고성능",
    "cpu_benchmarkscore": 34357,
    "gpu_benchmarkscore": 34625
}