{
    "quote_number": "3957",
    "quote_title": "AMD 라이젠5-5세대 7500F + 지포스 RTX 4060 Ti",
    "date_create": "2024.3.7",
    "cpu_gpu_combinations": "라이젠5 7500F + RTX 4060 Ti 조합",
    "quotation_summary": " AMD 라이젠5-5세대 7500F + 지포스 RTX 4060 Ti# 워크스테이션",
    "quote_person_introduction": "안녕하세요! 인벤에서 주로 활동하고 있는 Skywalkers입니다.가성비와 성능비 그리고 감성비까지 모두 고려해서 가장 합리적인 구성을 찾을 수 있도록 추천을 드리겠습니다.",
    "quote_feedback": "1. 메인보드는 드라이버 모스펫 전원부와 히트싱크가 적용되어 있는 ASRock B650M PG Lightning 에즈윈으로 구성2. 메모리는 라이프타임 워런티로 압도적인 AS기간을 제공하는 팀그룹 5600MHz 고클럭 규격램 16기가 2개 32기가로 구성3. SSD는 젠4 제품 중 넘사벽 갓성비의 삼성전자 980PRO OEM버전인 삼성전자 PM9A1 M2 NVMe 병행수입 (1TB)으로 구성했고, 저렴한 방열판도 하나 추가했습니다.4. 케이스는 최근에 새롭게 출시한 보급형 끝판왕급 가성비 제품인 몬스타 가츠 X420A 블랙 (미들타워)로 구성5. 파워는 6년 무상AS에 무려 9종에 달하는 보호회로를 적용하여 안정성에 몰빵을 하고서도 가격은 아주 착한 수준으로 출시가 되었고 현재 출시 이벤트로 가격을 더 인하해서 판매 중이라 갓성비 중에서도 갓성비라고 할 수 있는 몬스타 가츠 ExtremeX FX700 80PLUS STANDARD로 구성대부분의 보급형 파워들은 무상 3-5년 AS에 4-6종의 보호회로가 적용되어 있습니다. 추천드리는 파워와는 차이가 큰 편이죠.6. CPU쿨러는 싱글타워 끝판왕급 성능에 케이스와도 잘 어울리고 성능도 좋고 ARGB를 지원하는 제품 중에서는 가격적인 메리트도 가장 높은 갓성비 제품인 PentaWave Z04E SRB ARGB로 구성참고해서 합리적인 구매하시기 바랍니다.",
    "computer_estimate_data": "[CPU]AMD 라이젠5-5세대 7500F (라파엘) (멀티팩(정품))상세보기[메인보드]ASRock B650M PG Lightning 에즈윈상세보기[메모리]TeamGroup DDR5-5600 CL46 Elite (16GB) x 2 개상세보기[그래픽카드]MSI 지포스 RTX 4060 Ti 벤투스 2X 블랙 OC D6 16GB상세보기[SSD]삼성전자 PM9A1 M2 NVMe 병행수입 (1TB)상세보기[케이스]몬스타 가츠 X420A 블랙 (미들타워)상세보기[파워서플라이]몬스타 가츠 ExtremeX FX700 80PLUS STANDARD상세보기[CPU쿨러]PentaWave Z04E SRB ARGB상세보기[쿨러.튜닝.조명.액세서리]케이엘시스템 KLcom M.2 2280 방열판 (BLACK)상세보기[조립PC관련][견적왕] 조립 서비스 + 1년 출장 A/S상세보기",
    "quote_description": "쿨러.튜닝.조명.액세서리는 높은 NVMe SSD의 온도를 제어해 줄 가성비 좋은 SSD 방열판",
    "parts_price": {
        "CPU": {
            "제품명": "AMD 라이젠5-5세대 7500F",
            "가격": "203,900원",
            "수량": "1"
        },
        "메인보드": {
            "제품명": "ASRock B650M PG Lightning 에즈윈",
            "가격": "156,010원",
            "수량": "1"
        },
        "메모리": {
            "제품명": "TeamGroup DDR5-5600 CL46 Elite  16GB",
            "가격": "64,300원",
            "수량": "2"
        },
        "그래픽카드": {
            "제품명": "MSI 지포스 RTX 4060 Ti 벤투스 2X 블랙 OC D6 16GB",
            "가격": "610,790원",
            "수량": "1"
        },
        "SSD": {
            "제품명": "삼성전자 PM9A1 M2 NVMe 병행수입 1TB",
            "가격": "105,520원",
            "수량": "1"
        },
        "케이스": {
            "제품명": "몬스타 가츠 X420A 블랙",
            "가격": "31,310원",
            "수량": "1"
        },
        "파워서플라이": {
            "제품명": "몬스타 가츠 ExtremeX FX700 80PLUS STANDARD",
            "가격": "43,500원",
            "수량": "1"
        },
        "CPU쿨러": {
            "제품명": "PentaWave Z04E SRB ARGB",
            "가격": "20,230원",
            "수량": "1"
        },
        "쿨러.튜닝.조명.액세서리": {
            "제품명": "케이엘시스템 KLcom M.2 2280 방열판",
            "가격": "1,260원",
            "수량": "1"
        }
    },
    "total_price": "1301120원",
    "CPU": "AMD 라이젠5-5세대 7500F (라파엘) (멀티팩(정품))",
    "Motherboard": "ASRock B650M PG Lightning 에즈윈",
    "Graphic Card": "MSI 지포스 RTX 4060 Ti 벤투스 2X 블랙 OC D6 16GB",
    "SSD": "삼성전자 PM9A1 M2 NVMe 병행수입 (1TB)",
    "Memory": "TeamGroup DDR5-5600 CL46 Elite (16GB) x 2 개",
    "Power Supply": "몬스타 가츠 ExtremeX FX700 80PLUS STANDARD",
    "CPU Cooler": "PentaWave Z04E SRB ARGB",
    "cpu_score": 355,
    "gpu_score": 32,
    "performance_grade": "중성능",
    "cpu_benchmarkscore": 26926,
    "gpu_benchmarkscore": 22891
}