{
    "quote_number": "3977",
    "quote_title": "AMD 라이젠5-4세대 5600 + 지포스 RTX 4060",
    "date_create": "2024.3.8",
    "cpu_gpu_combinations": "라이젠5 5600 + RTX 4060 조합",
    "quotation_summary": " AMD 라이젠5-4세대 5600 + 지포스 RTX 4060# 게임용",
    "quote_person_introduction": "안녕하세요! 인벤에서 주로 활동하고 있는 Skywalkers입니다.가성비와 성능비 그리고 감성비까지 모두 고려해서 가장 합리적인 구성을 찾을 수 있도록 추천을 드리겠습니다.",
    "quote_feedback": "1. 메모리는 램타이밍 조금 더 줄이고자 2배 이상 투자를 하는 것은 비효율적입니다.절반 가격대에 판매 중인 화이트 컨셉 동일 제품군인 TeamGroup T-Force DDR4-3600 CL18 Delta RGB 화이트 패키지 (16GB(8Gx2)로 변경2. 구성한 DAVEN AQUARIUM 화이트 (미들타워)는 C타입 포트 미지원에 USB 포트도 2개만 제공하고 강판도 얇은 편이라 원가 절감한 티가 많이 나는 케이스입니다. 최근에 출시된 파노라마 뷰 어항케이스 중 압도적인 비주얼과 가성비 그리고 C타입 포트까지 적용되어 있는 몬스타 가츠 X620A 리버스 (미들타워)로 변경3. 그래픽카드인 4060은 최대 전력 소모량이 115W 수준의 저전력 제품으로 정격 500W 용량이면 충분히 사용할 수 있습니다.파워는 7년 무상 AS에 브론즈 인증, 140mm 팬 장착, 12V 가용력 100%, 성능으로 세계적에서 유명한 국산 삼영콘덴서를 메인콘덴서로 채용, 6종 보호회로 적용 등 가격대비 퀄리티는 최고수준으로 보급형에서는 끝판왕급인 탑파워 가디언 600W 화이트로 변경4. CPU쿨러는 대장급 성능의 3열 수냉쿨러 중에서는 압도적인 가성비를 제공하는 앱코 T360 테티스 풀체인지 ARGB (화이트)로 변경5. 메인보드에서 M.2 방열판을 제공하지 않아서 저렴한 방열판 하나 추가했습니다.참고해서 합리적인 구매하시기 바랍니다.",
    "computer_estimate_data": "[CPU]AMD 라이젠5-4세대 5600 (버미어) (멀티팩(정품))상세보기[메인보드]ASRock B550M Pro SE 디앤디컴상세보기[메모리]TeamGroup T-Force DDR4-3600 CL18 Delta RGB 화이트 패키지 (16GB(8Gx2)상세보기[그래픽카드]이엠텍 지포스 RTX 4060 MIRACLE WHITE D6 8GB상세보기[SSD]삼성전자 PM9A1 M.2 NVMe 벌크 (1TB)상세보기[케이스]몬스타 가츠 X620A 리버스 화이트 (미들타워)상세보기[파워서플라이]topower Guardian TOP-600DG Single Rail 80PLUS BRONZE WHITE상세보기[CPU쿨러]앱코 T360 테티스 풀체인지 ARGB (화이트)상세보기[소프트웨어]Microsoft Windows 11 Home (처음사용자용 한글)상세보기[쿨러.튜닝.조명.액세서리]케이엘시스템 KLcom M.2 2280 방열판 (SILVER)상세보기[조립PC관련][견적왕] 조립 서비스 + 1년 출장 A/S상세보기",
    "quote_description": "[조립PC관련]수랭 쿨러 조립 추가 비용상세보기CPU는 현재 게임 가성비가 가장 좋은 CPU케이스는 흔히 어항케이스라고 불리우는 디자인이 적용된 X620A 리버스입니다. CPU쿨러 최대호환가능높이 165mm, 그래픽카드 최대호환가능길이 430mm 제원을 가졌으며 ATX 사이즈 메인보드까지 호환가능한 미들타워 제품입니다. 측면 120mm 기본팬 3개, 후면 120mm 기본팬 1개 총 4개를 제공하며 ARGB를 지원하여 메인보드 제조사 프로그램을 통해 색상 조정이 가능합니다.파워서플라이는 topower사의 600W 브론즈등급 화이트색상 제품입니다. A/S보증기간 7년을 제공하고 화이트 색상 제품이라 화이트감성 PC에 알맞는 제품입니다.",
    "parts_price": {
        "CPU": {
            "제품명": "AMD 라이젠5-4세대 5600",
            "가격": "143,660원",
            "수량": "1"
        },
        "메인보드": {
            "제품명": "ASRock B550M Pro SE 디앤디컴",
            "가격": "177,370원",
            "수량": "1"
        },
        "메모리": {
            "제품명": "TeamGroup T-Force DDR4-3600 CL18 Delta RGB 화이트 패키지 16GB",
            "가격": "69,000원",
            "수량": "1"
        },
        "그래픽카드": {
            "제품명": "이엠텍 지포스 RTX 4060 MIRACLE WHITE D6 8GB",
            "가격": "452,920원",
            "수량": "1"
        },
        "SSD": {
            "제품명": "삼성전자 PM9A1 M.2 NVMe 벌크 1TB",
            "가격": "103,200원",
            "수량": "1"
        },
        "케이스": {
            "제품명": "몬스타 가츠 X620A 리버스 화이트",
            "가격": "64,840원",
            "수량": "1"
        },
        "파워서플라이": {
            "제품명": "topower Guardian TOP-600DG Single Rail 80PLUS BRONZE WHITE",
            "가격": "65,000원",
            "수량": "1"
        },
        "CPU쿨러": {
            "제품명": "앱코 T360 테티스 풀체인지 ARGB",
            "가격": "77,000원",
            "수량": "1"
        },
        "소프트웨어": {
            "제품명": "Microsoft Windows 11 Home",
            "가격": "173,490원",
            "수량": "1"
        },
        "쿨러.튜닝.조명.액세서리": {
            "제품명": "케이엘시스템 KLcom M.2 2280 방열판",
            "가격": "1,260원",
            "수량": "1"
        }
    },
    "total_price": "1327740원",
    "CPU": "AMD 라이젠5-4세대 5600 (버미어) (멀티팩(정품))",
    "Motherboard": "ASRock B550M Pro SE 디앤디컴",
    "Graphic Card": "이엠텍 지포스 RTX 4060 MIRACLE WHITE D6 8GB",
    "SSD": "삼성전자 PM9A1 M.2 NVMe 벌크 (1TB)",
    "Memory": "TeamGroup T-Force DDR4-3600 CL18 Delta RGB 화이트 패키지 (16GB(8Gx2)",
    "Power Supply": "topower Guardian TOP-600DG Single Rail 80PLUS BRONZE WHITE",
    "CPU Cooler": "앱코 T360 테티스 풀체인지 ARGB (화이트)",
    "cpu_score": 504,
    "gpu_score": 32,
    "performance_grade": "중성능",
    "cpu_benchmarkscore": 21908,
    "gpu_benchmarkscore": 22891
}