{
    "quote_number": "4011",
    "quote_title": "인텔 코어i5-13세대 13400F + 라데온 RX 6800",
    "date_create": "2024.3.8",
    "cpu_gpu_combinations": "코어i5-13400F + RX 6800 조합",
    "quotation_summary": " 인텔 코어i5-13세대 13400F + 라데온 RX 6800# 게임용",
    "quote_person_introduction": "안녕하세요! 인벤에서 주로 활동하고 있는 Skywalkers입니다.가성비와 성능비 그리고 감성비까지 모두 고려해서 가장 합리적인 구성을 찾을 수 있도록 추천을 드리겠습니다.",
    "quote_feedback": "1. 인텔은 12세대부터 벌크도 정품과 동일한 3년 무상 AS를 제공합니다.정품 박스가 꼭 필요한 것이 아니라면 벌크로 구성하는 것이 보다 효율적입니다. 13400F 벌크로 변경2. 메모리는 16기가 1개가 아니라 16기가 2개로 구성해야 제대로 된 성능이 나옵니다.삼성 램은 불량 이슈가 크게 터졌던 제품이라 라이프타임 워런티로 압도적인 AS기간을 제공하는 팀그룹 5600MHz 고클럭 규격램 16기가 2개 32기가로 변경3. 그래픽카드는 이전 세대 하이엔드급 성능인 3070 Ti 보다도 깡성능이 더 높은 넘사벽 갓성비 제품이라고 할 수 있는 XFX 라데온 RX 6800 SWFT 319 CORE D6 16GB로 구성AFMF 설정시 4070 TI 이상의 프레임도 기대할 수 있는 메리트가 아주 높은 제품입니다.https://youtu.be/K2Hg-CM6U6A그래픽카드 가성비 비교표 3월 ( SUPER 포함, 3050 6G, 7900GRE 포함) - 신성조 <- 그래픽카드 선택에 도움이 될 영상 링크해드립니다. 시청하시면 도움이 아주 많이 될 겁니다.4. 파워는 6년 무상AS에 무려 9종에 달하는 보호회로를 적용하여 안정성에 몰빵을 하고서도 가격은 아주 착한 수준으로 출시가 되었고 현재 출시 이벤트로 가격을 더 인하해서 판매 중이라 갓성비 중에서도 갓성비라고 할 수 있는 몬스타 가츠 ExtremeX FX800 80PLUS STANDARD로 변경대부분 보급형 파워들은 3-5년 무상AS에 4-6종의 보호회로가 적용되어 있어서 차이가 제법 나는 편입니다.5. CPU쿨러는 싱글타워 끝판왕급 성능에 케이스와도 잘 어울리고 성능도 좋고 ARGB를 지원하는 제품 중에서는 가격적인 메리트도 가장 높은 갓성비 제품인 PentaWave Z04E SRB ARGB로  구성참고해서 합리적인 구매하시기 바랍니다.",
    "computer_estimate_data": "[CPU]인텔 코어i5-13세대 13400F (랩터레이크)(벌크)상세보기[메인보드]ASRock B760M PG LIGHTNING D5 에즈윈상세보기[메모리]TeamGroup DDR5-5600 CL46 Elite (16GB) x 2 개상세보기[그래픽카드]XFX 라데온 RX 6800 SWFT 319 CORE D6 16GB상세보기[SSD]삼성전자 PM9A1 M2 NVMe 병행수입 (1TB)상세보기[케이스]DARKFLASH DK360 MESH RGB 강화유리 블랙 (미들타워)상세보기[파워서플라이]몬스타 가츠 ExtremeX FX800 80PLUS STANDARD상세보기[CPU쿨러]PentaWave Z04E SRB ARGB상세보기[조립PC관련][견적왕] 조립 서비스 + 1년 출장 A/S상세보기",
    "quote_description": "그래픽카드는 RTX 4070 바로 아랫 등급!\nRTX 4060 Ti보다 월등히 좋지만 더 좋은 가성비 제품!",
    "parts_price": {
        "CPU": {
            "제품명": "인텔 코어i5-13세대 13400F",
            "가격": "251,810원",
            "수량": "1"
        },
        "메인보드": {
            "제품명": "ASRock B760M PG LIGHTNING D5 에즈윈",
            "가격": "157,420원",
            "수량": "1"
        },
        "메모리": {
            "제품명": "TeamGroup DDR5-5600 CL46 Elite  16GB",
            "가격": "64,300원",
            "수량": "2"
        },
        "그래픽카드": {
            "제품명": "XFX 라데온 RX 6800 SWFT 319 CORE D6 16GB",
            "가격": "507,420원",
            "수량": "1"
        },
        "SSD": {
            "제품명": "삼성전자 PM9A1 M2 NVMe 병행수입 1TB",
            "가격": "105,520원",
            "수량": "1"
        },
        "케이스": {
            "제품명": "DARKFLASH DK360 MESH RGB 강화유리 블랙",
            "가격": "44,570원",
            "수량": "1"
        },
        "파워서플라이": {
            "제품명": "몬스타 가츠 ExtremeX FX800 80PLUS STANDARD",
            "가격": "49,850원",
            "수량": "1"
        },
        "CPU쿨러": {
            "제품명": "PentaWave Z04E SRB ARGB",
            "가격": "20,230원",
            "수량": "1"
        }
    },
    "total_price": "1265420원",
    "CPU": "인텔 코어i5-13세대 13400F (랩터레이크)(벌크)",
    "Motherboard": "ASRock B760M PG LIGHTNING D5 에즈윈",
    "Graphic Card": "XFX 라데온 RX 6800 SWFT 319 CORE D6 16GB",
    "SSD": "삼성전자 PM9A1 M2 NVMe 병행수입 (1TB)",
    "Memory": "TeamGroup DDR5-5600 CL46 Elite (16GB) x 2 개",
    "Power Supply": "몬스타 가츠 ExtremeX FX800 80PLUS STANDARD",
    "CPU Cooler": "PentaWave Z04E SRB ARGB",
    "cpu_score": 399,
    "gpu_score": 25,
    "performance_grade": "중성능",
    "cpu_benchmarkscore": 25232,
    "gpu_benchmarkscore": 25024
}