{
    "quote_number": "4027",
    "quote_title": "7950X3D + RTX 4080 화이트",
    "date_create": "2024.3.9",
    "cpu_gpu_combinations": "라이젠9 7950X3D + RTX 4080 SUPER 조합",
    "quotation_summary": " 7950X3D + RTX 4080 화이트# 7950X3D + RTX 4080 화이트",
    "quote_person_introduction": "퀘이사존, 다나와, 쿨엔에서 활동 중인  잉여인간17호입니다.다양한 필테 경력과 컴덕질을 경험삼아 도움 드리고자 합니다.어떠한 스폰도 받지 않는 유저 입장에서 직접 사용해보고 테스트한 견적 위주로 견적드리겠습니다.",
    "quote_feedback": "7950X3D + RTX 4080 화이트",
    "computer_estimate_data": "[CPU]AMD 라이젠9-5세대 7950X3D (라파엘) (멀티팩(정품))상세보기[메인보드]GIGABYTE B650E AORUS ELITE X AX ICE 피씨디렉트상세보기[메모리]패트리어트 PATRIOT DDR5-5600 CL46 SIGNATURE (32GB) x 2 개상세보기[그래픽카드]이엠텍 지포스 RTX 4080 SUPER MIRACLE WHITE D6X 16GB상세보기[SSD]마이크론 Crucial T500 M.2 NVMe 대원씨티에스 (1TB)상세보기[케이스]Antec PERFORMANCE 1 FT MESH 강화유리 White (빅타워)상세보기[파워서플라이]SuperFlower SF-1000F14XG LEADEX VII GOLD WHITE ATX 3.0 (PCIE5)상세보기[CPU쿨러]잘만 Alpha II A36 (WHITE)상세보기[조립PC관련][견적왕] 조립 서비스 + 1년 출장 A/S상세보기",
    "quote_description": "[조립PC관련]수랭 쿨러 조립 추가 비용상세보기CPU는 라이젠 7천번대 최상급 게이밍 + 작업용 CPU입니다.메인보드는 12+2+2페이즈 720A(60A)의 뛰어난 전원부의 기가바이트 화이트 감성 보드입니다.\nWIFI와 블루투스 무선 연결을 지원합니다.그래픽카드는 AS 1티어 이엠텍의 RTX 4080 SUPER 화이트 제품입니다.SSD는 PCIe4.0 최상급 성능의 SSD입니다.케이스는 14900K까지 문제 없는 최상급 쿨링 성능의 빅타워 케이스입니다.파워서플라이는 뛰어난 효율과 유니버셜 커넥터로 편의성도 좋고, 고주파 발생시 새제품 교환 등 AS 정책도 가장 뛰어난 제품입니다.CPU쿨러는 전면 온도 표시와 상급 성능까지 겸비한 잘만의 수냉 쿨러입니다.",
    "parts_price": {
        "CPU": {
            "제품명": "AMD 라이젠9-5세대 7950X3D",
            "가격": "891,920원",
            "수량": "1"
        },
        "메인보드": {
            "제품명": "GIGABYTE B650E AORUS ELITE X AX ICE 피씨디렉트",
            "가격": "346,800원",
            "수량": "1"
        },
        "메모리": {
            "제품명": "패트리어트 PATRIOT DDR5-5600 CL46 SIGNATURE  32GB",
            "가격": "117,730원",
            "수량": "2"
        },
        "그래픽카드": {
            "제품명": "이엠텍 지포스 RTX 4080 SUPER MIRACLE WHITE D6X 16GB",
            "가격": "1,585,850원",
            "수량": "1"
        },
        "SSD": {
            "제품명": "마이크론 Crucial T500 M.2 NVMe 대원씨티에스 1TB",
            "가격": "129,070원",
            "수량": "1"
        },
        "케이스": {
            "제품명": "Antec PERFORMANCE 1 FT MESH 강화유리 White",
            "가격": "209,000원",
            "수량": "1"
        },
        "파워서플라이": {
            "제품명": "SuperFlower SF-1000F14XG LEADEX VII GOLD WHITE ATX 3.0",
            "가격": "225,408원",
            "수량": "1"
        },
        "CPU쿨러": {
            "제품명": "잘만 Alpha II A36",
            "가격": "116,530원",
            "수량": "1"
        }
    },
    "total_price": "3740038원",
    "CPU": "AMD 라이젠9-5세대 7950X3D (라파엘) (멀티팩(정품))",
    "Motherboard": "GIGABYTE B650E AORUS ELITE X AX ICE 피씨디렉트",
    "Graphic Card": "이엠텍 지포스 RTX 4080 SUPER MIRACLE WHITE D6X 16GB",
    "SSD": "마이크론 Crucial T500 M.2 NVMe 대원씨티에스 (1TB)",
    "Memory": "패트리어트 PATRIOT DDR5-5600 CL46 SIGNATURE (32GB) x 2 개",
    "Power Supply": "SuperFlower SF-1000F14XG LEADEX VII GOLD WHITE ATX 3.0 (PCIE5)",
    "CPU Cooler": "잘만 Alpha II A36 (WHITE)",
    "cpu_score": 63,
    "gpu_score": 1,
    "performance_grade": "고성능",
    "cpu_benchmarkscore": 62530,
    "gpu_benchmarkscore": 34625
}