{
    "quote_number": "4089",
    "quote_title": "7500F + RTX 4070 TI (몬스타 가츠 X520LA 리버스 블랙)",
    "date_create": "2024.3.10",
    "cpu_gpu_combinations": "라이젠5 7500F + RTX 4070 Ti SUPER 조합",
    "quotation_summary": " 7500F + RTX 4070 TI (몬스타 가츠 X520LA 리버스 블랙)# 7500F + RTX 4070 TI (몬스타 가츠 X520LA 리버스 블랙)",
    "quote_person_introduction": "퀘이사존, 다나와, 쿨엔에서 활동 중인  잉여인간17호입니다.다양한 필테 경력과 컴덕질을 경험삼아 도움 드리고자 합니다.어떠한 스폰도 받지 않는 유저 입장에서 직접 사용해보고 테스트한 견적 위주로 견적드리겠습니다.",
    "quote_feedback": "7500F + RTX 4070 TI (몬스타 가츠 X520LA 리버스 블랙)",
    "computer_estimate_data": "[CPU]AMD 라이젠5-5세대 7500F (라파엘) (멀티팩(정품))상세보기[메인보드]ASRock B650M PG Lightning 에즈윈상세보기[그래픽카드]inno3D 지포스 RTX 4070 Ti SUPER OC D6X 16GB X3상세보기[케이스]몬스타 가츠 X520LA 리버스 블랙 (미들타워)상세보기[파워서플라이]NEWZEN SKULL 750SM MODULAR ATX 3.0 80PLUS GOLD (PCIE5)상세보기[CPU쿨러]3RSYS Socoool RC1200 ARGB x 2 개상세보기[이벤트특가][SSD + RAM] 마이크론 Crucial T500 2TB + Crucial DDR5-5600 (32GB(16Gx2)) 패키지 대원씨티에스상세보기[쿨러.튜닝.조명.액세서리]케이엘시스템 KLcom M.2 2280 방열판 (BLACK)상세보기[조립PC관련][견적왕] 조립 서비스 + 1년 출장 A/S상세보기",
    "quote_description": "CPU는 최고의 게이밍 가성비 CPU입니다메인보드는 Dr.MOS 전원부가 탑재된 가성비 좋은 B650보드입니다.케이스는 측면 리버스 쿨링팬으로 감성까지 더한 몬스타 가츠의 가성비 좋은 어항형 케이스입니다. \n전면 TYPE-C 지원 등 편의성도 좋습니다.파워서플라이는 10년 보증에 슈퍼플라워랑 같은 유통사로 고주파 발생시 새제품 교환 등 AS 정책에 뛰어난 가성비까지 겸비한 파워입니다.",
    "parts_price": {
        "CPU": {
            "제품명": "AMD 라이젠5-5세대 7500F",
            "가격": "203,900원",
            "수량": "1"
        },
        "메인보드": {
            "제품명": "ASRock B650M PG Lightning 에즈윈",
            "가격": "156,010원",
            "수량": "1"
        },
        "그래픽카드": {
            "제품명": "inno3D 지포스 RTX 4070 Ti SUPER OC D6X 16GB X3",
            "가격": "1,247,280원",
            "수량": "1"
        },
        "케이스": {
            "제품명": "몬스타 가츠 X520LA 리버스 블랙",
            "가격": "56,110원",
            "수량": "1"
        },
        "파워서플라이": {
            "제품명": "NEWZEN SKULL 750SM MODULAR ATX 3.0 80PLUS GOLD",
            "가격": "124,830원",
            "수량": "1"
        },
        "CPU쿨러": {
            "제품명": "3RSYS Socoool RC1200 ARGB x 2 개",
            "가격": "34,420원",
            "수량": "2"
        },
        "SSD + RAM": {
            "제품명": "마이크론 Crucial T500 2TB + Crucial DDR5-5600 패키지 대원씨티에스 2TB",
            "가격": "227,220원",
            "수량": "1"
        },
        "쿨러.튜닝.조명.액세서리": {
            "제품명": "케이엘시스템 KLcom M.2 2280 방열판",
            "가격": "1,260원",
            "수량": "1"
        }
    },
    "total_price": "2085450원",
    "CPU": "AMD 라이젠5-5세대 7500F (라파엘) (멀티팩(정품))",
    "Motherboard": "ASRock B650M PG Lightning 에즈윈",
    "Graphic Card": "inno3D 지포스 RTX 4070 Ti SUPER OC D6X 16GB X3",
    "Power Supply": "NEWZEN SKULL 750SM MODULAR ATX 3.0 80PLUS GOLD (PCIE5)",
    "CPU Cooler": "3RSYS Socoool RC1200 ARGB x 2 개",
    "cpu_score": 355,
    "gpu_score": 4,
    "performance_grade": "중성능",
    "cpu_benchmarkscore": 26926,
    "gpu_benchmarkscore": 31768
}