{
    "quote_number": "4119",
    "quote_title": "7500F + RTX 4060 ti(FHD 게이밍, 몬스타 가츠 X520LA 화이트)",
    "date_create": "2024.3.10",
    "cpu_gpu_combinations": "라이젠5 7500F + RTX 4060 Ti 조합",
    "quotation_summary": " 7500F + RTX 4060 ti(FHD 게이밍, 몬스타 가츠 X520LA 화이트)# 7500F + RTX 4060 ti(FHD 게이밍# 몬스타 가츠 X520LA 화이트)",
    "quote_person_introduction": "퀘이사존, 다나와, 쿨엔에서 활동 중인  잉여인간17호입니다.다양한 필테 경력과 컴덕질을 경험삼아 도움 드리고자 합니다.어떠한 스폰도 받지 않는 유저 입장에서 직접 사용해보고 테스트한 견적 위주로 견적드리겠습니다.",
    "quote_feedback": "7500F + RTX 4060 ti(FHD 게이밍, 몬스타 가츠 X520LA 화이트)",
    "computer_estimate_data": "[CPU]AMD 라이젠5-5세대 7500F (라파엘) (멀티팩(정품))상세보기[메인보드]ASUS EX B650M-V7 대원씨티에스상세보기[메모리]TeamGroup DDR5-5600 CL46 Elite (16GB) x 2 개상세보기[그래픽카드]이엠텍 지포스 RTX 4060 Ti MIRACLE WHITE D6 8GB상세보기[SSD]삼성전자 PM9A1 M2 NVMe 병행수입 (1TB)상세보기[케이스]몬스타 가츠 X520LA 화이트 (미들타워)상세보기[파워서플라이]마이크로닉스 Classic II 풀체인지 600W 80PLUS BRONZE 230V EU 화이트상세보기[CPU쿨러]DARKFLASH Ellsworth D21 ARGB (WHITE)상세보기[소프트웨어]Microsoft Windows 11 Home (처음사용자용 한글)상세보기[쿨러.튜닝.조명.액세서리]DARKFLASH 인피니티8 ARGB 3PACK (화이트)상세보기[쿨러.튜닝.조명.액세서리]케이엘시스템 KLcom M.2 2280 방열판 (SILVER)상세보기[쿨러.튜닝.조명.액세서리]LEADCOOL AH-6 ARGB AND PWM HUB상세보기[조립PC관련][견적왕] 조립 서비스 + 1년 출장 A/S상세보기",
    "quote_description": "CPU는 최고의 게이밍 가성비 CPU입니다메인보드는 ASUS의 가성비 B650 보드그래픽카드는 AS 1티어 업체, 믿고 쓰는 이엠텍의 RTX 4060 Ti  화이트 제품입니다.SSD는 삼성 980 프로 OEM 제품으로 가성비가 좋습니다.파워서플라이는 케이블은 물론 커넥터까지 화이트라 화이트 감성 내기도 좋고, 블랙에 비해 통풍구도 개선되서 쿨링면에서도 좀 더 괜찮습니다. 마닉 풀체인지 파워가 불량률도 적고 내구성을 위한 에프터 쿨링이나 정숙성을 위한 제로펜 기능 등으로 뛰어난 기능까지 있어 스테디 셀러인 파워입니다.소프트웨어는 인텔 12세대 이후로는 고성능 코어와 효율 코어로 나뉘면서 윈도우 11을 권장합니다.\n인텔의 경우 일부 게임에선 윈11이 성능이 더 잘나옵니다.",
    "parts_price": {
        "CPU": {
            "제품명": "AMD 라이젠5-5세대 7500F",
            "가격": "203,900원",
            "수량": "1"
        },
        "메인보드": {
            "제품명": "ASUS EX B650M-V7 대원씨티에스",
            "가격": "137,680원",
            "수량": "1"
        },
        "메모리": {
            "제품명": "TeamGroup DDR5-5600 CL46 Elite  16GB",
            "가격": "64,300원",
            "수량": "2"
        },
        "그래픽카드": {
            "제품명": "이엠텍 지포스 RTX 4060 Ti MIRACLE WHITE D6 8GB",
            "가격": "577,530원",
            "수량": "1"
        },
        "SSD": {
            "제품명": "삼성전자 PM9A1 M2 NVMe 병행수입 1TB",
            "가격": "105,520원",
            "수량": "1"
        },
        "케이스": {
            "제품명": "몬스타 가츠 X520LA 화이트",
            "가격": "61,940원",
            "수량": "1"
        },
        "파워서플라이": {
            "제품명": "마이크로닉스 Classic II 풀체인지 600W 80PLUS BRONZE 230V EU 화이트",
            "가격": "61,580원",
            "수량": "1"
        },
        "CPU쿨러": {
            "제품명": "DARKFLASH Ellsworth D21 ARGB",
            "가격": "47,300원",
            "수량": "1"
        },
        "소프트웨어": {
            "제품명": "Microsoft Windows 11 Home",
            "가격": "173,490원",
            "수량": "1"
        },
        "쿨러.튜닝.조명.액세서리": {
            "제품명": "LEADCOOL AH-6 ARGB AND PWM HUB",
            "가격": "12,500원",
            "수량": "1"
        }
    },
    "total_price": "1510040원",
    "CPU": "AMD 라이젠5-5세대 7500F (라파엘) (멀티팩(정품))",
    "Motherboard": "ASUS EX B650M-V7 대원씨티에스",
    "Graphic Card": "이엠텍 지포스 RTX 4060 Ti MIRACLE WHITE D6 8GB",
    "SSD": "삼성전자 PM9A1 M2 NVMe 병행수입 (1TB)",
    "Memory": "TeamGroup DDR5-5600 CL46 Elite (16GB) x 2 개",
    "Power Supply": "마이크로닉스 Classic II 풀체인지 600W 80PLUS BRONZE 230V EU 화이트",
    "CPU Cooler": "DARKFLASH Ellsworth D21 ARGB (WHITE)",
    "cpu_score": 355,
    "gpu_score": 32,
    "performance_grade": "중성능",
    "cpu_benchmarkscore": 26926,
    "gpu_benchmarkscore": 22891
}