{
    "quote_number": "4123",
    "quote_title": "5600 + RTX 4060 TI FHD 게이밍",
    "date_create": "2024.3.10",
    "cpu_gpu_combinations": "라이젠5 5600 + RTX 4060 Ti 조합",
    "quotation_summary": " 5600 + RTX 4060 TI FHD 게이밍# 5600 + RTX 4060 TI FHD 게이밍",
    "quote_person_introduction": "퀘이사존, 다나와, 쿨엔에서 활동 중인  잉여인간17호입니다.다양한 필테 경력과 컴덕질을 경험삼아 도움 드리고자 합니다.어떠한 스폰도 받지 않는 유저 입장에서 직접 사용해보고 테스트한 견적 위주로 견적드리겠습니다.",
    "quote_feedback": "5600 + RTX 4060 TI FHD 게이밍",
    "computer_estimate_data": "[조립PC관련][견적왕] 조립 서비스 + 1년 출장 A/S상세보기",
    "quote_description": "[CPU]AMD 라이젠5-4세대 5600 (버미어) (멀티팩(정품))상세보기[메모리]ESSENCORE KLEVV DDR4-3200 CL22 (16GB) x 2 개상세보기[그래픽카드]갤럭시 BOY 지포스 RTX 4060 Ti OC D6 8GB상세보기[메인보드]ASUS PRIME B550M-A 대원CTS상세보기[SSD]마이크론 Crucial T500 M.2 NVMe 대원씨티에스 (1TB)상세보기[케이스]몬스타 가츠 X520LA 리버스 블랙 (미들타워)상세보기[파워서플라이]쿨러마스터 MWE 600 BRONZE V2 230V상세보기[CPU쿨러]Thermalright Peerless Assassin 120 SE 서린상세보기[쿨러.튜닝.조명.액세서리]케이엘시스템 KLcom M.2 2280 방열판 (BLACK)상세보기CPU는 여전히 가성비 게이밍 CPU로 명성이 자자한 CPU입니다.메인보드는 5600과 가성비 좋게 구성하기 좋은 메인보드입니다.SSD는 PCIe4.0 최상급 성능의 SSD입니다.케이스는 측면 리버스 쿨링팬으로 감성까지 더한 몬스타 가츠의 가성비 좋은 어항형 케이스입니다. \n전면 TYPE-C 지원 등 편의성도 좋습니다.파워서플라이는 가성비 좋은 쿨러마스터의 브론즈 등급 제품으로 대양에서 유통해서 AS도 좋습니다.CPU쿨러는 대장급 공랭 중 뛰어난 정숙성과 성능을 겸비한 쿨러입니다.",
    "parts_price": {},
    "total_price": "0원",
    "cpu_score": null,
    "gpu_score": null,
    "performance_grade": "정보 없음",
    "cpu_benchmarkscore": null,
    "gpu_benchmarkscore": null
}