{
    "quote_number": "4154",
    "quote_title": "AMD 라이젠7-5세대 7800X3D + RTX 4080 SUPER",
    "date_create": "2024.3.11",
    "cpu_gpu_combinations": "라이젠7 7800X3D + RTX 4080 SUPER 조합",
    "quotation_summary": " AMD 라이젠7-5세대 7800X3D + RTX 4080 SUPER# 게임용",
    "quote_person_introduction": "안녕하세요! 인벤에서 주로 활동하고 있는 Skywalkers입니다.가성비와 성능비 그리고 감성비까지 모두 고려해서 가장 합리적인 구성을 찾을 수 있도록 추천을 드리겠습니다.",
    "quote_feedback": "1. 메모리는 화이트 컨셉 구성인데 화이트 방열판에 RGB LED가 적용되어 있는 ESSENCORE KLEVV DDR5-6000 CL32 CRAS XR5 RGB 패키지 서린 (32GB(16Gx2))로 변경2. 그래픽카드는 1티어 AS 중에서도 최상위면서 가격적인 메리트도 높은 편인 이엠텍 지포스 RTX 4080 SUPER MIRACLE WHITE D6X 16GB로 변경3. SSD는 최근에 출시된 젠4 규격의 끝판왕급 제품이라고 할 수 있는 마이크론 Crucial T500 M.2 NVMe 아스크텍 (1TB)로 변경4. 파워는 ATX3.0과 PCIE5 규격을 동시에 지원하는 가성비 좋은 NEWZEN SKULL 850SM MODULAR ATX 3.0 80PLUS GOLD WHITE (PCIE5)로 변경5. 7800X3D는 전성비가 높은 제품이라 온도가 낮은 편이어서 공랭쿨러와 수냉쿨러의 성능 차이가 거의 없습니다. 대부분 공랭쿨러를 우선순위로 구성하는 이유죠. 수냉쿨러로 구성하게 되면 십만원 짜리든 사십만원 짜리든 동일한 온도를 보여주는 변별력이 1도 없을 정도로 낮은 온도를 보여주게 됩니다.대장급 성능의 3열 수냉쿨러 화이트 색상 제품으로 튜닝에 최적화되어 있는 Thermalright AQUA ELITE 360 ARGB V3 서린 (WHITE)으로 변경6. 구성한  Antec C8 MESH White (빅타워)는 시스템 팬이 모두 옵션으로 되어 있습니다. 측면 3개와 하단 3개는 디자인을 해치지 않는 리버스 팬으로 6개 장착하고 후면에는 정방향 화이트 팬으로 장착할 수 있도록 현 시점 시스템 쿨러 끝판왕 제품인 3RSYS Silence GI 120 데이지체인 리버스로 추가했습니다.참고해서 합리적인 구매하시기 바랍니다.",
    "computer_estimate_data": "[CPU]AMD 라이젠7-5세대 7800X3D (라파엘) (정품)상세보기[메인보드]GIGABYTE B650M AORUS ELITE AX ICE 피씨디렉트상세보기[메모리]ESSENCORE KLEVV DDR5-6000 CL32 CRAS XR5 RGB 패키지 서린 (32GB(16Gx2))상세보기[그래픽카드]이엠텍 지포스 RTX 4080 SUPER MIRACLE WHITE D6X 16GB상세보기[SSD]마이크론 Crucial T500 M.2 NVMe 아스크텍 (1TB)상세보기[케이스]Antec C8 MESH White (빅타워)상세보기[파워서플라이]NEWZEN SKULL 850SM MODULAR ATX 3.0 80PLUS GOLD WHITE (PCIE5)상세보기[CPU쿨러]Thermalright AQUA ELITE 360 ARGB V3 서린 (WHITE)상세보기[쿨러.튜닝.조명.액세서리]3RSYS Silence GI 120 데이지체인 리버스 3PACK (WHITE) x 2 개상세보기[쿨러.튜닝.조명.액세서리]3RSYS Silence GI 120 ARGB (WHITE)상세보기[조립PC관련][견적왕] 조립 서비스 + 1년 출장 A/S상세보기",
    "quote_description": "[조립PC관련]수랭 쿨러 조립 추가 비용상세보기",
    "parts_price": {
        "CPU": {
            "제품명": "AMD 라이젠7-5세대 7800X3D",
            "가격": "518,680원",
            "수량": "1"
        },
        "메인보드": {
            "제품명": "GIGABYTE B650M AORUS ELITE AX ICE 피씨디렉트",
            "가격": "256,640원",
            "수량": "1"
        },
        "메모리": {
            "제품명": "ESSENCORE KLEVV DDR5-6000 CL32 CRAS XR5 RGB 패키지 서린) 32GB",
            "가격": "178,000원",
            "수량": "1"
        },
        "그래픽카드": {
            "제품명": "이엠텍 지포스 RTX 4080 SUPER MIRACLE WHITE D6X 16GB",
            "가격": "1,585,850원",
            "수량": "1"
        },
        "SSD": {
            "제품명": "마이크론 Crucial T500 M.2 NVMe 아스크텍 1TB",
            "가격": "129,690원",
            "수량": "1"
        },
        "케이스": {
            "제품명": "Antec C8 MESH White",
            "가격": "126,000원",
            "수량": "1"
        },
        "파워서플라이": {
            "제품명": "NEWZEN SKULL 850SM MODULAR ATX 3.0 80PLUS GOLD WHITE",
            "가격": "139,350원",
            "수량": "1"
        },
        "CPU쿨러": {
            "제품명": "Thermalright AQUA ELITE 360 ARGB V3 서린",
            "가격": "94,910원",
            "수량": "1"
        },
        "쿨러.튜닝.조명.액세서리": {
            "제품명": "3RSYS Silence GI 120 ARGB",
            "가격": "14,400원",
            "수량": "1"
        }
    },
    "total_price": "3043520원",
    "CPU": "AMD 라이젠7-5세대 7800X3D (라파엘) (정품)",
    "Motherboard": "GIGABYTE B650M AORUS ELITE AX ICE 피씨디렉트",
    "Graphic Card": "이엠텍 지포스 RTX 4080 SUPER MIRACLE WHITE D6X 16GB",
    "SSD": "마이크론 Crucial T500 M.2 NVMe 아스크텍 (1TB)",
    "Memory": "ESSENCORE KLEVV DDR5-6000 CL32 CRAS XR5 RGB 패키지 서린 (32GB(16Gx2))",
    "Power Supply": "NEWZEN SKULL 850SM MODULAR ATX 3.0 80PLUS GOLD WHITE (PCIE5)",
    "CPU Cooler": "Thermalright AQUA ELITE 360 ARGB V3 서린 (WHITE)",
    "cpu_score": 225,
    "gpu_score": 1,
    "performance_grade": "고성능",
    "cpu_benchmarkscore": 34357,
    "gpu_benchmarkscore": 34625
}