{
    "quote_number": "4181",
    "quote_title": "[라이젠] 화이트 PC 7500F+4060",
    "date_create": "2024.3.26",
    "cpu_gpu_combinations": "라이젠5 7500F + RTX 4060 조합",
    "quotation_summary": " 가성비PC,PC방,FHD,풀옵션,게이밍,7500F,RTX 4060# 가성비PC# PC방# FHD# 풀옵션# 게이밍# 7500F# RTX 4060",
    "quote_person_introduction": "안녕하세요! 견적왕 견적맨 Mr.홍금보 입니다.퀘이사존 다년간 좋은 인지도로 굳게 자리 잡았으며,저렴하다고 제품이 다 좋거나 가성비가 좋은건 아닙니다!합리적인 구매를 하실 수 있게 검증된 제품으로만 판매를 하고 구성을 하고 있으며,기본적으로 A/S가 좋지 않은 곳은 걸러서 구성하고 있습니다.믿고 맡겨주신다면, 그에 부응하도록 최선을 다할것을 굳게 약속 드리겠습니다!",
    "quote_feedback": "가성비PC,PC방,FHD,풀옵션,게이밍,7500F,RTX 4060",
    "computer_estimate_data": "[CPU]AMD 라이젠5-5세대 7500F (라파엘) (멀티팩(정품))상세보기[메인보드]ASRock A620M-HDV/M.2+ 대원씨티에스상세보기[메모리]TeamGroup T-Force DDR5-6000 CL38 Delta RGB 화이트 패키지 아인스 (32GB(16Gx2))상세보기[그래픽카드]갤럭시 GALAX 지포스 RTX 4060 EX WHITE OC D6 8GB상세보기[SSD]마이크론 Crucial T500 M.2 NVMe 대원씨티에스 (1TB)상세보기[케이스]3RSYS R240 화이트 (미들타워)상세보기[파워서플라이]시소닉 A12 Standard 230V EU SSR-600RA LLC상세보기[CPU쿨러]DARKFLASH Ellsworth S21 ARGB (화이트)상세보기[쿨러.튜닝.조명.액세서리]장우컴퍼니 JW-HTKM01 화이트 데스크탑용 메모리 램카드 방열판 x 2 개상세보기[쿨러.튜닝.조명.액세서리]장우컴퍼니 JW-HTK11 M.2 방열판 (Silver)상세보기[조립PC관련][견적왕] 조립 서비스 + 1년 출장 A/S상세보기",
    "quote_description": "CPU는 7600과 동급 수준의 가성비 CPU!메인보드는 가성비 좋은 A620 라인업 보드!SSD는 가성비 PCIe 4.0 SSD!",
    "parts_price": {
        "CPU": {
            "제품명": "AMD 라이젠5-5세대 7500F",
            "가격": "203,900원",
            "수량": "1"
        },
        "메인보드": {
            "제품명": "ASRock A620M-HDV/M.2+ 대원씨티에스",
            "가격": "103,960원",
            "수량": "1"
        },
        "메모리": {
            "제품명": "TeamGroup T-Force DDR5-6000 CL38 Delta RGB 화이트 패키지 아인스) 32GB",
            "가격": "340,000원",
            "수량": "1"
        },
        "그래픽카드": {
            "제품명": "갤럭시 GALAX 지포스 RTX 4060 EX WHITE OC D6 8GB",
            "가격": "495,950원",
            "수량": "1"
        },
        "SSD": {
            "제품명": "마이크론 Crucial T500 M.2 NVMe 대원씨티에스 1TB",
            "가격": "129,070원",
            "수량": "1"
        },
        "케이스": {
            "제품명": "3RSYS R240 화이트",
            "가격": "40,000원",
            "수량": "1"
        },
        "파워서플라이": {
            "제품명": "시소닉 A12 Standard 230V EU SSR-600RA LLC",
            "가격": "75,000원",
            "수량": "1"
        },
        "CPU쿨러": {
            "제품명": "DARKFLASH Ellsworth S21 ARGB",
            "가격": "26,900원",
            "수량": "1"
        },
        "쿨러.튜닝.조명.액세서리": {
            "제품명": "장우컴퍼니 JW-HTK11 M.2 방열판",
            "가격": "4,930원",
            "수량": "1"
        }
    },
    "total_price": "1419710원",
    "CPU": "AMD 라이젠5-5세대 7500F (라파엘) (멀티팩(정품))",
    "Motherboard": "ASRock A620M-HDV/M.2+ 대원씨티에스",
    "Graphic Card": "갤럭시 GALAX 지포스 RTX 4060 EX WHITE OC D6 8GB",
    "SSD": "마이크론 Crucial T500 M.2 NVMe 대원씨티에스 (1TB)",
    "Memory": "TeamGroup T-Force DDR5-6000 CL38 Delta RGB 화이트 패키지 아인스 (32GB(16Gx2))",
    "Power Supply": "시소닉 A12 Standard 230V EU SSR-600RA LLC",
    "CPU Cooler": "DARKFLASH Ellsworth S21 ARGB (화이트)",
    "cpu_score": 355,
    "gpu_score": 32,
    "performance_grade": "중성능",
    "cpu_benchmarkscore": 26926,
    "gpu_benchmarkscore": 22891
}