{
    "quote_number": "4206",
    "quote_title": "14600K + RTX 4060",
    "date_create": "2024.3.12",
    "cpu_gpu_combinations": "코어i5-14600K + RTX 4060 조합",
    "quotation_summary": " 14600K + RTX 4060# 14600K + RTX 4060",
    "quote_person_introduction": "퀘이사존, 다나와, 쿨엔에서 활동 중인  잉여인간17호입니다.다양한 필테 경력과 컴덕질을 경험삼아 도움 드리고자 합니다.어떠한 스폰도 받지 않는 유저 입장에서 직접 사용해보고 테스트한 견적 위주로 견적드리겠습니다.",
    "quote_feedback": "14600K + RTX 4060",
    "computer_estimate_data": "[CPU]코어i5-14세대 14600K (랩터레이크)(벌크)상세보기[메인보드]MSI MAG B760M 박격포 맥스 WIFI상세보기[그래픽카드]이엠텍 지포스 RTX 4060 STORM X Dual OC D6 8GB상세보기[케이스]1stPlayer T7-P 블랙 (미들타워)상세보기[파워서플라이]쿨러마스터 MWE 600 BRONZE V2 230V상세보기[CPU쿨러]PentaWave S06D LE ARGB상세보기[이벤트특가][SSD + RAM] 마이크론 Crucial T500 1TB + Crucial DDR5-5600 (32GB(16Gx2)) 패키지 대원씨티에스상세보기[조립PC관련][견적왕] 조립 서비스 + 1년 출장 A/S상세보기",
    "quote_description": "메인보드는 14페이즈 900A(75A)의 뛰어난 전원부입니다.그래픽카드는 AS 1티어 업체인 이엠텍 제품은 말이 필요없습니다.케이스는 케이스는 시소닉 유통사 맥스엘리트에서 나온 1stPlayer T7-P 블랙 제품이 가격대비 호환성도 좋고, 정숙성이 뛰어난 하이드로 베어링이 탑재된 쿨링팬이 기본 6개에 가성비가 뛰어납니다.파워서플라이는 가성비 좋은 쿨러마스터의 브론즈 등급 제품으로 대양에서 유통해서 AS도 좋습니다.",
    "parts_price": {
        "CPU": {
            "제품명": "코어i5-14세대 14600K",
            "가격": "433,190원",
            "수량": "1"
        },
        "메인보드": {
            "제품명": "MSI MAG B760M 박격포 맥스 WIFI",
            "가격": "212,810원",
            "수량": "1"
        },
        "그래픽카드": {
            "제품명": "이엠텍 지포스 RTX 4060 STORM X Dual OC D6 8GB",
            "가격": "412,000원",
            "수량": "1"
        },
        "케이스": {
            "제품명": "1stPlayer T7-P 블랙",
            "가격": "37,920원",
            "수량": "1"
        },
        "파워서플라이": {
            "제품명": "쿨러마스터 MWE 600 BRONZE V2 230V",
            "가격": "71,400원",
            "수량": "1"
        },
        "CPU쿨러": {
            "제품명": "PentaWave S06D LE ARGB",
            "가격": "35,060원",
            "수량": "1"
        },
        "SSD + RAM": {
            "제품명": "마이크론 Crucial T500 1TB + Crucial DDR5-5600 패키지 대원씨티에스 1TB",
            "가격": "129,070원",
            "수량": "1"
        }
    },
    "total_price": "1331450원",
    "CPU": "코어i5-14세대 14600K (랩터레이크)(벌크)",
    "Motherboard": "MSI MAG B760M 박격포 맥스 WIFI",
    "Graphic Card": "이엠텍 지포스 RTX 4060 STORM X Dual OC D6 8GB",
    "Power Supply": "쿨러마스터 MWE 600 BRONZE V2 230V",
    "CPU Cooler": "PentaWave S06D LE ARGB",
    "cpu_score": 181,
    "gpu_score": 32,
    "performance_grade": "고성능",
    "cpu_benchmarkscore": 39510,
    "gpu_benchmarkscore": 22891
}