{
    "quote_number": "4247",
    "quote_title": "14600KF + RTX 4060 TI (DARKFLASH DS900 ARGB 강화유리 블랙)",
    "date_create": "2024.3.13",
    "cpu_gpu_combinations": "코어i5-14600KF + RTX 4060 Ti 조합",
    "quotation_summary": " a14600KF + RTX 4060 TI (DARKFLASH DS900 ARGB 강화유리 블랙)# 14600KF + RTX 4060 TI (DARKFLASH DS900 ARGB 강화유리 블랙)",
    "quote_person_introduction": "퀘이사존, 다나와, 쿨엔에서 활동 중인  잉여인간17호입니다.다양한 필테 경력과 컴덕질을 경험삼아 도움 드리고자 합니다.어떠한 스폰도 받지 않는 유저 입장에서 직접 사용해보고 테스트한 견적 위주로 견적드리겠습니다.",
    "quote_feedback": "14600KF + RTX 4060 TI (DARKFLASH DS900 ARGB 강화유리 블랙)",
    "computer_estimate_data": "[CPU]코어i5-14세대 14600KF (랩터레이크)(벌크)상세보기[메인보드]MSI MAG B760M 박격포 II상세보기[메모리]TeamGroup DDR5-5600 CL46 Elite 패키지 (32GB(16Gx2))상세보기[그래픽카드]ZOTAC GAMING 지포스 RTX 4060 Ti TWIN Edge D6 8GB상세보기[SSD]마이크론 Crucial T500 M.2 NVMe 대원씨티에스 (1TB) x 2 개상세보기[케이스]DARKFLASH DS900 ARGB 강화유리 블랙 (미들타워)상세보기[파워서플라이]마이크로닉스 COOLMAX FOCUS II 700W ETA BRONZE PCIE5상세보기[CPU쿨러]DARKFLASH NEBULA DN-360 ARGB (블랙)상세보기[조립PC관련][견적왕] 조립 서비스 + 1년 출장 A/S상세보기",
    "quote_description": "[조립PC관련]수랭 쿨러 조립 추가 비용상세보기메모리는 팀그룹의 DDR5 5600 패키지로 호환성이나 가성비가 좋은 제품입니다.그래픽카드는 AS 3대장 조택의 가성비 그래픽카드입니다. 가격대만 3060 ti 근처로 조금 더 떨어지면 메리트 높을 거 같습니다.SSD는 PCIe4.0 최상급 성능의 SSD입니다.파워서플라이는 브론즈 효율에 PCIE5 규격으로 가격대도 저렴한 가성비 좋은 마이크로닉스 파워입니다.CPU쿨러는 10이하에서 상급 성능에 소음도 검증된 갓성비 쿨러입니다.",
    "parts_price": {
        "CPU": {
            "제품명": "코어i5-14세대 14600KF",
            "가격": "400,040원",
            "수량": "1"
        },
        "메인보드": {
            "제품명": "MSI MAG B760M 박격포 II",
            "가격": "212,810원",
            "수량": "1"
        },
        "메모리": {
            "제품명": "TeamGroup DDR5-5600 CL46 Elite 패키지) 32GB",
            "가격": "125,890원",
            "수량": "1"
        },
        "그래픽카드": {
            "제품명": "ZOTAC GAMING 지포스 RTX 4060 Ti TWIN Edge D6 8GB",
            "가격": "531,230원",
            "수량": "1"
        },
        "SSD": {
            "제품명": "마이크론 Crucial T500 M.2 NVMe 대원씨티에스 x 2 개 1TB",
            "가격": "227,220원",
            "수량": "2"
        },
        "케이스": {
            "제품명": "DARKFLASH DS900 ARGB 강화유리 블랙",
            "가격": "52,750원",
            "수량": "1"
        },
        "파워서플라이": {
            "제품명": "마이크로닉스 COOLMAX FOCUS II 700W ETA BRONZE PCIE5",
            "가격": "66,680원",
            "수량": "1"
        },
        "CPU쿨러": {
            "제품명": "DARKFLASH NEBULA DN-360 ARGB",
            "가격": "81,340원",
            "수량": "1"
        }
    },
    "total_price": "1925180원",
    "CPU": "코어i5-14세대 14600KF (랩터레이크)(벌크)",
    "Motherboard": "MSI MAG B760M 박격포 II",
    "Graphic Card": "ZOTAC GAMING 지포스 RTX 4060 Ti TWIN Edge D6 8GB",
    "SSD": "마이크론 Crucial T500 M.2 NVMe 대원씨티에스 (1TB) x 2 개",
    "Memory": "TeamGroup DDR5-5600 CL46 Elite 패키지 (32GB(16Gx2))",
    "Power Supply": "마이크로닉스 COOLMAX FOCUS II 700W ETA BRONZE PCIE5",
    "CPU Cooler": "DARKFLASH NEBULA DN-360 ARGB (블랙)",
    "cpu_score": 181,
    "gpu_score": 32,
    "performance_grade": "고성능",
    "cpu_benchmarkscore": 39510,
    "gpu_benchmarkscore": 22891
}