{
    "quote_number": "4271",
    "quote_title": "인텔 코어i5-14세대 14500 + 지포스 RTX 4070",
    "date_create": "2024.3.14",
    "cpu_gpu_combinations": "코어i5-14500 + RTX 4070 조합",
    "quotation_summary": " 인텔 코어i5-14세대 14500 + 지포스 RTX 4070# 사무",
    "quote_person_introduction": "안녕하세요! 인벤에서 주로 활동하고 있는 Skywalkers입니다.가성비와 성능비 그리고 감성비까지 모두 고려해서 가장 합리적인 구성을 찾을 수 있도록 추천을 드리겠습니다.",
    "quote_feedback": "1. CPU는 14세대까지 출시가 끝난 상황이라 13세대보다는 14세대로 구성하는 것을 추천드립니다.13400보다 E코어 4개가 더 추가되어서 14코어 20스레드로 구성된 14500으로 변경2. 메인보드는 드라이버 모스펫 전원부와 풀 히트싱크가 적용되어 있는 ASRock B760M PG LIGHTNING D5 대원씨티에스로 구성3. 메모리는 라이프타임 워런티로 압도적인 AS기간을 제공하는 팀그룹 5600MHz 고클럭 규격램 16기가 2개 32기가로 구성4. 그래픽카드는 1티어 AS 에 가격적인 메리트도 높은 갤럭시 GALAX 지포스 RTX 4070 2X D6X 12GB로 구성5. SSD는 젠4 제품 중 넘사벽 갓성비의 삼성전자 980PRO OEM버전인 삼성전자 PM9A1 M2 NVMe 병행수입 (1TB)으로 구성6. 케이스는 식스팬 기본 장착에 메인보드 CPU 장착 후면부에 120mm 팬을 추가 장착하여 CPU의 온도를 효과적으로 낮출 수 있도록 설계되어 최고 수준의 쿨링 효율을 보여주는 세븐 팬 제품인 잘만 N7 PLUS Black (미들타워)로 구성LED OFF도 가능하고 동시에 팬 속도 조절도 되는 장점이 아주 많은 제품입니다.7. 파워는 정격 800W 골드인증 제품인 쿨러마스터 G800 GOLD로 구성해서 안정성과 가성비를 모두 챙겼습니다.8. CPU쿨러는 대장급 성능의 듀얼타워 공랭쿨러 중에서는 압도적인 가성비를 제공하는 3RSYS Socoool RC1200 ARGB로 구성9. 모니터는 원하시는 LG 27인치 IPS 패널 QHD 해상도 제품인 LG전자 27QN600 x 2개로 구성참고해서 합리적인 구매하시기 바랍니다.",
    "computer_estimate_data": "[CPU]인텔 코어i5-14세대 14500 (랩터레이크 리프레시) (정품)상세보기[메인보드]ASRock B760M PG LIGHTNING D5 대원씨티에스상세보기[메모리]TeamGroup DDR5-5600 CL46 Elite (16GB) x 2 개상세보기[그래픽카드]갤럭시 GALAX 지포스 RTX 4070 2X D6X 12GB상세보기[SSD]삼성전자 PM9A1 M2 NVMe 병행수입 (1TB)상세보기[케이스]잘만 N7 PLUS Black (미들타워)상세보기[파워서플라이]쿨러마스터 G800 GOLD상세보기[CPU쿨러]3RSYS Socoool RC1200 ARGB상세보기[소프트웨어]Microsoft Windows 11 Home (처음사용자용 한글)상세보기[모니터]LG전자 27QN600 x 2 개상세보기[조립PC관련][견적왕] 조립 서비스 + 1년 출장 A/S상세보기",
    "quote_description": "파워서플라이는 안정성과 가성비를 겸비한 골드인증 800W 파워",
    "parts_price": {
        "CPU": {
            "제품명": "인텔 코어i5-14세대 14500",
            "가격": "331,670원",
            "수량": "1"
        },
        "메인보드": {
            "제품명": "ASRock B760M PG LIGHTNING D5 대원씨티에스",
            "가격": "170,000원",
            "수량": "1"
        },
        "메모리": {
            "제품명": "TeamGroup DDR5-5600 CL46 Elite  16GB",
            "가격": "64,300원",
            "수량": "2"
        },
        "그래픽카드": {
            "제품명": "갤럭시 GALAX 지포스 RTX 4070 2X D6X 12GB",
            "가격": "993,980원",
            "수량": "1"
        },
        "SSD": {
            "제품명": "삼성전자 PM9A1 M2 NVMe 병행수입 1TB",
            "가격": "105,520원",
            "수량": "1"
        },
        "케이스": {
            "제품명": "잘만 N7 PLUS Black",
            "가격": "39,990원",
            "수량": "1"
        },
        "파워서플라이": {
            "제품명": "쿨러마스터 G800 GOLD",
            "가격": "90,000원",
            "수량": "1"
        },
        "CPU쿨러": {
            "제품명": "3RSYS Socoool RC1200 ARGB",
            "가격": "34,420원",
            "수량": "1"
        },
        "소프트웨어": {
            "제품명": "Microsoft Windows 11 Home",
            "가격": "173,490원",
            "수량": "1"
        },
        "모니터": {
            "제품명": "LG전자 27QN600 x 2 개",
            "가격": "291,980원",
            "수량": "2"
        }
    },
    "total_price": "2651630원",
    "CPU": "인텔 코어i5-14세대 14500 (랩터레이크 리프레시) (정품)",
    "Motherboard": "ASRock B760M PG LIGHTNING D5 대원씨티에스",
    "Graphic Card": "갤럭시 GALAX 지포스 RTX 4070 2X D6X 12GB",
    "SSD": "삼성전자 PM9A1 M2 NVMe 병행수입 (1TB)",
    "Memory": "TeamGroup DDR5-5600 CL46 Elite (16GB) x 2 개",
    "Power Supply": "쿨러마스터 G800 GOLD",
    "CPU Cooler": "3RSYS Socoool RC1200 ARGB",
    "cpu_score": 247,
    "gpu_score": 4,
    "performance_grade": "중성능",
    "cpu_benchmarkscore": 32733,
    "gpu_benchmarkscore": 31768
}