{
    "quote_number": "4314",
    "quote_title": "AMD 라이젠7-5세대 7800X3D + 지포스 RTX 4070 SUPER",
    "date_create": "2024.3.15",
    "cpu_gpu_combinations": "라이젠7 7800X3D + RTX 4070 SUPER 조합",
    "quotation_summary": " AMD 라이젠7-5세대 7800X3D + 지포스 RTX 4070 SUPER# 게임",
    "quote_person_introduction": "안녕하세요! 인벤에서 주로 활동하고 있는 Skywalkers입니다.가성비와 성능비 그리고 감성비까지 모두 고려해서 가장 합리적인 구성을 찾을 수 있도록 추천을 드리겠습니다.",
    "quote_feedback": "1. 구성하신 메인보드는 그래픽카드를 2번 슬롯부터 장착하는 레이아웃이 적용되어 있어서 두께가 조금있는 그래픽카드 장착시 케이스 케이블과 간섭이 생길 수도 있어서 웬만하면 1번 슬롯부터 장착하는 레이아웃 제품으로 구성하는 것을 추천드립니다.드라이버 모스펫 전원부와 풀 히트싱크 그리고 와이파이&블루투스 모듈이 적용되어 있는 ASRock B650M Pro RS + WiFi6E 모듈 패키지 디앤디컴으로 변경2. 그래픽카드는 1티어 AS 중에서도 최상위면서 가격적인 메리트도 높은 이엠텍 지포스 RTX 4070 SUPER STORM X Dual OC D6X 12GB로 변경고가의 그래픽카드인데 AS도 고려를 해야 합니다.3. 케이스는 P30과 동일한 디자인에 더 저렴하면서 성능은 더 좋은 시스템 팬이 적용되어 있는 3RSYS S315 Quiet 리버스 블랙 (미니타워)로 변경많이 추천하는 DAVEN AQUARIUM 블랙 (미들타워)는 C타입 포트 미적용에 USB 포트도 2개만 제공하고 강판도 얇은 편이라 원가 절감한 티가 많이 납니다.4. CPU쿨러는 대장급 성능의 3열 수냉쿨러 중에서는 압도적인 가성비를 제공하는 DARKFLASH NEBULA DN-360 ARGB (블랙)으로 변경참고해서 합리적인 구매하시기 바랍니다.",
    "computer_estimate_data": "[CPU]AMD 라이젠7-5세대 7800X3D (라파엘) (정품)상세보기[메인보드]ASRock B650M Pro RS + WiFi6E 모듈 패키지 디앤디컴상세보기[메모리]TeamGroup DDR5-5600 CL46 Elite (16GB) x 2 개상세보기[그래픽카드]이엠텍 지포스 RTX 4070 SUPER STORM X Dual OC D6X 12GB상세보기[SSD]마이크론 Crucial T500 M.2 NVMe 대원씨티에스 (1TB)상세보기[케이스]3RSYS S315 Quiet 리버스 블랙 (미니타워)상세보기[파워서플라이]NEWZEN SKULL 750SM MODULAR ATX 3.0 80PLUS GOLD (PCIE5)상세보기[CPU쿨러]DARKFLASH NEBULA DN-360 ARGB (블랙)상세보기[조립PC관련][견적왕] 조립 서비스 + 1년 출장 A/S상세보기",
    "quote_description": "[조립PC관련]수랭 쿨러 조립 추가 비용상세보기메인보드는 가성비 좋은 화이트 B650M WiFi 킷 메인보드SSD는 PCI-E 4.0 새롭게 떠오르는 가성비 SSDCPU쿨러는 CPU쿨러는 대장급 성능의 3열 수냉쿨러 중에서는 압도적인 가성비를 제공하는 DARKFLASH NEBULA DN-360 ARGB (블랙)",
    "parts_price": {
        "CPU": {
            "제품명": "AMD 라이젠7-5세대 7800X3D",
            "가격": "518,680원",
            "수량": "1"
        },
        "메인보드": {
            "제품명": "ASRock B650M Pro RS + WiFi6E 모듈 패키지 디앤디컴",
            "가격": "209,510원",
            "수량": "1"
        },
        "메모리": {
            "제품명": "TeamGroup DDR5-5600 CL46 Elite  16GB",
            "가격": "64,300원",
            "수량": "2"
        },
        "그래픽카드": {
            "제품명": "이엠텍 지포스 RTX 4070 SUPER STORM X Dual OC D6X 12GB",
            "가격": "830,320원",
            "수량": "1"
        },
        "SSD": {
            "제품명": "마이크론 Crucial T500 M.2 NVMe 대원씨티에스 1TB",
            "가격": "129,070원",
            "수량": "1"
        },
        "케이스": {
            "제품명": "3RSYS S315 Quiet 리버스 블랙",
            "가격": "74,250원",
            "수량": "1"
        },
        "파워서플라이": {
            "제품명": "NEWZEN SKULL 750SM MODULAR ATX 3.0 80PLUS GOLD",
            "가격": "124,830원",
            "수량": "1"
        },
        "CPU쿨러": {
            "제품명": "DARKFLASH NEBULA DN-360 ARGB",
            "가격": "81,340원",
            "수량": "1"
        }
    },
    "total_price": "2096600원",
    "CPU": "AMD 라이젠7-5세대 7800X3D (라파엘) (정품)",
    "Motherboard": "ASRock B650M Pro RS + WiFi6E 모듈 패키지 디앤디컴",
    "Graphic Card": "이엠텍 지포스 RTX 4070 SUPER STORM X Dual OC D6X 12GB",
    "SSD": "마이크론 Crucial T500 M.2 NVMe 대원씨티에스 (1TB)",
    "Memory": "TeamGroup DDR5-5600 CL46 Elite (16GB) x 2 개",
    "Power Supply": "NEWZEN SKULL 750SM MODULAR ATX 3.0 80PLUS GOLD (PCIE5)",
    "CPU Cooler": "DARKFLASH NEBULA DN-360 ARGB (블랙)",
    "cpu_score": 225,
    "gpu_score": 4,
    "performance_grade": "고성능",
    "cpu_benchmarkscore": 34357,
    "gpu_benchmarkscore": 31768
}