{
    "quote_number": "4363",
    "quote_title": "AMD 라이젠5-5세대 7500F + 라데온 RX 7800 XT",
    "date_create": "2024.3.17",
    "cpu_gpu_combinations": "라이젠5 7500F + RX 7800 XT 조합",
    "quotation_summary": " AMD 라이젠5-5세대 7500F + 라데온 RX 7800 XT# 게임용",
    "quote_person_introduction": "안녕하세요! 인벤에서 주로 활동하고 있는 Skywalkers입니다.가성비와 성능비 그리고 감성비까지 모두 고려해서 가장 합리적인 구성을 찾을 수 있도록 추천을 드리겠습니다.",
    "quote_feedback": "1. 13400F는 게임용도로는 추천을 하기가 어렵습니다. 10% 이상 성능이 더 좋으면서 시스템 구성 금액은 더 저렴해서 게임 가성비가 가장 좋은 7500F로 추천드리구요.2. 메인보드는 구성한 제품과 동일한 라인의 AM5 소켓 제품인 ASRock B650M PG Lightning 에즈윈으로 변경3. 메모리는 라이프타임 워런티로 압도적인 AS기간을 제공하는 팀그룹 5600MHz 고클럭 규격램 16기가 2개 32기가로 변경4. 그래픽카드의 경우 7800 XT는 온도가 조금 높은 편입니다. 듀얼 팬 제품보다는 트리플 팬이 적용된 제품으로 추천을 드리며 현재 가격적인 메리트가 가장 높은 트리플 팬 제품인 PowerColor 라데온 RX 7800 XT Hellhound D6 16GB 대원씨티에스로 변경5. SSD는 젠4 제품 중 넘사벽 갓성비의 삼성전자 980PRO OEM버전인 삼성전자 PM9A1 M2 NVMe 병행수입 (1TB)으로 변경했고, 저렴한 방열판도 하나 추가했습니다.6. 보라색 케이스는 예전에 COX D200 강화유리 라벤더 (미들타워)라고 한 제품이 유통이 되고 있었지만 지금은 품절이라 구매가 불가능합니다. 최근 가장 핫한 어항케이스로 구성하고 내부의 모든 팬을 보라색으로 깔맞춤하면 보라감성을 느낄 수 있습니다.케이스는 압도적인 비주얼과 가성비를 제공하는 몬스타 가츠 X520LA 리버스 블랙 (미들타워)로 변경했고 5V ARGB 시스템 팬이라 색상 설정이 됩니다.7. 파워는 6년 무상AS에 무려 9종에 달하는 보호회로를 적용하여 안정성에 몰빵을 하고서도 가격은 아주 착한 수준으로 출시가 되었고 현재 출시 이벤트로 가격을 더 인하해서 판매 중이라 갓성비 중에서도 갓성비라고 할 수 있는 몬스타 가츠 ExtremeX FX800 80PLUS STANDARD로 변경8. CPU쿨러는 듀얼 타워 공랭쿨러로 구성해서 튜닝효과를 더 높여봤습니다. 2개의 팬을 시스템 팬과 동기화해서 보라색상으로 맞춰주면 됩니다.참고해서 합리적인 구매하시기 바랍니다.",
    "computer_estimate_data": "[CPU]AMD 라이젠5-5세대 7500F (라파엘) (멀티팩(정품))상세보기[메인보드]ASRock B650M PG Lightning 에즈윈상세보기[메모리]TeamGroup DDR5-5600 CL46 Elite (16GB) x 2 개상세보기[그래픽카드]PowerColor 라데온 RX 7800 XT Hellhound D6 16GB 대원씨티에스상세보기[SSD]삼성전자 PM9A1 M2 NVMe 병행수입 (1TB)상세보기[케이스]몬스타 가츠 X520LA 리버스 블랙 (미들타워)상세보기[파워서플라이]몬스타 가츠 ExtremeX FX800 80PLUS STANDARD상세보기[CPU쿨러]3RSYS Socoool RC1200 ARGB상세보기[쿨러.튜닝.조명.액세서리]케이엘시스템 KLcom M.2 2280 방열판 (BLACK)상세보기[조립PC관련][견적왕] 조립 서비스 + 1년 출장 A/S상세보기",
    "quote_description": "쿨러.튜닝.조명.액세서리는 높은 NVMe SSD의 온도를 제어해 줄 가성비 좋은 SSD 방열판",
    "parts_price": {
        "CPU": {
            "제품명": "AMD 라이젠5-5세대 7500F",
            "가격": "203,900원",
            "수량": "1"
        },
        "메인보드": {
            "제품명": "ASRock B650M PG Lightning 에즈윈",
            "가격": "156,010원",
            "수량": "1"
        },
        "메모리": {
            "제품명": "TeamGroup DDR5-5600 CL46 Elite  16GB",
            "가격": "64,300원",
            "수량": "2"
        },
        "그래픽카드": {
            "제품명": "PowerColor 라데온 RX 7800 XT Hellhound D6 16GB 대원씨티에스",
            "가격": "731,120원",
            "수량": "1"
        },
        "SSD": {
            "제품명": "삼성전자 PM9A1 M2 NVMe 병행수입 1TB",
            "가격": "105,520원",
            "수량": "1"
        },
        "케이스": {
            "제품명": "몬스타 가츠 X520LA 리버스 블랙",
            "가격": "56,110원",
            "수량": "1"
        },
        "파워서플라이": {
            "제품명": "몬스타 가츠 ExtremeX FX800 80PLUS STANDARD",
            "가격": "49,600원",
            "수량": "1"
        },
        "CPU쿨러": {
            "제품명": "3RSYS Socoool RC1200 ARGB",
            "가격": "34,420원",
            "수량": "1"
        },
        "쿨러.튜닝.조명.액세서리": {
            "제품명": "케이엘시스템 KLcom M.2 2280 방열판",
            "가격": "1,260원",
            "수량": "1"
        }
    },
    "total_price": "1466540원",
    "CPU": "AMD 라이젠5-5세대 7500F (라파엘) (멀티팩(정품))",
    "Motherboard": "ASRock B650M PG Lightning 에즈윈",
    "Graphic Card": "PowerColor 라데온 RX 7800 XT Hellhound D6 16GB 대원씨티에스",
    "SSD": "삼성전자 PM9A1 M2 NVMe 병행수입 (1TB)",
    "Memory": "TeamGroup DDR5-5600 CL46 Elite (16GB) x 2 개",
    "Power Supply": "몬스타 가츠 ExtremeX FX800 80PLUS STANDARD",
    "CPU Cooler": "3RSYS Socoool RC1200 ARGB",
    "cpu_score": 355,
    "gpu_score": 11,
    "performance_grade": "중성능",
    "cpu_benchmarkscore": 26926,
    "gpu_benchmarkscore": 29006
}