{
    "quote_number": "4379",
    "quote_title": "7800X3D + RTX 4090 4K 하이엔드 게이밍",
    "date_create": "2024.3.17",
    "cpu_gpu_combinations": "라이젠7 7800X3D + RTX 4090 조합",
    "quotation_summary": " 7800X3D + RTX 4090 4K 하이엔드 게이밍# 7800X3D + RTX 4090 4K 하이엔드 게이밍",
    "quote_person_introduction": "퀘이사존, 다나와, 쿨엔에서 활동 중인  잉여인간17호입니다.다양한 필테 경력과 컴덕질을 경험삼아 도움 드리고자 합니다.어떠한 스폰도 받지 않는 유저 입장에서 직접 사용해보고 테스트한 견적 위주로 견적드리겠습니다.",
    "quote_feedback": "7800X3D + RTX 4090 4K 하이엔드 게이밍",
    "computer_estimate_data": "[CPU]AMD 라이젠7-5세대 7800X3D (라파엘) (정품)상세보기[메인보드]GIGABYTE B650E AORUS ELITE X AX ICE 피씨디렉트상세보기[메모리]G.SKILL DDR5-6000 CL30 FLARE X5 J 패키지 (64GB(32Gx2))상세보기[그래픽카드]GIGABYTE 지포스 RTX 4090 Gaming OC D6X 24GB 제이씨현상세보기[SSD]마이크론 Crucial T500 M.2 NVMe 대원씨티에스 (2TB)상세보기[케이스]마이크로닉스 ML-420 BTF 블랙 (빅타워)상세보기[파워서플라이]SuperFlower SF-1000F14XG LEADEX VII GOLD ATX 3.0 (PCIE5)상세보기[CPU쿨러]잘만 Alpha36 (BLACK)상세보기[조립PC관련][견적왕] 조립 서비스 + 1년 출장 A/S상세보기",
    "quote_description": "[조립PC관련]수랭 쿨러 조립 추가 비용상세보기CPU는 7000번대 3D 제품으로 7950X3D와 달리 별도의 설정없이도 뛰어난 게임 성능을 자랑합니다.  \n전성비는 물론 온도도 뛰어나 공랭으로 가성비 좋게 게이밍 환경 구성이 가능합니다.메인보드는 12+2+2페이즈 720A(60A)의 뛰어난 전원부의 기가바이트 화이트 감성 보드입니다.\nWIFI와 블루투스 무선 연결을 지원합니다.그래픽카드는 RTX 4000번대 최상위 제품인 RTX 4090입니다. GIGABYTE 그래픽카드는 구입 후 30일 이내 홈페이지 등록 시 3년무상보증에 1년을 더 연장하여 총 4년의 무상 서비스를 제공합니다.SSD는 PCIE4.0 대역폭 상급 SSD파워서플라이는 슈퍼플라워의 ATX 3.0 골드 풀모듈러로 10년 보증에 유니버셜 커넥터 적용과 고주파 발생시 새제품 교환 등 뛰어난 AS 정책의 파워입니다.",
    "parts_price": {
        "CPU": {
            "제품명": "AMD 라이젠7-5세대 7800X3D",
            "가격": "518,680원",
            "수량": "1"
        },
        "메인보드": {
            "제품명": "GIGABYTE B650E AORUS ELITE X AX ICE 피씨디렉트",
            "가격": "346,800원",
            "수량": "1"
        },
        "메모리": {
            "제품명": "G.SKILL DDR5-6000 CL30 FLARE X5 J 패키지) 64GB",
            "가격": "329,000원",
            "수량": "1"
        },
        "그래픽카드": {
            "제품명": "GIGABYTE 지포스 RTX 4090 Gaming OC D6X 24GB 제이씨현",
            "가격": "2,929,470원",
            "수량": "1"
        },
        "SSD": {
            "제품명": "마이크론 Crucial T500 M.2 NVMe 대원씨티에스 2TB",
            "가격": "227,220원",
            "수량": "1"
        },
        "케이스": {
            "제품명": "마이크로닉스 ML-420 BTF 블랙",
            "가격": "131,970원",
            "수량": "1"
        },
        "파워서플라이": {
            "제품명": "SuperFlower SF-1000F14XG LEADEX VII GOLD ATX 3.0",
            "가격": "227,420원",
            "수량": "1"
        },
        "CPU쿨러": {
            "제품명": "잘만 Alpha36",
            "가격": "123,670원",
            "수량": "1"
        }
    },
    "total_price": "4834230원",
    "CPU": "AMD 라이젠7-5세대 7800X3D (라파엘) (정품)",
    "Motherboard": "GIGABYTE B650E AORUS ELITE X AX ICE 피씨디렉트",
    "Graphic Card": "GIGABYTE 지포스 RTX 4090 Gaming OC D6X 24GB 제이씨현",
    "SSD": "마이크론 Crucial T500 M.2 NVMe 대원씨티에스 (2TB)",
    "Memory": "G.SKILL DDR5-6000 CL30 FLARE X5 J 패키지 (64GB(32Gx2))",
    "Power Supply": "SuperFlower SF-1000F14XG LEADEX VII GOLD ATX 3.0 (PCIE5)",
    "CPU Cooler": "잘만 Alpha36 (BLACK)",
    "cpu_score": 225,
    "gpu_score": 0,
    "performance_grade": "고성능",
    "cpu_benchmarkscore": 34357,
    "gpu_benchmarkscore": 38694
}