{
    "quote_number": "4380",
    "quote_title": "14600KF + RTX 4070 SUPER",
    "date_create": "2024.3.17",
    "cpu_gpu_combinations": "코어i5-14600KF + RTX 4070 SUPER 조합",
    "quotation_summary": " 14600KF + RTX 4070 SUPER# 14600KF + RTX 4070 SUPER",
    "quote_person_introduction": "퀘이사존, 다나와, 쿨엔에서 활동 중인  잉여인간17호입니다.다양한 필테 경력과 컴덕질을 경험삼아 도움 드리고자 합니다.어떠한 스폰도 받지 않는 유저 입장에서 직접 사용해보고 테스트한 견적 위주로 견적드리겠습니다.",
    "quote_feedback": "14600KF + RTX 4070 SUPER",
    "computer_estimate_data": "[CPU]코어i5-14세대 14600KF (랩터레이크)(벌크)상세보기[메인보드]MSI MAG B760M 박격포 맥스 WIFI상세보기[메모리]ESSENCORE KLEVV DDR5-5600 CL46 (16GB) x 2 개상세보기[그래픽카드]inno3D 지포스 RTX 4070 SUPER OC D6X 12GB X3상세보기[SSD]삼성전자 990 PRO M.2 NVMe (2TB)상세보기[케이스]1stPlayer T7 블랙 (미들타워)상세보기[파워서플라이]NEWZEN SKULL 850SM MODULAR ATX 3.0 80PLUS GOLD (PCIE5)상세보기[CPU쿨러]Thermalright Peerless Assassin 120 SE 서린상세보기[조립PC관련][견적왕] 조립 서비스 + 1년 출장 A/S상세보기",
    "quote_description": "메인보드는 14페이즈 900A(75A)의 뛰어난 전원부입니다.메모리는 하이닉스 A다이 메모리\n인식률 호환성 안정성 굳!케이스는 전면 TYPE-C 포트 지원에 그래픽카드 지지대 기본 구성으로 구성도 좋고, 탈부착형 먼지 필터로 관리도 용이한 가성비 뛰어난 케이스입니다.파워서플라이는 10년 보증에 ATX 3.0 규격 제품이면서 850W에 11만원대라 가성비는 더 뛰어나고 슈퍼플라워 유통사라 고주파 발생시 새제품 교환 정책도 동일하게 적용되어 가성비 좋게 구성하시기 좋습니다.CPU쿨러는 대장급 공랭 중 뛰어난 정숙성과 성능을 겸비한 쿨러입니다.",
    "parts_price": {
        "CPU": {
            "제품명": "코어i5-14세대 14600KF",
            "가격": "400,040원",
            "수량": "1"
        },
        "메인보드": {
            "제품명": "MSI MAG B760M 박격포 맥스 WIFI",
            "가격": "212,810원",
            "수량": "1"
        },
        "메모리": {
            "제품명": "ESSENCORE KLEVV DDR5-5600 CL46  16GB",
            "가격": "63,520원",
            "수량": "2"
        },
        "그래픽카드": {
            "제품명": "inno3D 지포스 RTX 4070 SUPER OC D6X 12GB X3",
            "가격": "937,600원",
            "수량": "1"
        },
        "SSD": {
            "제품명": "삼성전자 990 PRO M.2 NVMe 2TB",
            "가격": "272,880원",
            "수량": "1"
        },
        "케이스": {
            "제품명": "1stPlayer T7 블랙",
            "가격": "37,920원",
            "수량": "1"
        },
        "파워서플라이": {
            "제품명": "NEWZEN SKULL 850SM MODULAR ATX 3.0 80PLUS GOLD",
            "가격": "129,680원",
            "수량": "1"
        },
        "CPU쿨러": {
            "제품명": "Thermalright Peerless Assassin 120 SE 서린",
            "가격": "36,950원",
            "수량": "1"
        }
    },
    "total_price": "2154920원",
    "CPU": "코어i5-14세대 14600KF (랩터레이크)(벌크)",
    "Motherboard": "MSI MAG B760M 박격포 맥스 WIFI",
    "Graphic Card": "inno3D 지포스 RTX 4070 SUPER OC D6X 12GB X3",
    "SSD": "삼성전자 990 PRO M.2 NVMe (2TB)",
    "Memory": "ESSENCORE KLEVV DDR5-5600 CL46 (16GB) x 2 개",
    "Power Supply": "NEWZEN SKULL 850SM MODULAR ATX 3.0 80PLUS GOLD (PCIE5)",
    "CPU Cooler": "Thermalright Peerless Assassin 120 SE 서린",
    "cpu_score": 181,
    "gpu_score": 4,
    "performance_grade": "고성능",
    "cpu_benchmarkscore": 39510,
    "gpu_benchmarkscore": 31768
}