{
    "quote_number": "4396",
    "quote_title": "7800X3D + RTX 4070 SUPER",
    "date_create": "2024.3.17",
    "cpu_gpu_combinations": "라이젠7 7800X3D + RTX 4070 SUPER 조합",
    "quotation_summary": " 7800X3D + RTX 4070 SUPER# 7800X3D + RTX 4070 SUPER",
    "quote_person_introduction": "퀘이사존, 다나와, 쿨엔에서 활동 중인  잉여인간17호입니다.다양한 필테 경력과 컴덕질을 경험삼아 도움 드리고자 합니다.어떠한 스폰도 받지 않는 유저 입장에서 직접 사용해보고 테스트한 견적 위주로 견적드리겠습니다.",
    "quote_feedback": "7800X3D + RTX 4070 SUPER",
    "computer_estimate_data": "[CPU]AMD 라이젠7-5세대 7800X3D (라파엘) (정품)상세보기[메인보드]ASUS TUF Gaming B650M-E WIFI 대원씨티에스상세보기[메모리]TeamGroup T-CREATE DDR5-6000 CL30 EXPERT 패키지 서린 (32GB(16Gx2))상세보기[그래픽카드]inno3D 지포스 RTX 4070 SUPER OC D6X 12GB X3상세보기[SSD]마이크론 Crucial T500 M.2 NVMe 아스크텍 (1TB)상세보기[케이스]DARKFLASH DS900 ARGB 강화유리 블랙 (미들타워)상세보기[파워서플라이]NEWZEN SKULL 850SM MODULAR ATX 3.0 80PLUS GOLD (PCIE5)상세보기[CPU쿨러]PentaWave S06D LE ARGB상세보기[조립PC관련][견적왕] 조립 서비스 + 1년 출장 A/S상세보기",
    "quote_description": "CPU는 7000번대 3D 제품으로 7950X3D와 달리 별도의 설정없이도 뛰어난 게임 성능을 자랑합니다.  \n전성비는 물론 온도도 뛰어나 공랭으로 가성비 좋게 게이밍 환경 구성이 가능합니다.케이스는 측면 리버스 블레이드(역방향) 팬으로 감성도 뛰어나고, 그래픽카드 425mm까지  지원해 호환성은 물론 전면 TYPE-C 포트 지원과 그래픽카드 지지대 기본 구성 등 편의성까지 좋은 다크플래쉬의 가성비 좋은 어항형 케이스입니다.파워서플라이는 10년 보증에 ATX 3.0 규격 제품이면서 850W에 11만원대라 가성비는 더 뛰어나고 슈퍼플라워 유통사라 고주파 발생시 새제품 교환 정책도 동일하게 적용되어 가성비 좋게 구성하시기 좋습니다.",
    "parts_price": {
        "CPU": {
            "제품명": "AMD 라이젠7-5세대 7800X3D",
            "가격": "518,680원",
            "수량": "1"
        },
        "메인보드": {
            "제품명": "ASUS TUF Gaming B650M-E WIFI 대원씨티에스",
            "가격": "223,000원",
            "수량": "1"
        },
        "메모리": {
            "제품명": "TeamGroup T-CREATE DDR5-6000 CL30 EXPERT 패키지 서린) 32GB",
            "가격": "166,900원",
            "수량": "1"
        },
        "그래픽카드": {
            "제품명": "inno3D 지포스 RTX 4070 SUPER OC D6X 12GB X3",
            "가격": "937,600원",
            "수량": "1"
        },
        "SSD": {
            "제품명": "마이크론 Crucial T500 M.2 NVMe 아스크텍 1TB",
            "가격": "129,690원",
            "수량": "1"
        },
        "케이스": {
            "제품명": "DARKFLASH DS900 ARGB 강화유리 블랙",
            "가격": "52,750원",
            "수량": "1"
        },
        "파워서플라이": {
            "제품명": "NEWZEN SKULL 850SM MODULAR ATX 3.0 80PLUS GOLD",
            "가격": "129,680원",
            "수량": "1"
        },
        "CPU쿨러": {
            "제품명": "PentaWave S06D LE ARGB",
            "가격": "35,060원",
            "수량": "1"
        }
    },
    "total_price": "2193360원",
    "CPU": "AMD 라이젠7-5세대 7800X3D (라파엘) (정품)",
    "Motherboard": "ASUS TUF Gaming B650M-E WIFI 대원씨티에스",
    "Graphic Card": "inno3D 지포스 RTX 4070 SUPER OC D6X 12GB X3",
    "SSD": "마이크론 Crucial T500 M.2 NVMe 아스크텍 (1TB)",
    "Memory": "TeamGroup T-CREATE DDR5-6000 CL30 EXPERT 패키지 서린 (32GB(16Gx2))",
    "Power Supply": "NEWZEN SKULL 850SM MODULAR ATX 3.0 80PLUS GOLD (PCIE5)",
    "CPU Cooler": "PentaWave S06D LE ARGB",
    "cpu_score": 225,
    "gpu_score": 4,
    "performance_grade": "고성능",
    "cpu_benchmarkscore": 34357,
    "gpu_benchmarkscore": 31768
}