{
    "quote_number": "4436",
    "quote_title": "인텔 코어i5-14세대 14600K + 지포스 RTX 4060",
    "date_create": "2024.3.18",
    "cpu_gpu_combinations": "코어i5-14600K + RTX 4060 조합",
    "quotation_summary": " 인텔 코어i5-14세대 14600K + 지포스 RTX 4060# 게임용",
    "quote_person_introduction": "안녕하세요! 인벤에서 주로 활동하고 있는 Skywalkers입니다.가성비와 성능비 그리고 감성비까지 모두 고려해서 가장 합리적인 구성을 찾을 수 있도록 추천을 드리겠습니다.",
    "quote_feedback": "1. CPU는 14코어 20스레드로 작업하기에는 금액대 내에서 가장 효율적이라고 할 수 있는 14600K로 구성2. 메인보드는 900A급 출력의 드라이버 모스펫 전원부가 적용되어 있는 B760 칩셋 끝판왕 퀄리티 제품인 MSI MAG B760M 박격포 II로 구성3. 메모리는 라이프타임 워런티로 압도적인 AS기간을 제공하는 팀그룹 5600MHz 고클럭 규격램 16기가 2개 32기가로 구성4. 그래픽카드는 1티어 AS에 2년 추가 RMA포함 총 5년의 무상AS를 제공하고 동일한 제품군에서는 가격적인 메리트도 있는 조택 4060 화이트로 구성5. SSD는 젠4 제품 중 넘사벽 갓성비의 삼성전자 980PRO OEM버전인 삼성전자 PM9A1 M2 NVMe 병행수입 (1TB)으로 구성6. 케이스는 요즘 가장 핫한 파노라마 뷰 어항디자인의 제품 중에서는 압도적인 가성비를 제공하는 화이트 색상의 DARKFLASH DS900 ARGB 강화유리 화이트 (미들타워)로 구성7. 파워는 7년 무상 AS에 브론즈 인증, 140mm 팬 장착, 12V 가용력 100%, 성능으로 세계적에서 유명한 국산 삼영콘덴서를 메인콘덴서로 채용, 6종 보호회로 적용 등 가격대비 퀄리티는 최고수준으로 보급형에서는 끝판왕급인 탑파워 가디언 600W 화이트로 구성8. CPU쿨러는 대장급 성능의 3열 수냉쿨러 화이트 색상 제품 중 가성비가 월등히 좋은 앱코 T360 테티스 풀체인지 ARGB (화이트)로 구성9. 모니터는 가장 선호되는 IPS패널 32인치 QHD해상도 제품인 크로스오버 Q32V75 QHD IPS 75 무결점으로 구성참고해서 합리적인 구매하시기 바랍니다.",
    "computer_estimate_data": "[CPU]인텔 코어i5-14세대 14600K (랩터레이크 리프레시) (정품)상세보기[메인보드]MSI MAG B760M 박격포 II상세보기[메모리]TeamGroup DDR5-5600 CL46 Elite (16GB) x 2 개상세보기[그래픽카드]ZOTAC GAMING 지포스 RTX 4060 TWIN Edge OC D6 8GB White상세보기[SSD]삼성전자 PM9A1 M2 NVMe 병행수입 (1TB)상세보기[케이스]DARKFLASH DS900 ARGB 강화유리 화이트 (미들타워)상세보기[파워서플라이]topower Guardian TOP-600DG Single Rail 80PLUS BRONZE WHITE상세보기[CPU쿨러]앱코 T360 테티스 풀체인지 ARGB (화이트)상세보기[소프트웨어]Microsoft Windows 11 Home (처음사용자용 한글)상세보기[모니터]크로스오버 Q32V75 QHD IPS 75 무결점상세보기[조립PC관련]수랭 쿨러 조립 추가 비용상세보기[조립PC관련][견적왕] 조립 서비스 + 1년 출장 A/S상세보기",
    "quote_description": "그래픽카드는 작고 귀엽고 이쁜 정품등록 시 AS 3+2년의 조탁 제품파워서플라이는 topower사의 600W 브론즈등급 화이트색상 제품입니다. A/S보증기간 7년을 제공하고 화이트 색상 제품이라 화이트감성 PC에 알맞는 제품입니다.",
    "parts_price": {
        "CPU": {
            "제품명": "인텔 코어i5-14세대 14600K",
            "가격": "433,190원",
            "수량": "1"
        },
        "메인보드": {
            "제품명": "MSI MAG B760M 박격포 II",
            "가격": "212,810원",
            "수량": "1"
        },
        "메모리": {
            "제품명": "TeamGroup DDR5-5600 CL46 Elite  16GB",
            "가격": "64,300원",
            "수량": "2"
        },
        "그래픽카드": {
            "제품명": "ZOTAC GAMING 지포스 RTX 4060 TWIN Edge OC D6 8GB White",
            "가격": "445,780원",
            "수량": "1"
        },
        "SSD": {
            "제품명": "삼성전자 PM9A1 M2 NVMe 병행수입 1TB",
            "가격": "105,520원",
            "수량": "1"
        },
        "케이스": {
            "제품명": "DARKFLASH DS900 ARGB 강화유리 화이트",
            "가격": "56,330원",
            "수량": "1"
        },
        "파워서플라이": {
            "제품명": "topower Guardian TOP-600DG Single Rail 80PLUS BRONZE WHITE",
            "가격": "65,000원",
            "수량": "1"
        },
        "CPU쿨러": {
            "제품명": "앱코 T360 테티스 풀체인지 ARGB",
            "가격": "77,000원",
            "수량": "1"
        },
        "소프트웨어": {
            "제품명": "Microsoft Windows 11 Home",
            "가격": "173,490원",
            "수량": "1"
        },
        "모니터": {
            "제품명": "크로스오버 Q32V75 QHD IPS 75 무결점",
            "가격": "209,000원",
            "수량": "1"
        }
    },
    "total_price": "1906720원",
    "CPU": "인텔 코어i5-14세대 14600K (랩터레이크 리프레시) (정품)",
    "Motherboard": "MSI MAG B760M 박격포 II",
    "Graphic Card": "ZOTAC GAMING 지포스 RTX 4060 TWIN Edge OC D6 8GB White",
    "SSD": "삼성전자 PM9A1 M2 NVMe 병행수입 (1TB)",
    "Memory": "TeamGroup DDR5-5600 CL46 Elite (16GB) x 2 개",
    "Power Supply": "topower Guardian TOP-600DG Single Rail 80PLUS BRONZE WHITE",
    "CPU Cooler": "앱코 T360 테티스 풀체인지 ARGB (화이트)",
    "cpu_score": 181,
    "gpu_score": 32,
    "performance_grade": "고성능",
    "cpu_benchmarkscore": 39510,
    "gpu_benchmarkscore": 22891
}