{
    "quote_number": "4461",
    "quote_title": "로스트아크 스팀게임 라이젠 7600 + RTX 4070 SUPER 게이밍 컴퓨터 견적",
    "date_create": "2024.3.19",
    "cpu_gpu_combinations": "라이젠5 7600 + RTX 4070 SUPER 조합",
    "quotation_summary": " 라이젠 7600 / RTX 4070 SUPER / RAM 32GB / SSD 1TB# FHD/QHD 게이밍# 로아# 스팀게임# 팰월드# 팔월드",
    "quote_person_introduction": "안녕하세요. 로카프입니다.우리 주변에는 아직 컴퓨터 견적구성을 어떻게 할 지 몰라 고민에 빠지는 분들이 많이 계십니다.성능은 괜찮을까? 고장은 나지 않을까? 가격은 괜찮은건가? 이런 고민들을 한 번쯤은 해보셨을 겁니다.용도에 알맞는 성능과 합리적인 가격, 최우선으로 안정성과 신뢰도 높은 부품들로 구성된 견적을 추천해드리겠습니다.컴퓨터를 처음 알아보시는 분들의 입장에서 생각하고 견적을 구성해드리는 견적맨이 되겠습니다.",
    "quote_feedback": "CPU는 100~200만원대 견적 구성 시 가성비가 매우 좋은 라이젠 7600이며메인보드는 PBO와 커브 옵티마이저 기능 사용가능한 B650칩셋 제품입니다.메모리는 16GB 2장 총 32GB 용량 맞춰드렸으며그래픽카드는 가장 고가의 부품인만큼 A/S퀄리티 좋은 이엠텍, 조텍, 갤럭시, inno3D 제품 추천드립니다.SSD는 PCIe4.0 규격의 스펙 좋은 1TB 제품이며파워는 12VHPWR 케이블 제공하는 750W 용량 제품이면 충분하겠습니다.CPU쿨러는 싱글타워공랭쿨러로 마무리했습니다.",
    "computer_estimate_data": "[CPU]AMD 라이젠5-5세대 7600 (라파엘) (멀티팩(정품))상세보기[메인보드]ASRock B650M PG Lightning 대원씨티에스상세보기[그래픽카드]이엠텍 지포스 RTX 4070 SUPER STORM X Dual OC D6X 12GB상세보기[케이스]DAVEN APEX Black (미들타워)상세보기[파워서플라이]NEWZEN SKULL 750SM MODULAR ATX 3.0 80PLUS GOLD (PCIE5)상세보기[CPU쿨러]DARKFLASH Ellsworth S21 ARGB (블랙)상세보기[이벤트특가][SSD + RAM] 마이크론 Crucial T500 1TB + Crucial DDR5-5600 (32GB(16Gx2)) 패키지 대원씨티에스상세보기[쿨러.튜닝.조명.액세서리]케이엘시스템 KLcom M.2 2280 방열판 (BLACK)상세보기[조립PC관련][견적왕] 조립 서비스 + 1년 출장 A/S상세보기",
    "quote_description": "CPU는 6코어 12쓰레드 구조로 A620 메인보드와 싱글타워공랭쿨러 구성만으로도 쾌적하게 작동하여 가성비 있게 견적을 구성할 때 많이 추천되고 있는 라이젠 7600입니다.메인보드는 B650칩셋 제품으로 PBO와 커브옵티마이저 기능 사용이 가능하며 드라이버모스펫을 사용한 B650M PG Lightning입니다. 3개의 5V ARGB 헤더가 구성되어 있어 각종 ARGB 부품을 연결하는 데 있어 용이합니다.그래픽카드는 RTX 4070과 RTX 4070 Ti 제품 사이에 위치한 라인업이며 A/S퀄리티 1티어인 이엠텍사 제품입니다. 보조전원 커넥터는 12VHPWR 규격이며 제원 상 길이 269.1mm이므로 케이스 호환성도 좋습니다.케이스는 기본팬 4개를 제공하고 CPU쿨러최대호환가능높이 185mm, 그래픽카드최대호환가능길이 350mm 제원의 DAVEN APEX입니다. 좌측면 스윙도어 형태이며 LED ON/OFF 스위치가 있어 사용자 취향에 따라 켜고 끌 수 있습니다.파워서플라이는 무상보증10년 고주파증상도 원활한 A/S받을 수 있는 SKULL 제품으로 750W 골드급 ATX3.0 제품입니다. 12VHPWR 커넥터도 지원합니다.CPU쿨러는 2~3만원대 쿨러 중 가성비가 뛰어난 제품으로, AM4소켓 CPU 구성시 발생할 수 있는 무뽑기 파손증상 방지키트가 구성품에 포함되어 있습니다.쿨러.튜닝.조명.액세서리는 가격 부담 크지 않은 M.2 SSD 방열판입니다. 메인보드에 M.2 SSD 방열판이 기본적으로 구성되어있지 않거나 갯수가 부족할 때 사용하시면 좋습니다.",
    "parts_price": {
        "CPU": {
            "제품명": "AMD 라이젠5-5세대 7600)",
            "가격": "234,070원",
            "수량": "1"
        },
        "메인보드": {
            "제품명": "ASRock B650M PG Lightning 대원씨티에스",
            "가격": "152,670원",
            "수량": "1"
        },
        "그래픽카드": {
            "제품명": "이엠텍 지포스 RTX 4070 SUPER STORM X Dual OC D6X 12GB",
            "가격": "830,320원",
            "수량": "1"
        },
        "케이스": {
            "제품명": "DAVEN APEX Black",
            "가격": "46,650원",
            "수량": "1"
        },
        "파워서플라이": {
            "제품명": "NEWZEN SKULL 750SM MODULAR ATX 3.0 80PLUS GOLD",
            "가격": "124,830원",
            "수량": "1"
        },
        "CPU쿨러": {
            "제품명": "DARKFLASH Ellsworth S21 ARGB",
            "가격": "26,900원",
            "수량": "1"
        },
        "SSD + RAM": {
            "제품명": "마이크론 Crucial T500 1TB + Crucial DDR5-5600 패키지 대원씨티에스 1TB",
            "가격": "129,070원",
            "수량": "1"
        },
        "쿨러.튜닝.조명.액세서리": {
            "제품명": "케이엘시스템 KLcom M.2 2280 방열판",
            "가격": "1,260원",
            "수량": "1"
        }
    },
    "total_price": "1545770원",
    "CPU": "AMD 라이젠5-5세대 7600 (라파엘) (멀티팩(정품))",
    "Motherboard": "ASRock B650M PG Lightning 대원씨티에스",
    "Graphic Card": "이엠텍 지포스 RTX 4070 SUPER STORM X Dual OC D6X 12GB",
    "Power Supply": "NEWZEN SKULL 750SM MODULAR ATX 3.0 80PLUS GOLD (PCIE5)",
    "CPU Cooler": "DARKFLASH Ellsworth S21 ARGB (블랙)",
    "cpu_score": 312,
    "gpu_score": 4,
    "performance_grade": "중성능",
    "cpu_benchmarkscore": 28555,
    "gpu_benchmarkscore": 31768
}