{
    "quote_number": "4482",
    "quote_title": "7950X3D + RTX 4070 SUPER",
    "date_create": "2024.3.19",
    "cpu_gpu_combinations": "라이젠9 7950X3D + RTX 4070 SUPER 조합",
    "quotation_summary": " 7950X3D + RTX 4070 SUPER# 7950X3D + RTX 4070 SUPER",
    "quote_person_introduction": "퀘이사존, 다나와, 쿨엔에서 활동 중인  잉여인간17호입니다.다양한 필테 경력과 컴덕질을 경험삼아 도움 드리고자 합니다.어떠한 스폰도 받지 않는 유저 입장에서 직접 사용해보고 테스트한 견적 위주로 견적드리겠습니다.",
    "quote_feedback": "7950X3D + RTX 4070 SUPER",
    "computer_estimate_data": "[CPU]AMD 라이젠9-5세대 7950X3D (라파엘) (정품)상세보기[메인보드]MSI MAG B650 토마호크 WIFI상세보기[메모리]TeamGroup DDR5-5600 CL46 Elite (16GB) x 2 개상세보기[그래픽카드]갤럭시 BOY 지포스 RTX 4070 SUPER EX GAMER WHITE OC D6X 12GB상세보기[SSD]마이크론 Crucial T500 M.2 NVMe 대원씨티에스 (1TB)상세보기[데스크탑 HDD]Toshiba 3TB P300 HDWD130 (SATA3/7200/64M)상세보기[케이스]DARKFLASH DK1000 MESH 강화유리 블랙 (미들타워)상세보기[파워서플라이]NEWZEN SKULL 850SM MODULAR ATX 3.0 80PLUS GOLD (PCIE5)상세보기[CPU쿨러]Thermalright Peerless Assassin 120 SE 서린상세보기[조립PC관련][견적왕] 조립 서비스 + 1년 출장 A/S상세보기",
    "quote_description": "CPU는 뛰어난 게임성능과 전성비로 인텔 13세대를 압도해버린 라이젠 최상위 게이밍 CPU입니다.메인보드는 14+2 페이즈 1120A(80A) Dr.MOS의 강력한 전원부를 가진 보드로 라이젠 하이엔드까지 문제 없는 강력한 보드입니다.SSD는 PCIe4.0 최상급 성능의 SSD입니다.케이스는 LED 없이 깔끔한 디자인에 140mm 쿨링팬으로 쿨링 성능도 뛰어나면서 쿨링팬도 조용해 정숙성도 뛰어납니다.파워서플라이는 10년 보증에 ATX 3.0 규격 제품이면서 850W에 11만원대라 가성비는 더 뛰어나고 슈퍼플라워 유통사라 고주파 발생시 새제품 교환 정책도 동일하게 적용되어 가성비 좋게 구성하시기 좋습니다.CPU쿨러는 대장급 공랭 중 뛰어난 정숙성과 성능을 겸비한 쿨러입니다.",
    "parts_price": {
        "CPU": {
            "제품명": "AMD 라이젠9-5세대 7950X3D",
            "가격": "891,920원",
            "수량": "1"
        },
        "메인보드": {
            "제품명": "MSI MAG B650 토마호크 WIFI",
            "가격": "318,350원",
            "수량": "1"
        },
        "메모리": {
            "제품명": "TeamGroup DDR5-5600 CL46 Elite  16GB",
            "가격": "65,300원",
            "수량": "2"
        },
        "그래픽카드": {
            "제품명": "갤럭시 BOY 지포스 RTX 4070 SUPER EX GAMER WHITE OC D6X 12GB",
            "가격": "998,880원",
            "수량": "1"
        },
        "SSD": {
            "제품명": "마이크론 Crucial T500 M.2 NVMe 대원씨티에스 1TB",
            "가격": "129,070원",
            "수량": "1"
        },
        "데스크탑 HDD": {
            "제품명": "Toshiba 3TB P300 HDWD130",
            "가격": "127,490원",
            "수량": "1"
        },
        "케이스": {
            "제품명": "DARKFLASH DK1000 MESH 강화유리 블랙",
            "가격": "64,900원",
            "수량": "1"
        },
        "파워서플라이": {
            "제품명": "NEWZEN SKULL 850SM MODULAR ATX 3.0 80PLUS GOLD",
            "가격": "129,680원",
            "수량": "1"
        },
        "CPU쿨러": {
            "제품명": "Thermalright Peerless Assassin 120 SE 서린",
            "가격": "38,480원",
            "수량": "1"
        }
    },
    "total_price": "2829370원",
    "CPU": "AMD 라이젠9-5세대 7950X3D (라파엘) (정품)",
    "Motherboard": "MSI MAG B650 토마호크 WIFI",
    "Graphic Card": "갤럭시 BOY 지포스 RTX 4070 SUPER EX GAMER WHITE OC D6X 12GB",
    "SSD": "마이크론 Crucial T500 M.2 NVMe 대원씨티에스 (1TB)",
    "Memory": "TeamGroup DDR5-5600 CL46 Elite (16GB) x 2 개",
    "Power Supply": "NEWZEN SKULL 850SM MODULAR ATX 3.0 80PLUS GOLD (PCIE5)",
    "CPU Cooler": "Thermalright Peerless Assassin 120 SE 서린",
    "cpu_score": 63,
    "gpu_score": 4,
    "performance_grade": "고성능",
    "cpu_benchmarkscore": 62530,
    "gpu_benchmarkscore": 31768
}