{
    "quote_number": "4528",
    "quote_title": "2024년 04월 PC 월간 견적 - 상급 FHD 게이밍 (인텔 + RTX 4060)",
    "date_create": "2024.4.5",
    "cpu_gpu_combinations": "코어i5-12400F + RTX 4060 조합",
    "quotation_summary": " 2024년 04월 PC 월간 견적 - 상급 FHD 게이밍 (인텔 + RTX 4060)# 상급 FHD 게이밍# FHD 게이밍# FHD 상급 게이밍# 롤 풀옵션# 배그 국민옵션# 배그 국민옵션 FHD# 팰월드 FHD# FHD 팰월드# 헬다이버즈 2 FHD",
    "quote_person_introduction": "안녕하세요! 견적왕 견적맨 총괄 매니저 로비오트입니다!퀘이사존 유저랭킹 1등을 계속해서 유지하고 있고견적게시판에서만 주로 활동하는 유저로그 누구보다 제품의 장단점, 성능적인 파악을 정확하게 하고 있습니다.물건을 판매하려는 견적이 아닌 실질적인 소비자 기준으로 구성을 하고 있으며기본적으로 A/S가 좋지 않은 곳은 걸러서 구성하고 있습니다.또한 블랙컨슈머로 인한 A/S이슈는 고려하지도듣지도 보지도 않고 있으니 이런 부분도 걸러 듣고 견적을 작성하고 있습니다!",
    "quote_feedback": "2024년 04월 PC 월간 견적 - 상급 FHD 게이밍 (인텔 + RTX 4060)",
    "computer_estimate_data": "[CPU]인텔 코어i5-12세대 12400F (엘더레이크) (정품)상세보기[메인보드]ASRock B760M PG LIGHTNING/D4 에즈윈상세보기[메모리]마이크론 Crucial DDR4-3200 CL22 대원씨티에스 (8GB) x 2 개상세보기[그래픽카드]이엠텍 지포스 RTX 4060 MIRACLE BLACK D6 8GB상세보기[SSD]마이크론 Crucial T500 M.2 NVMe 대원씨티에스 (1TB)상세보기[케이스]DAVEN D6 MESH 강화유리 블랙 (미들타워)상세보기[파워서플라이]마이크로닉스 Classic II 풀체인지 600W 80PLUS BRONZE 230V EU상세보기[CPU쿨러]DARKFLASH Ellsworth S21 (블랙)상세보기[조립PC관련][견적왕] 조립 서비스 + 1년 출장 A/S상세보기",
    "quote_description": "CPU는 디아4에서는 5600x 보다 12400F\n13400F는 가성비가 없지~메인보드는 B760칩셋 제품으로 350A급의 전원부 성능을 가졌으며 전원부 방열판, M.2 SSD 방열판, 2개의 M.2 슬롯 등 기본적인 구성이 충실한 B760M PG LIGHTNING D4입니다.메모리는 DDR4 기준 가장 좋은 인식률!\n오버클럭 매우 좋은 가성비 모델!그래픽카드는 AS 최상위 제조사!\n가성비 끝판왕!SSD는 전성비 최고의 신형 PCIe 4.0 모델!\n안정성 좋은 파이슨 E25 컨트롤러!케이스는 LED On/Off가 가능한 가성비 케이스!파워서플라이는 국민 파워! 스테디셀러!CPU쿨러는 AG400보다 좋은\n갓갓갓성비 공냉쿨러!",
    "parts_price": {
        "CPU": {
            "제품명": "인텔 코어i5-12세대 12400F",
            "가격": "164,500원",
            "수량": "1"
        },
        "메인보드": {
            "제품명": "ASRock B760M PG LIGHTNING/D4 에즈윈",
            "가격": "139,350원",
            "수량": "1"
        },
        "메모리": {
            "제품명": "마이크론 Crucial DDR4-3200 CL22 대원씨티에스  8GB",
            "가격": "21,500원",
            "수량": "2"
        },
        "그래픽카드": {
            "제품명": "이엠텍 지포스 RTX 4060 MIRACLE BLACK D6 8GB",
            "가격": "441,000원",
            "수량": "1"
        },
        "SSD": {
            "제품명": "마이크론 Crucial T500 M.2 NVMe 대원씨티에스 1TB",
            "가격": "129,070원",
            "수량": "1"
        },
        "케이스": {
            "제품명": "DAVEN D6 MESH 강화유리 블랙",
            "가격": "36,830원",
            "수량": "1"
        },
        "파워서플라이": {
            "제품명": "마이크로닉스 Classic II 풀체인지 600W 80PLUS BRONZE 230V EU",
            "가격": "57,490원",
            "수량": "1"
        },
        "CPU쿨러": {
            "제품명": "DARKFLASH Ellsworth S21",
            "가격": "26,900원",
            "수량": "1"
        }
    },
    "total_price": "1038140원",
    "CPU": "인텔 코어i5-12세대 12400F (엘더레이크) (정품)",
    "Motherboard": "ASRock B760M PG LIGHTNING/D4 에즈윈",
    "Graphic Card": "이엠텍 지포스 RTX 4060 MIRACLE BLACK D6 8GB",
    "SSD": "마이크론 Crucial T500 M.2 NVMe 대원씨티에스 (1TB)",
    "Memory": "마이크론 Crucial DDR4-3200 CL22 대원씨티에스 (8GB) x 2 개",
    "Power Supply": "마이크로닉스 Classic II 풀체인지 600W 80PLUS BRONZE 230V EU",
    "CPU Cooler": "DARKFLASH Ellsworth S21 (블랙)",
    "cpu_score": 595,
    "gpu_score": 32,
    "performance_grade": "저성능",
    "cpu_benchmarkscore": 19566,
    "gpu_benchmarkscore": 22891
}