{
    "quote_number": "4545",
    "quote_title": "2024년 04월 PC 월간 견적 - 최상급 게이밍 (AMD + RTX 4090)",
    "date_create": "2024.3.21",
    "cpu_gpu_combinations": "라이젠9 7950X3D + RTX 4090 조합",
    "quotation_summary": " 2024년 04월 PC 월간 견적 - 최상급 게이밍 (AMD + RTX 4090)# 최상급 게이밍# 4K 게이밍# 4K 최상급 게이밍# 최상급 4K 게이밍",
    "quote_person_introduction": "안녕하세요! 견적왕 견적맨 총괄 매니저 로비오트입니다!퀘이사존 유저랭킹 1등을 계속해서 유지하고 있고견적게시판에서만 주로 활동하는 유저로그 누구보다 제품의 장단점, 성능적인 파악을 정확하게 하고 있습니다.물건을 판매하려는 견적이 아닌 실질적인 소비자 기준으로 구성을 하고 있으며기본적으로 A/S가 좋지 않은 곳은 걸러서 구성하고 있습니다.또한 블랙컨슈머로 인한 A/S이슈는 고려하지도듣지도 보지도 않고 있으니 이런 부분도 걸러 듣고 견적을 작성하고 있습니다!",
    "quote_feedback": "2024년 04월 PC 월간 견적 - 최상급 게이밍 (AMD + RTX 4090)",
    "computer_estimate_data": "[CPU]AMD 라이젠9-5세대 7950X3D (라파엘) (정품)상세보기[메인보드]ASUS TUF GAMING B650-PLUS 대원씨티에스상세보기[메모리]ADATA XPG DDR5-6000 CL30 LANCER RGB 블랙 패키지 (32GB(16Gx2))하이닉스 A다이 언락 제품!상세보기[그래픽카드]이엠텍 지포스 RTX 4090 GAMEROCK D6X 24GB상세보기[SSD]마이크론 Crucial T500 M.2 NVMe 대원씨티에스 (2TB)상세보기[케이스]DAVEN AQUARIUM 블랙 (미들타워)상세보기[파워서플라이]SuperFlower SF-1000F14XG LEADEX VII GOLD ATX 3.0 (PCIE5)상세보기[CPU쿨러]DARKFLASH NEBULA DN-360 ARGB (블랙)상세보기[조립PC관련][견적왕] 조립 서비스 + 1년 출장 A/S상세보기",
    "quote_description": "[조립PC관련]수랭 쿨러 조립 추가 비용상세보기CPU는 게이밍 끝판왕 + 작업도 끝판왕!메인보드는 B650 스테디셀러!\n전원부, 사운드칩셋 모하나 빠진 것 없이 출중!메모리는 AMD EXPO 공식 인증!\n하이닉스 A다이 칩셋!그래픽카드는 이엠텍 게임락! 최상위 모델!\n이엠텍의 완벽한 as퀄리티!SSD는 최신형 PCIE 4.0 SSD!\n전성비 최고! 안정성 좋은 파이슨 E25 컨트롤러!케이스는 가성비 어항 케이스의 끝판왕\n기본팬 ARGB 연동과 팬 속도 조절까지 가능!파워서플라이는 ATX 3.0 지원 슈퍼플라워 파워!\n믿고 쓰는 AS! 골드지만 플레티넘 효율! 저 RPM 팬!CPU쿨러는 소음 억제 원탑!\n성능도 준 끝판왕!\nAS 5년!",
    "parts_price": {
        "CPU": {
            "제품명": "AMD 라이젠9-5세대 7950X3D",
            "가격": "891,920원",
            "수량": "1"
        },
        "메인보드": {
            "제품명": "ASUS TUF GAMING B650-PLUS 대원씨티에스",
            "가격": "299,190원",
            "수량": "1"
        },
        "메모리": {
            "제품명": "ADATA XPG DDR5-6000 CL30 LANCER RGB 블랙 패키지)하이닉스 A다이 언락 제품! 32GB",
            "가격": "335,580원",
            "수량": "1"
        },
        "그래픽카드": {
            "제품명": "이엠텍 지포스 RTX 4090 GAMEROCK D6X 24GB",
            "가격": "2,874,550원",
            "수량": "1"
        },
        "SSD": {
            "제품명": "마이크론 Crucial T500 M.2 NVMe 대원씨티에스 2TB",
            "가격": "227,540원",
            "수량": "1"
        },
        "케이스": {
            "제품명": "DAVEN AQUARIUM 블랙",
            "가격": "56,890원",
            "수량": "1"
        },
        "파워서플라이": {
            "제품명": "SuperFlower SF-1000F14XG LEADEX VII GOLD ATX 3.0",
            "가격": "227,958원",
            "수량": "1"
        },
        "CPU쿨러": {
            "제품명": "DARKFLASH NEBULA DN-360 ARGB",
            "가격": "81,340원",
            "수량": "1"
        }
    },
    "total_price": "4994968원",
    "CPU": "AMD 라이젠9-5세대 7950X3D (라파엘) (정품)",
    "Motherboard": "ASUS TUF GAMING B650-PLUS 대원씨티에스",
    "Graphic Card": "이엠텍 지포스 RTX 4090 GAMEROCK D6X 24GB",
    "SSD": "마이크론 Crucial T500 M.2 NVMe 대원씨티에스 (2TB)",
    "Memory": "ADATA XPG DDR5-6000 CL30 LANCER RGB 블랙 패키지 (32GB(16Gx2))하이닉스 A다이 언락 제품!",
    "Power Supply": "SuperFlower SF-1000F14XG LEADEX VII GOLD ATX 3.0 (PCIE5)",
    "CPU Cooler": "DARKFLASH NEBULA DN-360 ARGB (블랙)",
    "cpu_score": 63,
    "gpu_score": 0,
    "performance_grade": "고성능",
    "cpu_benchmarkscore": 62530,
    "gpu_benchmarkscore": 38694
}