{
    "quote_number": "4573",
    "quote_title": "AMD 라이젠5-4세대 5600 + 라데온 RX 6600",
    "date_create": "2024.3.22",
    "cpu_gpu_combinations": "라이젠5 5600 + RX 6600 조합",
    "quotation_summary": " AMD 라이젠5-4세대 5600 + 라데온 RX 6600# 게임용",
    "quote_person_introduction": "안녕하세요! 인벤에서 주로 활동하고 있는 Skywalkers입니다.가성비와 성능비 그리고 감성비까지 모두 고려해서 가장 합리적인 구성을 찾을 수 있도록 추천을 드리겠습니다.",
    "quote_feedback": "1. 메모리는 라이프타임 워런티로 압도적인 AS기간을 제공하고 SK하이닉스 모듈을 사용해서 안정성도 높고 가격도 저렴한 ESSENCORE KLEVV DDR4-3200 CL22 (8GB) 2개 16기가로 변경2. 케이스는 보급형 끝판왕급 가성비 제품으로 공간활용성까지 높은  몬스타 가츠 X320M 블랙 (미니타워)로 변경3. 파워는 6년 무상AS에 무려 9종에 달하는 보호회로를 적용하여 안정성에 몰빵을 하고서도 가격은 아주 착한 수준으로 출시가 되었고 현재 출시 이벤트로 가격을 더 인하해서 판매 중이라 갓성비 중에서도 갓성비라고 할 수 있는 몬스타 가츠 ExtremeX FX700 80PLUS STANDARD로 변경4. CPU쿨러는 싱글타워 끝판왕급 성능에 케이스와도 잘 어울리고 성능도 좋고 AM4 소켓 무뽑 방지키트 제공에 ARGB를 지원하는 제품 중에서는 가격적인 메리트도 가장 높은 갓성비 제품인 PentaWave Z04E SRB ARGB로 변경참고해서 합리적인 구매하시기 바랍니다.",
    "computer_estimate_data": "[CPU]AMD 라이젠5-4세대 5600 (버미어) (멀티팩(정품))상세보기[메인보드]ASUS PRIME A520M-A II 대원CTS상세보기[메모리]ESSENCORE KLEVV DDR4-3200 CL22 (8GB) x 2 개상세보기[그래픽카드]ASRock 라데온 RX 6600 CHALLENGER D D6 8GB 대원씨티에스상세보기[SSD]SK하이닉스 GOLD P31 M2 NVMe (500GB)상세보기[케이스]몬스타 가츠 X320M 블랙 (미니타워)상세보기[파워서플라이]몬스타 가츠 ExtremeX FX700 80PLUS STANDARD상세보기[CPU쿨러]PentaWave Z04E SRB ARGB상세보기[조립PC관련][견적왕] 조립 서비스 + 1년 출장 A/S상세보기",
    "quote_description": "CPU는 현재 게임 가성비가 가장 좋은 CPUSSD는 젠3 제품 중에서는 5년 무상AS에 성능도 좋고 가격적인 메리트도 있는 SSD",
    "parts_price": {
        "CPU": {
            "제품명": "AMD 라이젠5-4세대 5600",
            "가격": "143,660원",
            "수량": "1"
        },
        "메인보드": {
            "제품명": "ASUS PRIME A520M-A II 대원CTS",
            "가격": "83,990원",
            "수량": "1"
        },
        "메모리": {
            "제품명": "ESSENCORE KLEVV DDR4-3200 CL22  8GB",
            "가격": "21,020원",
            "수량": "2"
        },
        "그래픽카드": {
            "제품명": "ASRock 라데온 RX 6600 CHALLENGER D D6 8GB 대원씨티에스",
            "가격": "265,570원",
            "수량": "1"
        },
        "SSD": {
            "제품명": "SK하이닉스 GOLD P31 M2 NVMe 500GB",
            "가격": "79,000원",
            "수량": "1"
        },
        "케이스": {
            "제품명": "몬스타 가츠 X320M 블랙",
            "가격": "29,890원",
            "수량": "1"
        },
        "파워서플라이": {
            "제품명": "몬스타 가츠 ExtremeX FX700 80PLUS STANDARD",
            "가격": "43,500원",
            "수량": "1"
        },
        "CPU쿨러": {
            "제품명": "PentaWave Z04E SRB ARGB",
            "가격": "20,230원",
            "수량": "1"
        }
    },
    "total_price": "707880원",
    "CPU": "AMD 라이젠5-4세대 5600 (버미어) (멀티팩(정품))",
    "Motherboard": "ASUS PRIME A520M-A II 대원CTS",
    "Graphic Card": "ASRock 라데온 RX 6600 CHALLENGER D D6 8GB 대원씨티에스",
    "SSD": "SK하이닉스 GOLD P31 M2 NVMe (500GB)",
    "Memory": "ESSENCORE KLEVV DDR4-3200 CL22 (8GB) x 2 개",
    "Power Supply": "몬스타 가츠 ExtremeX FX700 80PLUS STANDARD",
    "CPU Cooler": "PentaWave Z04E SRB ARGB",
    "cpu_score": 504,
    "gpu_score": 88,
    "performance_grade": "중성능",
    "cpu_benchmarkscore": 21908,
    "gpu_benchmarkscore": 16473
}