{
    "quote_number": "4601",
    "quote_title": "AMD 라이젠5-4세대 5600 + 지포스 RTX 4060 Ti",
    "date_create": "2024.3.23",
    "cpu_gpu_combinations": "라이젠5 5600 + RTX 4060 Ti 조합",
    "quotation_summary": " AMD 라이젠5-4세대 5600 + 지포스 RTX 4060 Ti# 게임용",
    "quote_person_introduction": "안녕하세요! 인벤에서 주로 활동하고 있는 Skywalkers입니다.가성비와 성능비 그리고 감성비까지 모두 고려해서 가장 합리적인 구성을 찾을 수 있도록 추천을 드리겠습니다.",
    "quote_feedback": "1. ML-420 View BTF 화이트 혹은 PC-O11 VISION 화이트 케이스를 활용해서는 130만원 이하로 구성이 불가능합니다.2. 최대한 가성비와 감성비를 고려해서 110만원대에 어항케이스 화이트 컨셉으로 추천을 드리겠습니다.3. CPU는 게임 가성비가 가장 좋은 5600으로 구성했고 메인보드는 기판까지 화이트로 제대로 된 화이트 감성을 느낄 수 있는 ASRock B550M Pro SE 디앤디컴으로 구성4. 메모리는 라이프타임 워런티로 압도적인 AS기간을 제공하고 SK하이닉스 모듈을 사용해서 안정성도 높고 가격도 저렴한 ESSENCORE KLEVV DDR4-3200 CL22 (8GB) 2개 16기가로 구성5. 그래픽카드는 1티어 AS 중에서도 최상위면서 화이트 색상에 가격적인 메리트도 높은 이엠텍 지포스 RTX 4060 Ti MIRACLE WHITE D6 8GB로 구성6. SSD는 젠4 제품 중 넘사벽 갓성비의 삼성전자 980PRO OEM버전인 삼성전자 PM9A1 M2 NVMe 병행수입 (1TB)으로 구성했고, 저렴한 방열판도 하나 추가했습니다.7. 케이스는 최근 가장 핫한 파노라마 뷰 어항케이스 중 압도적인 비주얼과 가성비가 적용된 몬스타 가츠 X520A 화이트 (미들타워)로 구성8. 파워는 7년 무상 AS에 브론즈 인증, 140mm 팬 장착, 12V 가용력 100%, 성능으로 세계적에서 유명한 국산 삼영콘덴서를 메인콘덴서로 채용, 6종 보호회로 적용 등 가격대비 퀄리티는 최고수준으로 보급형에서는 끝판왕급인 탑파워 가디언 700W로 구성9. CPU쿨러는 대장급 성능의 듀얼타워 공랭쿨러 중 가성비가 가장 좋은 3RSYS Socoool RC1200 ARGB (WHITE)로 구성참고해서 합리적인 구매하시기 바랍니다.",
    "computer_estimate_data": "[CPU]AMD 라이젠5-4세대 5600 (버미어) (멀티팩(정품))상세보기[메인보드]ASRock B550M Pro SE 디앤디컴상세보기[메모리]ESSENCORE KLEVV DDR4-3200 CL22 (8GB) x 2 개상세보기[그래픽카드]이엠텍 지포스 RTX 4060 Ti MIRACLE WHITE D6 8GB상세보기[SSD]삼성전자 PM9A1 M2 NVMe 병행수입 (1TB)상세보기[케이스]몬스타 가츠 X520A 화이트 (미들타워)상세보기[파워서플라이]topower Guardian TOP-600DG Single Rail 80PLUS BRONZE WHITE상세보기[CPU쿨러]3RSYS Socoool RC1200 ARGB (WHITE)상세보기[쿨러.튜닝.조명.액세서리]케이엘시스템 KLcom M.2 2280 방열판 (SILVER)상세보기[조립PC관련][견적왕] 조립 서비스 + 1년 출장 A/S상세보기",
    "quote_description": "CPU는 현재 게임 가성비가 가장 좋은 CPU파워서플라이는 topower사의 600W 브론즈등급 화이트색상 제품입니다. A/S보증기간 7년을 제공하고 화이트 색상 제품이라 화이트감성 PC에 알맞는 제품입니다.",
    "parts_price": {
        "CPU": {
            "제품명": "AMD 라이젠5-4세대 5600",
            "가격": "143,660원",
            "수량": "1"
        },
        "메인보드": {
            "제품명": "ASRock B550M Pro SE 디앤디컴",
            "가격": "177,350원",
            "수량": "1"
        },
        "메모리": {
            "제품명": "ESSENCORE KLEVV DDR4-3200 CL22  8GB",
            "가격": "21,020원",
            "수량": "2"
        },
        "그래픽카드": {
            "제품명": "이엠텍 지포스 RTX 4060 Ti MIRACLE WHITE D6 8GB",
            "가격": "577,530원",
            "수량": "1"
        },
        "SSD": {
            "제품명": "삼성전자 PM9A1 M2 NVMe 병행수입 1TB",
            "가격": "105,000원",
            "수량": "1"
        },
        "케이스": {
            "제품명": "몬스타 가츠 X520A 화이트",
            "가격": "47,900원",
            "수량": "1"
        },
        "파워서플라이": {
            "제품명": "topower Guardian TOP-600DG Single Rail 80PLUS BRONZE WHITE",
            "가격": "65,000원",
            "수량": "1"
        },
        "CPU쿨러": {
            "제품명": "3RSYS Socoool RC1200 ARGB",
            "가격": "34,420원",
            "수량": "1"
        },
        "쿨러.튜닝.조명.액세서리": {
            "제품명": "케이엘시스템 KLcom M.2 2280 방열판",
            "가격": "1,260원",
            "수량": "1"
        }
    },
    "total_price": "1194160원",
    "CPU": "AMD 라이젠5-4세대 5600 (버미어) (멀티팩(정품))",
    "Motherboard": "ASRock B550M Pro SE 디앤디컴",
    "Graphic Card": "이엠텍 지포스 RTX 4060 Ti MIRACLE WHITE D6 8GB",
    "SSD": "삼성전자 PM9A1 M2 NVMe 병행수입 (1TB)",
    "Memory": "ESSENCORE KLEVV DDR4-3200 CL22 (8GB) x 2 개",
    "Power Supply": "topower Guardian TOP-600DG Single Rail 80PLUS BRONZE WHITE",
    "CPU Cooler": "3RSYS Socoool RC1200 ARGB (WHITE)",
    "cpu_score": 504,
    "gpu_score": 32,
    "performance_grade": "중성능",
    "cpu_benchmarkscore": 21908,
    "gpu_benchmarkscore": 22891
}