{
    "quote_number": "4640",
    "quote_title": "7800X3D + RTX 4070 SUPER (3RSYS S406 Quiet 리버스 블랙)",
    "date_create": "2024.3.24",
    "cpu_gpu_combinations": "라이젠7 7800X3D + RTX 4070 SUPER 조합",
    "quotation_summary": " 7800X3D + RTX 4070 SUPER (3RSYS S406 Quiet 리버스 블랙)# 7800X3D + RTX 4070 SUPER (3RSYS S406 Quiet 리버스 블랙)",
    "quote_person_introduction": "퀘이사존, 다나와, 쿨엔에서 활동 중인  잉여인간17호입니다.다양한 필테 경력과 컴덕질을 경험삼아 도움 드리고자 합니다.어떠한 스폰도 받지 않는 유저 입장에서 직접 사용해보고 테스트한 견적 위주로 견적드리겠습니다.",
    "quote_feedback": "7800X3D + RTX 4070 SUPER (3RSYS S406 Quiet 리버스 블랙)",
    "computer_estimate_data": "[CPU]AMD 라이젠7-5세대 7800X3D (라파엘) (정품)상세보기[메인보드]ASUS TUF Gaming B650M-E WIFI 대원씨티에스상세보기[메모리]TeamGroup T-CREATE DDR5-6000 CL38 EXPERT 패키지 서린 (32GB(16Gx2))상세보기[그래픽카드]inno3D 지포스 RTX 4070 SUPER OC D6X 12GB X3상세보기[SSD]SK하이닉스 Platinum P41 M.2 NVMe (1TB)상세보기[케이스]3RSYS S406 Quiet 리버스 블랙 (미들타워)상세보기[파워서플라이]시소닉 NEW FOCUS GX-750 GOLD Full Modular ATX 3.0상세보기[CPU쿨러]3RSYS Socoool RC-1800 Quiet 솔더링 (BLACK)상세보기[쿨러.튜닝.조명.액세서리]3RSYS Silence GI 120 데이지체인 3PACK (BLACK)상세보기[조립PC관련][견적왕] 조립 서비스 + 1년 출장 A/S상세보기",
    "quote_description": "[조립PC관련]수랭 쿨러 조립 추가 비용상세보기CPU는 7000번대 3D 제품으로 7950X3D와 달리 별도의 설정없이도 뛰어난 게임 성능을 자랑합니다.  \n전성비는 물론 온도도 뛰어나 공랭으로 가성비 좋게 게이밍 환경 구성이 가능합니다.SSD는 하이닉스의 PCIE4.0 대역폭 SSD입니다. 176단 낸드로 뛰어난 전성비를 자랑합니다.CPU쿨러는 최상급 성능에 정숙성도 뛰어난 대장급 공랭 쿨러입니다.",
    "parts_price": {
        "CPU": {
            "제품명": "AMD 라이젠7-5세대 7800X3D",
            "가격": "518,680원",
            "수량": "1"
        },
        "메인보드": {
            "제품명": "ASUS TUF Gaming B650M-E WIFI 대원씨티에스",
            "가격": "223,000원",
            "수량": "1"
        },
        "메모리": {
            "제품명": "TeamGroup T-CREATE DDR5-6000 CL38 EXPERT 패키지 서린) 32GB",
            "가격": "157,940원",
            "수량": "1"
        },
        "그래픽카드": {
            "제품명": "inno3D 지포스 RTX 4070 SUPER OC D6X 12GB X3",
            "가격": "937,580원",
            "수량": "1"
        },
        "SSD": {
            "제품명": "SK하이닉스 Platinum P41 M.2 NVMe 1TB",
            "가격": "165,990원",
            "수량": "1"
        },
        "케이스": {
            "제품명": "3RSYS S406 Quiet 리버스 블랙",
            "가격": "82,090원",
            "수량": "1"
        },
        "파워서플라이": {
            "제품명": "시소닉 NEW FOCUS GX-750 GOLD Full Modular ATX 3.0",
            "가격": "179,000원",
            "수량": "1"
        },
        "CPU쿨러": {
            "제품명": "3RSYS Socoool RC-1800 Quiet 솔더링",
            "가격": "66,120원",
            "수량": "1"
        },
        "쿨러.튜닝.조명.액세서리": {
            "제품명": "3RSYS Silence GI 120 데이지체인 3PACK",
            "가격": "39,050원",
            "수량": "1"
        }
    },
    "total_price": "2369450원",
    "CPU": "AMD 라이젠7-5세대 7800X3D (라파엘) (정품)",
    "Motherboard": "ASUS TUF Gaming B650M-E WIFI 대원씨티에스",
    "Graphic Card": "inno3D 지포스 RTX 4070 SUPER OC D6X 12GB X3",
    "SSD": "SK하이닉스 Platinum P41 M.2 NVMe (1TB)",
    "Memory": "TeamGroup T-CREATE DDR5-6000 CL38 EXPERT 패키지 서린 (32GB(16Gx2))",
    "Power Supply": "시소닉 NEW FOCUS GX-750 GOLD Full Modular ATX 3.0",
    "CPU Cooler": "3RSYS Socoool RC-1800 Quiet 솔더링 (BLACK)",
    "cpu_score": 225,
    "gpu_score": 4,
    "performance_grade": "고성능",
    "cpu_benchmarkscore": 34357,
    "gpu_benchmarkscore": 31768
}