{
    "quote_number": "4709",
    "quote_title": "AMD 라이젠7-5세대 7800X3D + RTX 4070 SUPER",
    "date_create": "2024.3.25",
    "cpu_gpu_combinations": "라이젠7 7800X3D + RTX 4070 SUPER 조합",
    "quotation_summary": " AMD 라이젠7-5세대 7800X3D + RTX 4070 SUPER# 게임용",
    "quote_person_introduction": "안녕하세요! 인벤에서 주로 활동하고 있는 Skywalkers입니다.가성비와 성능비 그리고 감성비까지 모두 고려해서 가장 합리적인 구성을 찾을 수 있도록 추천을 드리겠습니다.",
    "quote_feedback": "1. 그래픽카드는 1티어급  AS를 제공하고 트리플 팬이 적용되어 있으면서 가격적인 메리트가 가장 높은 편인 inno3D 지포스 RTX 4070 SUPER OC D6X 12GB X3로 변경2. 구성하신 970 EVO SSD는 NVMe 규격 중에서 속도가 가장 느린 젠3 제품입니다.젠3 보다 2배 더 빠른 젠4 제품 중 넘사벽 갓성비의 삼성전자 980PRO OEM버전인 삼성전자 PM9A1 M2 NVMe 병행수입 (1TB)으로 변경했고, 저렴한 방열판도 하나 추가했습니다.3. 케이스는 상단 3열 수냉쿨러 장착이 가능하고 원터치 스냅도어와 C타입 포트 등을 적용하고서도 가격을 대폭 인하하여 새롭게 출시한 갓성비 제품인 3RSYS L700 LITE (미들타워)로 변경4. 파워는 ATX3.0과 PCIE5 규격을 동시에 지원하는 가성비 좋은 NEWZEN SKULL 850SM MODULAR ATX 3.0 80PLUS GOLD (PCIE5)로 변경5. 7800X3D의 경우 전성비가 아주 좋아서 공랭쿨러와 수냉쿨러 사이에도 온도 차이가 크지 않습니다. 수냉쿨러 사이에서는 변별력이 없는 CPU죠. 즉 8만원짜리 수냉쿨러나 16만원짜리 수냉쿨러나 동일한 온도라는 말입니다.대장급 성능의 3열  수냉쿨러 중에서 압도적인 가성비를 제공하는 DARKFLASH NEBULA DN-360 ARGB (블랙)으로 변경참고해서 합리적인 구매하시기 바랍니다.",
    "computer_estimate_data": "[CPU]AMD 라이젠7-5세대 7800X3D (라파엘) (정품)상세보기[메인보드]ASRock B650M PG Riptide 대원씨티에스상세보기[그래픽카드]inno3D 지포스 RTX 4070 SUPER OC D6X 12GB X3상세보기[SSD]삼성전자 PM9A1 M2 NVMe 병행수입 (1TB)상세보기[케이스]3RSYS L700 LITE (미들타워)상세보기[파워서플라이]NEWZEN SKULL 850SM MODULAR ATX 3.0 80PLUS GOLD (PCIE5)상세보기[CPU쿨러]DARKFLASH NEBULA DN-360 ARGB (블랙)상세보기[모니터]LG전자 울트라기어 27GP850상세보기[쿨러.튜닝.조명.액세서리]케이엘시스템 KLcom M.2 2280 방열판 (BLACK)상세보기[조립PC관련]수랭 쿨러 조립 추가 비용상세보기[조립PC관련][견적왕] 조립 서비스 + 1년 출장 A/S상세보기",
    "quote_description": "CPU쿨러는 CPU쿨러는 대장급 성능의 3열 수냉쿨러 중에서는 압도적인 가성비를 제공하는 DARKFLASH NEBULA DN-360 ARGB (블랙)쿨러.튜닝.조명.액세서리는 높은 NVMe SSD의 온도를 제어해 줄 가성비 좋은 SSD 방열판",
    "parts_price": {
        "CPU": {
            "제품명": "AMD 라이젠7-5세대 7800X3D",
            "가격": "518,680원",
            "수량": "1"
        },
        "메인보드": {
            "제품명": "ASRock B650M PG Riptide 대원씨티에스",
            "가격": "214,920원",
            "수량": "1"
        },
        "그래픽카드": {
            "제품명": "inno3D 지포스 RTX 4070 SUPER OC D6X 12GB X3",
            "가격": "937,570원",
            "수량": "1"
        },
        "SSD": {
            "제품명": "삼성전자 PM9A1 M2 NVMe 병행수입 1TB",
            "가격": "104,990원",
            "수량": "1"
        },
        "케이스": {
            "제품명": "3RSYS L700 LITE",
            "가격": "58,290원",
            "수량": "1"
        },
        "파워서플라이": {
            "제품명": "NEWZEN SKULL 850SM MODULAR ATX 3.0 80PLUS GOLD",
            "가격": "134,000원",
            "수량": "1"
        },
        "CPU쿨러": {
            "제품명": "DARKFLASH NEBULA DN-360 ARGB",
            "가격": "81,330원",
            "수량": "1"
        },
        "모니터": {
            "제품명": "LG전자 울트라기어 27GP850",
            "가격": "442,020원",
            "수량": "1"
        },
        "쿨러.튜닝.조명.액세서리": {
            "제품명": "케이엘시스템 KLcom M.2 2280 방열판",
            "가격": "1,260원",
            "수량": "1"
        }
    },
    "total_price": "2493060원",
    "CPU": "AMD 라이젠7-5세대 7800X3D (라파엘) (정품)",
    "Motherboard": "ASRock B650M PG Riptide 대원씨티에스",
    "Graphic Card": "inno3D 지포스 RTX 4070 SUPER OC D6X 12GB X3",
    "SSD": "삼성전자 PM9A1 M2 NVMe 병행수입 (1TB)",
    "Power Supply": "NEWZEN SKULL 850SM MODULAR ATX 3.0 80PLUS GOLD (PCIE5)",
    "CPU Cooler": "DARKFLASH NEBULA DN-360 ARGB (블랙)",
    "cpu_score": 225,
    "gpu_score": 4,
    "performance_grade": "고성능",
    "cpu_benchmarkscore": 34357,
    "gpu_benchmarkscore": 31768
}