{
    "quote_number": "4713",
    "quote_title": "7950X3D + RTX 4080 Super (MONTECH KING 95 PRO 화이트)",
    "date_create": "2024.3.25",
    "cpu_gpu_combinations": "라이젠9 7950X3D + RTX 4080 SUPER 조합",
    "quotation_summary": " 7950X3D + RTX 4080 Super (MONTECH KING 95 PRO 화이트)# 7950X3D + RTX 4080 Super (MONTECH KING 95 PRO 화이트)",
    "quote_person_introduction": "퀘이사존, 다나와, 쿨엔에서 활동 중인  잉여인간17호입니다.다양한 필테 경력과 컴덕질을 경험삼아 도움 드리고자 합니다.어떠한 스폰도 받지 않는 유저 입장에서 직접 사용해보고 테스트한 견적 위주로 견적드리겠습니다.",
    "quote_feedback": "7950X3D + RTX 4080 Super (MONTECH KING 95 PRO 화이트)",
    "computer_estimate_data": "[CPU]AMD 라이젠9-5세대 7950X3D (라파엘) (정품)상세보기[메인보드]GIGABYTE B650 AORUS ELITE AX ICE 피씨디렉트상세보기[메모리]ESSENCORE KLEVV DDR5-5600 CL46 (32GB) x 2 개상세보기[그래픽카드]갤럭시 GALAX 지포스 RTX 4080 SUPER SG OC D6X 16GB상세보기[SSD]Western Digital WD BLACK SN850X M.2 NVMe (1TB)상세보기[SSD]Western Digital WD BLACK SN850X M.2 NVMe (2TB)상세보기[데스크탑 HDD]Western Digital 4TB Ultrastar DC HC310 패키지 (SATA3/7200/256M)상세보기[케이스]MONTECH KING 95 PRO 화이트 (미들타워)상세보기[파워서플라이]NEWZEN SKULL 850SM MODULAR ATX 3.0 80PLUS GOLD WHITE (PCIE5)상세보기[CPU쿨러]Thermalright Peerless Assassin 120 SE WHITE ARGB 서린상세보기[쿨러.튜닝.조명.액세서리]MONTECH RX120 PWM ARGB (WHITE) x 3 개상세보기[조립PC관련][견적왕] 조립 서비스 + 1년 출장 A/S상세보기",
    "quote_description": "CPU는 뛰어난 게임성능과 전성비로 인텔 13세대를 압도해버린 라이젠 최상위 게이밍 CPU입니다.SSD는 WD의 PCIE4.0 대역폭 상급 제품SSD는 PCIe4.0 대역폭을 기반으로 읽기속도 7,300(MB/s)와 쓰기속도 6,600(MB/s) 의 최상급 성능을 자랑하는 SSD입니다파워서플라이는 10년 보증에 슈퍼플라워랑 같은 유통사로 고주파 발생시 새제품 교환 등 AS 정책CPU쿨러는 써멀리아트의 대장급 공랭입니다. 화이트 감성과 정숙성을 원하시는 분들에게 추천드립니다.",
    "parts_price": {
        "CPU": {
            "제품명": "AMD 라이젠9-5세대 7950X3D",
            "가격": "891,920원",
            "수량": "1"
        },
        "메인보드": {
            "제품명": "GIGABYTE B650 AORUS ELITE AX ICE 피씨디렉트",
            "가격": "256,640원",
            "수량": "1"
        },
        "메모리": {
            "제품명": "ESSENCORE KLEVV DDR5-5600 CL46  32GB",
            "가격": "124,750원",
            "수량": "2"
        },
        "그래픽카드": {
            "제품명": "갤럭시 GALAX 지포스 RTX 4080 SUPER SG OC D6X 16GB",
            "가격": "1,784,020원",
            "수량": "1"
        },
        "SSD": {
            "제품명": "Western Digital WD BLACK SN850X M.2 NVMe 2TB",
            "가격": "226,230원",
            "수량": "1"
        },
        "데스크탑 HDD": {
            "제품명": "Western Digital 4TB Ultrastar DC HC310 패키지",
            "가격": "1,320,000원",
            "수량": "1"
        },
        "케이스": {
            "제품명": "MONTECH KING 95 PRO 화이트",
            "가격": "233,000원",
            "수량": "1"
        },
        "파워서플라이": {
            "제품명": "NEWZEN SKULL 850SM MODULAR ATX 3.0 80PLUS GOLD WHITE",
            "가격": "139,350원",
            "수량": "1"
        },
        "CPU쿨러": {
            "제품명": "Thermalright Peerless Assassin 120 SE WHITE ARGB 서린",
            "가격": "45,300원",
            "수량": "1"
        },
        "쿨러.튜닝.조명.액세서리": {
            "제품명": "MONTECH RX120 PWM ARGB x 3 개",
            "가격": "16,470원",
            "수량": "3"
        }
    },
    "total_price": "5195370원",
    "CPU": "AMD 라이젠9-5세대 7950X3D (라파엘) (정품)",
    "Motherboard": "GIGABYTE B650 AORUS ELITE AX ICE 피씨디렉트",
    "Graphic Card": "갤럭시 GALAX 지포스 RTX 4080 SUPER SG OC D6X 16GB",
    "SSD": "Western Digital WD BLACK SN850X M.2 NVMe (1TB)",
    "Memory": "ESSENCORE KLEVV DDR5-5600 CL46 (32GB) x 2 개",
    "Power Supply": "NEWZEN SKULL 850SM MODULAR ATX 3.0 80PLUS GOLD WHITE (PCIE5)",
    "CPU Cooler": "Thermalright Peerless Assassin 120 SE WHITE ARGB 서린",
    "cpu_score": 63,
    "gpu_score": 1,
    "performance_grade": "고성능",
    "cpu_benchmarkscore": 62530,
    "gpu_benchmarkscore": 34625
}