{
    "quote_number": "4725",
    "quote_title": "7500F + RTX 4060 TI 화이트",
    "date_create": "2024.3.26",
    "cpu_gpu_combinations": "라이젠5 7500F + RTX 4060 Ti 조합",
    "quotation_summary": " 7500F + RTX 4060 TI 화이트# 7500F + RTX 4060 TI 화이트",
    "quote_person_introduction": "퀘이사존, 다나와, 쿨엔에서 활동 중인  잉여인간17호입니다.다양한 필테 경력과 컴덕질을 경험삼아 도움 드리고자 합니다.어떠한 스폰도 받지 않는 유저 입장에서 직접 사용해보고 테스트한 견적 위주로 견적드리겠습니다.",
    "quote_feedback": "7500F + RTX 4060 TI 화이트",
    "computer_estimate_data": "[CPU]AMD 라이젠5-5세대 7500F (라파엘) (멀티팩(정품))상세보기[메인보드]ASRock B650M PG Lightning 에즈윈상세보기[메모리]ESSENCORE KLEVV DDR5-5600 CL46 (16GB) x 2 개상세보기[그래픽카드]이엠텍 지포스 RTX 4060 Ti MIRACLE WHITE D6 8GB상세보기[SSD]삼성전자 PM9A1 M2 NVMe 병행수입 (1TB)상세보기[케이스]1stPlayer T7-P 화이트 (미들타워)상세보기[파워서플라이]topower Guardian TOP-700DG Single Rail 80PLUS BRONZE WHITE상세보기[CPU쿨러]DARKFLASH Ellsworth S21 (화이트)상세보기[쿨러.튜닝.조명.액세서리]케이엘시스템 KLcom M.2 2280 방열판 (SILVER)상세보기[조립PC관련][견적왕] 조립 서비스 + 1년 출장 A/S상세보기",
    "quote_description": "CPU는 최고의 게이밍 가성비 CPU입니다메인보드는 Dr.MOS 전원부가 탑재된 가성비 좋은 B650보드입니다.메모리는 하이닉스 A다이 메모리\n인식률 호환성 안정성 굳!그래픽카드는 AS 1티어 업체, 믿고 쓰는 이엠텍의 RTX 4060 Ti  화이트 제품입니다.SSD는 삼성 980 프로 OEM 제품으로 가성비가 좋습니다.파워서플라이는 엔트리 라인에서 화이트 감성을 위한 화이트 파워입니다.CPU쿨러는 다크플래쉬에서 새로 나온 S21이 성능도 뛰어나고 화이트 제품도 있어 해당 쿨러입니다.",
    "parts_price": {
        "CPU": {
            "제품명": "AMD 라이젠5-5세대 7500F",
            "가격": "203,900원",
            "수량": "1"
        },
        "메인보드": {
            "제품명": "ASRock B650M PG Lightning 에즈윈",
            "가격": "156,090원",
            "수량": "1"
        },
        "메모리": {
            "제품명": "ESSENCORE KLEVV DDR5-5600 CL46  16GB",
            "가격": "63,490원",
            "수량": "2"
        },
        "그래픽카드": {
            "제품명": "이엠텍 지포스 RTX 4060 Ti MIRACLE WHITE D6 8GB",
            "가격": "577,530원",
            "수량": "1"
        },
        "SSD": {
            "제품명": "삼성전자 PM9A1 M2 NVMe 병행수입 1TB",
            "가격": "104,990원",
            "수량": "1"
        },
        "케이스": {
            "제품명": "1stPlayer T7-P 화이트",
            "가격": "42,500원",
            "수량": "1"
        },
        "파워서플라이": {
            "제품명": "topower Guardian TOP-700DG Single Rail 80PLUS BRONZE WHITE",
            "가격": "75,000원",
            "수량": "1"
        },
        "CPU쿨러": {
            "제품명": "DARKFLASH Ellsworth S21",
            "가격": "26,900원",
            "수량": "1"
        },
        "쿨러.튜닝.조명.액세서리": {
            "제품명": "케이엘시스템 KLcom M.2 2280 방열판",
            "가격": "1,260원",
            "수량": "1"
        }
    },
    "total_price": "1315150원",
    "CPU": "AMD 라이젠5-5세대 7500F (라파엘) (멀티팩(정품))",
    "Motherboard": "ASRock B650M PG Lightning 에즈윈",
    "Graphic Card": "이엠텍 지포스 RTX 4060 Ti MIRACLE WHITE D6 8GB",
    "SSD": "삼성전자 PM9A1 M2 NVMe 병행수입 (1TB)",
    "Memory": "ESSENCORE KLEVV DDR5-5600 CL46 (16GB) x 2 개",
    "Power Supply": "topower Guardian TOP-700DG Single Rail 80PLUS BRONZE WHITE",
    "CPU Cooler": "DARKFLASH Ellsworth S21 (화이트)",
    "cpu_score": 355,
    "gpu_score": 32,
    "performance_grade": "중성능",
    "cpu_benchmarkscore": 26926,
    "gpu_benchmarkscore": 22891
}