{
    "quote_number": "4764",
    "quote_title": "코어i5-14세대 14600KF + 지포스 RTX 4060 Ti",
    "date_create": "2024.3.27",
    "cpu_gpu_combinations": "코어i5-14600KF + RTX 4060 Ti 조합",
    "quotation_summary": " 코어i5-14세대 14600KF + 지포스 RTX 4060 Ti# 게임용",
    "quote_person_introduction": "안녕하세요! 인벤에서 주로 활동하고 있는 Skywalkers입니다.가성비와 성능비 그리고 감성비까지 모두 고려해서 가장 합리적인 구성을 찾을 수 있도록 추천을 드리겠습니다.",
    "quote_feedback": "1. 인텔은 12세대부터 벌크도 정품과 동일한 3년 무상 AS를 제공합니다.정품 박스가 꼭 필요한 것이 아니라면 벌크로 구성하는 것이 보다 효율적입니다. 14600KF 벌크로 변경2. 메인보드는 840A급 출력의 드라이버 모스펫으로 구성하신 스틸레전드보다 상위 전원부가 적용되어 있고 기판까지 화이트로 제대로 된 화이트 감성을 느낄 수 있는 GIGABYTE B760M AORUS ELITE X AX 제이씨현으로 변경3. 메모리는 삼성 램의 경우 대형 불량 이슈가 터졌던 제품이라 라이프타임 워런티로 압도적인 AS기간을 제공하고 SK하이닉스 모듈을 적용하여 안정적으로 사용할 수 있는 ESSENCORE KLEVV DDR5-5600 CL46 (16GB) x 2개 32기가로 변경4. SSD는 젠4 규격의 끝판왕급 성능 제품인 마이크론 Crucial T500 M.2 NVMe 아스크텍 (1TB)로 변경5. 케이스는 140mm 저소음팬이 6개 기본장착되어 있어서 팬을 추가할 필요없고 공랭 CPU쿨러와 조합시 최고의 쿨링 효율을 보여주는 아이구주 PRAY 30 PLUS 화이트 (미들타워)로 변경6. 화이트 컨셉이라 파워와 CPU쿨러도 화이트로 맞춰주면 보다 멋진 세팅이 됩니다.파워는 7년 무상 AS에 브론즈 인증, 140mm 팬 장착, 12V 가용력 100%, 성능으로 세계적에서 유명한 국산 삼영콘덴서를 메인콘덴서로 채용, 6종 보호회로 적용 등 가격대비 퀄리티는 최고수준으로 보급형에서는 끝판왕급인 탑파워 가디언 700W 화이트로 변경7. CPU쿨러는 케이스와 잘 어울리는 화이트 색상에 대장급 성능 듀얼타워 공랭쿨러 중에서는 소음도 가장 낮은 편에 속하고 가성비까지 좋은 DARKFLASH Ellsworth D21 (WHITE)로 변경참고해서 합리적인 구매하시기 바랍니다.",
    "computer_estimate_data": "[CPU]코어i5-14세대 14600KF (랩터레이크)(벌크)상세보기[메인보드]GIGABYTE B760M AORUS ELITE X AX 제이씨현상세보기[메모리]ESSENCORE KLEVV DDR5-5600 CL46 (16GB) x 2 개상세보기[그래픽카드]이엠텍 지포스 RTX 4060 Ti MIRACLE WHITE D6 8GB상세보기[SSD]마이크론 Crucial T500 M.2 NVMe 아스크텍 (1TB)상세보기[케이스]아이구주 PRAY 30 PLUS 화이트 (미들타워)상세보기[파워서플라이]topower Guardian TOP-700DG Single Rail 80PLUS BRONZE WHITE상세보기[CPU쿨러]DARKFLASH Ellsworth D21 (WHITE)상세보기[조립PC관련][견적왕] 조립 서비스 + 1년 출장 A/S상세보기",
    "quote_description": "메모리는 하이닉스 A다이 메모리\n인식률 호환성 안정성 굳!파워서플라이는 7년 무상 AS에 브론즈 인증, 140mm 팬 장착, 12V 가용력 100%, 성능으로 세계적에서 유명한 국산 삼영콘덴서를 메인콘덴서로 채용, 6종 보호회로 적용 등 가격대비 퀄리티는 최고수준으로 보급형에서는 끝판왕급인 탑파워 가디언 700W 화이트CPU쿨러는 이쁘고 조용한 다크플래시의 D21",
    "parts_price": {
        "CPU": {
            "제품명": "코어i5-14세대 14600KF",
            "가격": "399,630원",
            "수량": "1"
        },
        "메인보드": {
            "제품명": "GIGABYTE B760M AORUS ELITE X AX 제이씨현",
            "가격": "239,000원",
            "수량": "1"
        },
        "메모리": {
            "제품명": "ESSENCORE KLEVV DDR5-5600 CL46  16GB",
            "가격": "63,470원",
            "수량": "2"
        },
        "그래픽카드": {
            "제품명": "이엠텍 지포스 RTX 4060 Ti MIRACLE WHITE D6 8GB",
            "가격": "577,530원",
            "수량": "1"
        },
        "SSD": {
            "제품명": "마이크론 Crucial T500 M.2 NVMe 아스크텍 1TB",
            "가격": "129,700원",
            "수량": "1"
        },
        "케이스": {
            "제품명": "아이구주 PRAY 30 PLUS 화이트",
            "가격": "56,100원",
            "수량": "1"
        },
        "파워서플라이": {
            "제품명": "topower Guardian TOP-700DG Single Rail 80PLUS BRONZE WHITE",
            "가격": "75,000원",
            "수량": "1"
        },
        "CPU쿨러": {
            "제품명": "DARKFLASH Ellsworth D21",
            "가격": "47,290원",
            "수량": "1"
        }
    },
    "total_price": "1651190원",
    "CPU": "코어i5-14세대 14600KF (랩터레이크)(벌크)",
    "Motherboard": "GIGABYTE B760M AORUS ELITE X AX 제이씨현",
    "Graphic Card": "이엠텍 지포스 RTX 4060 Ti MIRACLE WHITE D6 8GB",
    "SSD": "마이크론 Crucial T500 M.2 NVMe 아스크텍 (1TB)",
    "Memory": "ESSENCORE KLEVV DDR5-5600 CL46 (16GB) x 2 개",
    "Power Supply": "topower Guardian TOP-700DG Single Rail 80PLUS BRONZE WHITE",
    "CPU Cooler": "DARKFLASH Ellsworth D21 (WHITE)",
    "cpu_score": 181,
    "gpu_score": 32,
    "performance_grade": "고성능",
    "cpu_benchmarkscore": 39510,
    "gpu_benchmarkscore": 22891
}