{
    "quote_number": "4816",
    "quote_title": "5600 반본체",
    "date_create": "2024.3.28",
    "cpu_gpu_combinations": "라이젠5 5600 + RX 7600 조합",
    "quotation_summary": " 5600 반본체# 5600 반본체",
    "quote_person_introduction": "퀘이사존, 다나와, 쿨엔에서 활동 중인  잉여인간17호입니다.다양한 필테 경력과 컴덕질을 경험삼아 도움 드리고자 합니다.어떠한 스폰도 받지 않는 유저 입장에서 직접 사용해보고 테스트한 견적 위주로 견적드리겠습니다.",
    "quote_feedback": "5600 반본체",
    "computer_estimate_data": "[조립PC관련][견적왕] 조립 서비스 + 1년 출장 A/S상세보기",
    "quote_description": "[CPU]AMD 라이젠5-4세대 5600 (버미어) (멀티팩(정품))상세보기[메모리]ESSENCORE KLEVV DDR4-3200 CL22 (16GB) x 2 개상세보기[메인보드]ASUS PRIME B550M-A 대원CTS상세보기[SSD]삼성전자 PM9A1 M2 NVMe 병행수입 (1TB)상세보기[그래픽카드]ASUS DUAL 라데온 RX 7600 O8G OC D6 8GB상세보기[케이스]1stPlayer T7-P 블랙 (미들타워)상세보기[파워서플라이]마이크로닉스 Classic II 풀체인지 600W 80PLUS BRONZE 230V EU상세보기[CPU쿨러]PentaWave Z04E SRB ARGB상세보기[쿨러.튜닝.조명.액세서리]케이엘시스템 KLcom M.2 2280 방열판 (BLACK)상세보기CPU는 여전히 가성비 게이밍 CPU로 명성이 자자한 CPU입니다.메인보드는 5600과 가성비 좋게 구성하기 좋은 메인보드입니다.SSD는 삼성 980 프로 OEM 제품으로 가성비가 좋습니다.케이스는 케이스는 시소닉 유통사 맥스엘리트에서 나온 1stPlayer T7-P 블랙 제품이 가격대비 호환성도 좋고, 정숙성이 뛰어난 하이드로 베어링이 탑재된 쿨링팬이 기본 6개에 가성비가 뛰어납니다.파워서플라이는 스테디셀러 파워인 마닉 풀체인지가 브론즈 등급에 AS기간도 7년으로 늘었고, 제로팬으로 정숙성도 뛰어나고 애프터쿨링으로 내구성을 높여 메리트도 높고 가격대도 좋습니다.",
    "parts_price": {},
    "total_price": "0원",
    "cpu_score": null,
    "gpu_score": null,
    "performance_grade": "정보 없음",
    "cpu_benchmarkscore": null,
    "gpu_benchmarkscore": null
}