{
    "quote_number": "4836",
    "quote_title": "AMD 라이젠5-4세대 5600G",
    "date_create": "2024.3.29",
    "cpu_gpu_combinations": "라이젠5 5600G +  조합",
    "quotation_summary": " AMD 라이젠5-4세대 5600G# 사무용",
    "quote_person_introduction": "안녕하세요! 인벤에서 주로 활동하고 있는 Skywalkers입니다.가성비와 성능비 그리고 감성비까지 모두 고려해서 가장 합리적인 구성을 찾을 수 있도록 추천을 드리겠습니다.",
    "quote_feedback": "1. CPU는 6코어 12스레드가 적용되어 있고 내장 그래픽 성능이 아주 좋은 5600G로 구성2. 메인보드는 전원부 히트싱크와 램 슬롯 4개가 적용되어 있는 ASUS PRIME A520M-A II 대원CTS로 구성3. 메모리는 라이프타임 워런티로 압도적인 AS기간을 제공하고 SK하이닉스 모듈을 사용해서 안정성도 높고 가격도 저렴한 ESSENCORE KLEVV DDR4-3200 CL22 (16GB) 2개 32기가로 구성4. SSD는 젠3 제품 중에서는 5년 무상AS에 성능도 좋고 가격적인 메리트도 있는ADATA XPG SX8200 Pro M.2 2280 (512GB)로 구성5. 케이스는 최근 출시된 보급형 끝판왕급 가성비 제품이면서 공간활용성도 높은 몬스타 가츠 X320M 블랙 (미니타워)로 구성6. 파워는 80PLUS 인증보다 까다로운 테스트 환경으로 차세대 인증으로 평가받는 ETA 브론즈 인증 제품인 마이크로닉스 COOLMAX FOCUS II 500W ETA BRONZE로 구성7. CPU쿨러는 싱글타워 끝판왕급 성능에 케이스와도 잘 어울리고 성능도 좋고 AM4 소켓 무뽑 방지 키트 제공에 ARGB를 지원하는 제품 중에서는 가격적인 메리트도 가장 높은 갓성비 제품인 PentaWave Z04E SRB ARGB로 구성참고해서 합리적인 구매하시기 바랍니다.",
    "computer_estimate_data": "[CPU]AMD 라이젠5-4세대 5600G (세잔) (멀티팩)상세보기[메인보드]ASUS PRIME A520M-A II 대원CTS상세보기[메모리]ESSENCORE KLEVV DDR4-3200 CL22 (16GB) x 2 개상세보기[SSD]ADATA XPG SX8200 Pro M.2 2280 (512GB)상세보기[케이스]몬스타 가츠 X320M 블랙 (미니타워)상세보기[파워서플라이]마이크로닉스 COOLMAX FOCUS II 500W ETA BRONZE상세보기[CPU쿨러]PentaWave Z04E SRB ARGB상세보기[소프트웨어]Microsoft Windows 11 Home (처음사용자용 한글)상세보기[조립PC관련][견적왕] 조립 서비스 + 1년 출장 A/S상세보기",
    "quote_description": "CPU는 6코어 12쓰레드 디자인에 내장그래픽 성능이 월등히 좋은 CPU",
    "parts_price": {
        "CPU": {
            "제품명": "AMD 라이젠5-4세대 5600G",
            "가격": "151,990원",
            "수량": "1"
        },
        "메인보드": {
            "제품명": "ASUS PRIME A520M-A II 대원CTS",
            "가격": "83,980원",
            "수량": "1"
        },
        "메모리": {
            "제품명": "ESSENCORE KLEVV DDR4-3200 CL22  16GB",
            "가격": "31,990원",
            "수량": "2"
        },
        "SSD": {
            "제품명": "ADATA XPG SX8200 Pro M.2 2280 512GB",
            "가격": "61,620원",
            "수량": "1"
        },
        "케이스": {
            "제품명": "몬스타 가츠 X320M 블랙",
            "가격": "29,890원",
            "수량": "1"
        },
        "파워서플라이": {
            "제품명": "마이크로닉스 COOLMAX FOCUS II 500W ETA BRONZE",
            "가격": "42,980원",
            "수량": "1"
        },
        "CPU쿨러": {
            "제품명": "PentaWave Z04E SRB ARGB",
            "가격": "20,230원",
            "수량": "1"
        },
        "소프트웨어": {
            "제품명": "Microsoft Windows 11 Home",
            "가격": "173,350원",
            "수량": "1"
        }
    },
    "total_price": "628020원",
    "CPU": "AMD 라이젠5-4세대 5600G (세잔) (멀티팩)",
    "Motherboard": "ASUS PRIME A520M-A II 대원CTS",
    "SSD": "ADATA XPG SX8200 Pro M.2 2280 (512GB)",
    "Memory": "ESSENCORE KLEVV DDR4-3200 CL22 (16GB) x 2 개",
    "Power Supply": "마이크로닉스 COOLMAX FOCUS II 500W ETA BRONZE",
    "CPU Cooler": "PentaWave Z04E SRB ARGB",
    "cpu_score": 504,
    "gpu_score": null,
    "performance_grade": "정보 없음",
    "cpu_benchmarkscore": 21908,
    "gpu_benchmarkscore": null
}