{
    "quote_number": "4841",
    "quote_title": "7800X3D + RTX 4070 SUPER (DAVEN AQUARIUM 블랙)",
    "date_create": "2024.3.29",
    "cpu_gpu_combinations": "라이젠7 7800X3D + RTX 4070 SUPER 조합",
    "quotation_summary": " 7800X3D + RTX 4070 SUPER (DAVEN AQUARIUM 블랙)# 7800X3D + RTX 4070 SUPER (DAVEN AQUARIUM 블랙)",
    "quote_person_introduction": "퀘이사존, 다나와, 쿨엔에서 활동 중인  잉여인간17호입니다.다양한 필테 경력과 컴덕질을 경험삼아 도움 드리고자 합니다.어떠한 스폰도 받지 않는 유저 입장에서 직접 사용해보고 테스트한 견적 위주로 견적드리겠습니다.",
    "quote_feedback": "7800X3D + RTX 4070 SUPER (DAVEN AQUARIUM 블랙)",
    "computer_estimate_data": "[CPU]AMD 라이젠7-5세대 7800X3D (라파엘) (정품)상세보기[메인보드]GIGABYTE B650M AORUS ELITE AX ICE 피씨디렉트상세보기[메모리]ADATA XPG DDR5-6000 CL30 LANCER RGB 블랙 패키지 (32GB(16Gx2))하이닉스 A다이 언락 제품!상세보기[그래픽카드]inno3D 지포스 RTX 4070 SUPER OC D6X 12GB X3상세보기[SSD]장우컴퍼니 PM9A1 M.2 NVMe 병행수입 (1TB) 삼성전자상세보기[케이스]DAVEN AQUARIUM 블랙 (미들타워)상세보기[파워서플라이]NEWZEN SKULL 750SM MODULAR ATX 3.0 80PLUS GOLD (PCIE5)상세보기[CPU쿨러]잘만 Alpha36 (BLACK)상세보기[조립PC관련][견적왕] 조립 서비스 + 1년 출장 A/S상세보기",
    "quote_description": "CPU는 7000번대 3D 제품으로 7950X3D와 달리 별도의 설정없이도 뛰어난 게임 성능을 자랑합니다.  \n전성비는 물론 온도도 뛰어나 공랭으로 가성비 좋게 게이밍 환경 구성이 가능합니다.메인보드는 12+2+2페이즈 720A(60A) 기가바이트의 화이트 감성을 위한 B650 보드메모리는 ADATA의 6000클럭 튜닝 메모리입니다.케이스는 어항형 케이스 중 투챔버 형태로 파워가 옆면에 장착되어 온도면이나 감성면에서도 훌륭한 케이스입니다.파워서플라이는 10년 보증에 슈퍼플라워랑 같은 유통사로 고주파 발생시 새제품 교환 등 AS 정책에 뛰어난 가성비까지 겸비한 파워입니다.",
    "parts_price": {
        "CPU": {
            "제품명": "AMD 라이젠7-5세대 7800X3D",
            "가격": "529,200원",
            "수량": "1"
        },
        "메인보드": {
            "제품명": "GIGABYTE B650M AORUS ELITE AX ICE 피씨디렉트",
            "가격": "257,520원",
            "수량": "1"
        },
        "메모리": {
            "제품명": "ADATA XPG DDR5-6000 CL30 LANCER RGB 블랙 패키지)하이닉스 A다이 언락 제품! 32GB",
            "가격": "335,580원",
            "수량": "1"
        },
        "그래픽카드": {
            "제품명": "inno3D 지포스 RTX 4070 SUPER OC D6X 12GB X3",
            "가격": "937,500원",
            "수량": "1"
        },
        "SSD": {
            "제품명": "장우컴퍼니 PM9A1 M.2 NVMe 병행수입 삼성전자 1TB",
            "가격": "111,790원",
            "수량": "1"
        },
        "케이스": {
            "제품명": "DAVEN AQUARIUM 블랙",
            "가격": "56,850원",
            "수량": "1"
        },
        "파워서플라이": {
            "제품명": "NEWZEN SKULL 750SM MODULAR ATX 3.0 80PLUS GOLD",
            "가격": "124,830원",
            "수량": "1"
        },
        "CPU쿨러": {
            "제품명": "잘만 Alpha36",
            "가격": "123,670원",
            "수량": "1"
        }
    },
    "total_price": "2476940원",
    "CPU": "AMD 라이젠7-5세대 7800X3D (라파엘) (정품)",
    "Motherboard": "GIGABYTE B650M AORUS ELITE AX ICE 피씨디렉트",
    "Graphic Card": "inno3D 지포스 RTX 4070 SUPER OC D6X 12GB X3",
    "SSD": "장우컴퍼니 PM9A1 M.2 NVMe 병행수입 (1TB) 삼성전자",
    "Memory": "ADATA XPG DDR5-6000 CL30 LANCER RGB 블랙 패키지 (32GB(16Gx2))하이닉스 A다이 언락 제품!",
    "Power Supply": "NEWZEN SKULL 750SM MODULAR ATX 3.0 80PLUS GOLD (PCIE5)",
    "CPU Cooler": "잘만 Alpha36 (BLACK)",
    "cpu_score": 225,
    "gpu_score": 4,
    "performance_grade": "고성능",
    "cpu_benchmarkscore": 34357,
    "gpu_benchmarkscore": 31768
}