{
    "quote_number": "4904",
    "quote_title": "7900 + RTX 4060 TI 16GB",
    "date_create": "2024.3.31",
    "cpu_gpu_combinations": "라이젠9 7900 + RTX 4060 Ti 조합",
    "quotation_summary": " 7900 + RTX 4060 TI 16GB# 7900 + RTX 4060 TI 16GB",
    "quote_person_introduction": "퀘이사존, 다나와, 쿨엔에서 활동 중인  잉여인간17호입니다.다양한 필테 경력과 컴덕질을 경험삼아 도움 드리고자 합니다.어떠한 스폰도 받지 않는 유저 입장에서 직접 사용해보고 테스트한 견적 위주로 견적드리겠습니다.",
    "quote_feedback": "7900 + RTX 4060 TI 16GB",
    "computer_estimate_data": "[CPU]AMD 라이젠9-5세대 7900 (라파엘) (멀티팩(정품))상세보기[메인보드]ASRock B650M PG Riptide 대원씨티에스상세보기[메모리]PATRIOT DDR5-5200 CL42 SIGNATURE (16GB) x 2 개상세보기[그래픽카드]MSI 지포스 RTX 4060 Ti 벤투스 2X 블랙 OC D6 16GB상세보기[SSD]삼성전자 PM9A1 M2 NVMe 병행수입 (1TB)상세보기[데스크탑 HDD]Western Digital 4TB Ultrastar DC HC310 패키지 (SATA3/7200/256M)상세보기[케이스]몬스타 가츠 X320M 블랙 (미니타워)상세보기[파워서플라이]마이크로닉스 COOLMAX FOCUS II 700W ETA BRONZE PCIE5상세보기[CPU쿨러]PentaWave S06D LE ARGB상세보기[조립PC관련][견적왕] 조립 서비스 + 1년 출장 A/S상세보기",
    "quote_description": "CPU는 X 버전에 비해 발열과 전성비를 잡고 나와 저렴한 메인보드와 공랭쿨러와 사용 가능하고 12코어 24스레드로 뛰어난 작업 성능을 자랑하는 라이젠9 CPU입니다.메인보드는 12+2+1페이즈 최대 600A(50A)의 준수한 전원부의 라이젠 보드입니다그래픽카드는 VRAM이 16GB로 높아 그래픽카드 VRAM을 많이 사용하는 앱플레이어나 게임, 작업용도로도 좋습니다.SSD는 삼성 980 프로 OEM 제품으로 가성비가 좋습니다.파워서플라이는 브론즈 효율에 PCIE5 규격으로 가격대도 저렴한 가성비 좋은 마이크로닉스 파워입니다.",
    "parts_price": {
        "CPU": {
            "제품명": "AMD 라이젠9-5세대 7900",
            "가격": "538,780원",
            "수량": "1"
        },
        "메인보드": {
            "제품명": "ASRock B650M PG Riptide 대원씨티에스",
            "가격": "214,870원",
            "수량": "1"
        },
        "메모리": {
            "제품명": "PATRIOT DDR5-5200 CL42 SIGNATURE  16GB",
            "가격": "64,120원",
            "수량": "2"
        },
        "그래픽카드": {
            "제품명": "MSI 지포스 RTX 4060 Ti 벤투스 2X 블랙 OC D6 16GB",
            "가격": "610,840원",
            "수량": "1"
        },
        "SSD": {
            "제품명": "삼성전자 PM9A1 M2 NVMe 병행수입 1TB",
            "가격": "104,900원",
            "수량": "1"
        },
        "데스크탑 HDD": {
            "제품명": "Western Digital 4TB Ultrastar DC HC310 패키지",
            "가격": "1,320,000원",
            "수량": "1"
        },
        "케이스": {
            "제품명": "몬스타 가츠 X320M 블랙",
            "가격": "29,890원",
            "수량": "1"
        },
        "파워서플라이": {
            "제품명": "마이크로닉스 COOLMAX FOCUS II 700W ETA BRONZE PCIE5",
            "가격": "64,680원",
            "수량": "1"
        },
        "CPU쿨러": {
            "제품명": "PentaWave S06D LE ARGB",
            "가격": "35,710원",
            "수량": "1"
        }
    },
    "total_price": "3047910원",
    "CPU": "AMD 라이젠9-5세대 7900 (라파엘) (멀티팩(정품))",
    "Motherboard": "ASRock B650M PG Riptide 대원씨티에스",
    "Graphic Card": "MSI 지포스 RTX 4060 Ti 벤투스 2X 블랙 OC D6 16GB",
    "SSD": "삼성전자 PM9A1 M2 NVMe 병행수입 (1TB)",
    "Memory": "PATRIOT DDR5-5200 CL42 SIGNATURE (16GB) x 2 개",
    "Power Supply": "마이크로닉스 COOLMAX FOCUS II 700W ETA BRONZE PCIE5",
    "CPU Cooler": "PentaWave S06D LE ARGB",
    "cpu_score": 107,
    "gpu_score": 32,
    "performance_grade": "고성능",
    "cpu_benchmarkscore": 51896,
    "gpu_benchmarkscore": 22891
}