{
    "quote_number": "4928",
    "quote_title": "7800X3D + RTX 4070 TI SUPER",
    "date_create": "2024.3.31",
    "cpu_gpu_combinations": "라이젠7 7800X3D + RTX 4070 Ti SUPER 조합",
    "quotation_summary": " 7800X3D + RTX 4070 TI SUPER# 7800X3D + RTX 4070 TI SUPER",
    "quote_person_introduction": "퀘이사존, 다나와, 쿨엔에서 활동 중인  잉여인간17호입니다.다양한 필테 경력과 컴덕질을 경험삼아 도움 드리고자 합니다.어떠한 스폰도 받지 않는 유저 입장에서 직접 사용해보고 테스트한 견적 위주로 견적드리겠습니다.",
    "quote_feedback": "7800X3D + RTX 4070 TI SUPER",
    "computer_estimate_data": "[CPU]AMD 라이젠7-5세대 7800X3D (라파엘) (멀티팩(정품))상세보기[메인보드]ASRock B650M PG Riptide 대원씨티에스상세보기[메모리]PATRIOT DDR5-5200 CL42 SIGNATURE (16GB) x 2 개상세보기[그래픽카드]ZOTAC 지포스 RTX 4070 Ti SUPER Trinity D6X 16GB Black상세보기[SSD]마이크론 Crucial T500 M.2 NVMe 아스크텍 (1TB)상세보기[데스크탑 HDD]Western Digital 4TB Ultrastar DC HC310 패키지 (SATA3/7200/256M)상세보기[케이스]1stPlayer T7 화이트 (미들타워)상세보기[파워서플라이]마이크로닉스 COOLMAX FOCUS II 900W ETA SILVER PCIE5상세보기[CPU쿨러]PentaWave S06D LE ARGB상세보기[조립PC관련][견적왕] 조립 서비스 + 1년 출장 A/S상세보기",
    "quote_description": "CPU는 라이젠 7000번대 3D 모델 주인공인 7800X3D입니다. 순정 상태에서 13900KS를 넘어서는 뛰어난 게임 성능과 뛰어난 전성비가 장점입니다.메인보드는 12+2+1페이즈 최대 600A(50A)의 준수한 전원부의 라이젠 보드입니다그래픽카드는 AS 3대장 조텍의 RTX 4070 Ti SUPER Trinity 입니다.파워서플라이는 4000번대 그래픽카드를 위한 12VHPWR 젠더를 제공하고, 900W 실버 등급에 가격대도 8만원선으로 가성비도 뛰어난 파워입니다.",
    "parts_price": {
        "CPU": {
            "제품명": "AMD 라이젠7-5세대 7800X3D",
            "가격": "529,200원",
            "수량": "1"
        },
        "메인보드": {
            "제품명": "ASRock B650M PG Riptide 대원씨티에스",
            "가격": "214,870원",
            "수량": "1"
        },
        "메모리": {
            "제품명": "PATRIOT DDR5-5200 CL42 SIGNATURE  16GB",
            "가격": "64,120원",
            "수량": "2"
        },
        "그래픽카드": {
            "제품명": "ZOTAC 지포스 RTX 4070 Ti SUPER Trinity D6X 16GB Black",
            "가격": "1,239,000원",
            "수량": "1"
        },
        "SSD": {
            "제품명": "마이크론 Crucial T500 M.2 NVMe 아스크텍 1TB",
            "가격": "126,800원",
            "수량": "1"
        },
        "데스크탑 HDD": {
            "제품명": "Western Digital 4TB Ultrastar DC HC310 패키지",
            "가격": "1,320,000원",
            "수량": "1"
        },
        "케이스": {
            "제품명": "1stPlayer T7 화이트",
            "가격": "41,130원",
            "수량": "1"
        },
        "파워서플라이": {
            "제품명": "마이크로닉스 COOLMAX FOCUS II 900W ETA SILVER PCIE5",
            "가격": "94,790원",
            "수량": "1"
        },
        "CPU쿨러": {
            "제품명": "PentaWave S06D LE ARGB",
            "가격": "35,710원",
            "수량": "1"
        }
    },
    "total_price": "3729740원",
    "CPU": "AMD 라이젠7-5세대 7800X3D (라파엘) (멀티팩(정품))",
    "Motherboard": "ASRock B650M PG Riptide 대원씨티에스",
    "Graphic Card": "ZOTAC 지포스 RTX 4070 Ti SUPER Trinity D6X 16GB Black",
    "SSD": "마이크론 Crucial T500 M.2 NVMe 아스크텍 (1TB)",
    "Memory": "PATRIOT DDR5-5200 CL42 SIGNATURE (16GB) x 2 개",
    "Power Supply": "마이크로닉스 COOLMAX FOCUS II 900W ETA SILVER PCIE5",
    "CPU Cooler": "PentaWave S06D LE ARGB",
    "cpu_score": 225,
    "gpu_score": 4,
    "performance_grade": "고성능",
    "cpu_benchmarkscore": 34357,
    "gpu_benchmarkscore": 31768
}