{
    "quote_number": "4969",
    "quote_title": "7800X3D + RTX 4070 TI SUPER (몬스타 가츠 X620A 리버스 화이트)",
    "date_create": "2024.4.1",
    "cpu_gpu_combinations": "라이젠7 7800X3D + RTX 4070 Ti SUPER 조합",
    "quotation_summary": " 7800X3D + RTX 4070 TI SUPER (몬스타 가츠 X620A 리버스 화이트)# 7800X3D + RTX 4070 TI SUPER (몬스타 가츠 X620A 리버스 화이트)",
    "quote_person_introduction": "퀘이사존, 다나와, 쿨엔에서 활동 중인  잉여인간17호입니다.다양한 필테 경력과 컴덕질을 경험삼아 도움 드리고자 합니다.어떠한 스폰도 받지 않는 유저 입장에서 직접 사용해보고 테스트한 견적 위주로 견적드리겠습니다.",
    "quote_feedback": "7800X3D + RTX 4070 TI SUPER (몬스타 가츠 X620A 리버스 화이트)",
    "computer_estimate_data": "[CPU]AMD 라이젠7-5세대 7800X3D (라파엘) (멀티팩(정품))상세보기[메인보드]ASUS TUF GAMING B650-PLUS 대원씨티에스상세보기[메모리]PATRIOT DDR5-5200 CL42 SIGNATURE (16GB) x 2 개상세보기[그래픽카드]GIGABYTE 지포스 RTX 4070 Ti SUPER WINDFORCE OC D6X 16GB 피씨디렉트상세보기[SSD]마이크론 Crucial T500 M.2 NVMe 대원씨티에스 (2TB)상세보기[케이스]몬스타 가츠 X620A 리버스 화이트 (미들타워)상세보기[파워서플라이]NEWZEN SKULL 850SM MODULAR ATX 3.0 80PLUS GOLD WHITE (PCIE5)상세보기[CPU쿨러]Thermalright Peerless Assassin 120 SE WHITE ARGB 서린상세보기[조립PC관련][견적왕] 조립 서비스 + 1년 출장 A/S상세보기",
    "quote_description": "CPU는 라이젠 7000번대 3D 모델 주인공인 7800X3D입니다. 순정 상태에서 13900KS를 넘어서는 뛰어난 게임 성능과 뛰어난 전성비가 장점입니다.메인보드는 TUF 보드하면 전원부 품질이 뛰어나기로 유명하죠. 안정성면에서도 ASUS 제품이 최상급입니다.SSD는 PCIE4.0 대역폭 상급 SSD케이스는 흔히 어항케이스라고 불리우는 디자인이 적용된 X620A 리버스입니다. CPU쿨러 최대호환가능높이 165mm, 그래픽카드 최대호환가능길이 430mm 제원을 가졌으며 ATX 사이즈 메인보드까지 호환가능한 미들타워 제품입니다. 측면 120mm 기본팬 3개, 후면 120mm 기본팬 1개 총 4개를 제공하며 ARGB를 지원하여 메인보드 제조사 프로그램을 통해 색상 조정이 가능합니다.파워서플라이는 10년 보증에 슈퍼플라워랑 같은 유통사로 고주파 발생시 새제품 교환 등 AS 정책CPU쿨러는 써멀리아트의 대장급 공랭입니다. 화이트 감성과 정숙성을 원하시는 분들에게 추천드립니다.",
    "parts_price": {
        "CPU": {
            "제품명": "AMD 라이젠7-5세대 7800X3D",
            "가격": "529,200원",
            "수량": "1"
        },
        "메인보드": {
            "제품명": "ASUS TUF GAMING B650-PLUS 대원씨티에스",
            "가격": "292,000원",
            "수량": "1"
        },
        "메모리": {
            "제품명": "PATRIOT DDR5-5200 CL42 SIGNATURE  16GB",
            "가격": "64,120원",
            "수량": "2"
        },
        "그래픽카드": {
            "제품명": "GIGABYTE 지포스 RTX 4070 Ti SUPER WINDFORCE OC D6X 16GB 피씨디렉트",
            "가격": "1,257,990원",
            "수량": "1"
        },
        "SSD": {
            "제품명": "마이크론 Crucial T500 M.2 NVMe 대원씨티에스 2TB",
            "가격": "230,690원",
            "수량": "1"
        },
        "케이스": {
            "제품명": "몬스타 가츠 X620A 리버스 화이트",
            "가격": "64,840원",
            "수량": "1"
        },
        "파워서플라이": {
            "제품명": "NEWZEN SKULL 850SM MODULAR ATX 3.0 80PLUS GOLD WHITE",
            "가격": "139,350원",
            "수량": "1"
        },
        "CPU쿨러": {
            "제품명": "Thermalright Peerless Assassin 120 SE WHITE ARGB 서린",
            "가격": "45,110원",
            "수량": "1"
        }
    },
    "total_price": "2687420원",
    "CPU": "AMD 라이젠7-5세대 7800X3D (라파엘) (멀티팩(정품))",
    "Motherboard": "ASUS TUF GAMING B650-PLUS 대원씨티에스",
    "Graphic Card": "GIGABYTE 지포스 RTX 4070 Ti SUPER WINDFORCE OC D6X 16GB 피씨디렉트",
    "SSD": "마이크론 Crucial T500 M.2 NVMe 대원씨티에스 (2TB)",
    "Memory": "PATRIOT DDR5-5200 CL42 SIGNATURE (16GB) x 2 개",
    "Power Supply": "NEWZEN SKULL 850SM MODULAR ATX 3.0 80PLUS GOLD WHITE (PCIE5)",
    "CPU Cooler": "Thermalright Peerless Assassin 120 SE WHITE ARGB 서린",
    "cpu_score": 225,
    "gpu_score": 4,
    "performance_grade": "고성능",
    "cpu_benchmarkscore": 34357,
    "gpu_benchmarkscore": 31768
}