{
    "quote_number": "5010",
    "quote_title": "AMD 라이젠5-5세대 7500F + 라데온 RX 6800",
    "date_create": "2024.4.3",
    "cpu_gpu_combinations": "라이젠5 7500F + RX 6800 조합",
    "quotation_summary": " AMD 라이젠5-5세대 7500F + 라데온 RX 6800# 게임용",
    "quote_person_introduction": "안녕하세요! 인벤에서 주로 활동하고 있는 Skywalkers입니다.가성비와 성능비 그리고 감성비까지 모두 고려해서 가장 합리적인 구성을 찾을 수 있도록 추천을 드리겠습니다.",
    "quote_feedback": "1. 7500F의 경우 온도가 낮은 편이라 메인보드 선택이 아주 자유로운 편입니다. 현재 구성에 비해서 메인보드가 오버스펙인 감이 크죠.메인보드는 드라이버 모스펫 전원부와 히트싱크가 적용되어 있는 ASRock B650M PG Lightning 에즈윈으로 변경2. 그래픽카드는 4060과는 체급이 다른 수준으로 이전 세대 하이엔드급 성능인 3070 Ti 보다도 깡성능이 더 높은 넘사벽 갓성비 제품이라고 할 수 있는 XFX 라데온 RX 6800 SWFT 319 CORE D6 16GB로 구성AFMF 설정시 4070 TI 이상의 프레임도 기대할 수 있는 메리트가 아주 높은 제품입니다.https://youtu.be/K2Hg-CM6U6A그래픽카드 선택에 도움이 될 영상 링크해드립니다. 시청하시면 도움이 아주 많이 될 겁니다.3. 구성하신 SSD인 P31은 NVMe 규격 중에서는 속도가 가장 느린 젠3 제품입니다.젠3 보다 2배 더 빠른 젠4 제품 중 넘사벽 갓성비의 삼성전자 980PRO OEM버전인 삼성전자 PM9A1 M2 NVMe 병행수입 (1TB)으로 변경했고, 저렴한 방열판도 하나 추가했습니다.4. HDD는 PMR 방식의 원천 기술을 가지고 있는 도시바의 Toshiba 1TB P300 HDWD110 (SATA3/7200/64M)로 변경5. 구성하신 케이스는 품절이라 어항케이스 중에서는 압도적인 비주얼과 가성비 그리고 C타입 포트와 하단 타공망 적용으로 쿨링 효율까지도 챙긴 몬스타 가츠 X520LA 리버스 블랙 (미들타워)로 변경6. 파워는 6년 무상AS에 무려 9종에 달하는 보호회로를 적용하여 안정성에 몰빵을 하고서도 가격은 아주 착한 수준으로 출시가 되었고 현재 출시 이벤트로 가격을 더 인하해서 판매 중이라 갓성비 중에서도 갓성비라고 할 수 있는 몬스타 가츠 ExtremeX FX800 80PLUS STANDARD로 변경7. CPU쿨러는 싱글타워 끝판왕급 성능에 케이스와도 잘 어울리고 성능도 좋고 ARGB를 지원하는 제품 중에서는 가격적인 메리트도 가장 높은 갓성비 제품인 PentaWave Z04E SRB ARGB로  변경참고해서 합리적인 구매하시기 바랍니다.",
    "computer_estimate_data": "[CPU]AMD 라이젠5-5세대 7500F (라파엘) (멀티팩(정품))상세보기[메인보드]ASRock B650M PG Lightning 에즈윈상세보기[메모리]G.SKILL DDR5-6000 CL36 TRIDENT Z5 RGB J 패키지 (32GB(16Gx2))상세보기[그래픽카드]XFX 라데온 RX 6800 SWFT 319 CORE D6 16GB상세보기[SSD]삼성전자 PM9A1 M2 NVMe 병행수입 (1TB)상세보기[데스크탑 HDD]Toshiba 1TB P300 HDWD110 (SATA3/7200/64M)상세보기[케이스]몬스타 가츠 X520LA 리버스 블랙 (미들타워)상세보기[파워서플라이]몬스타 가츠 ExtremeX FX800 80PLUS STANDARD상세보기[CPU쿨러]PentaWave Z04E SRB ARGB상세보기[쿨러.튜닝.조명.액세서리]장우컴퍼니 JW-HTK01 M.2 방열판상세보기[조립PC관련][견적왕] 조립 서비스 + 1년 출장 A/S상세보기",
    "quote_description": "그래픽카드는 RTX 4070 바로 아랫 등급!\nRTX 4060 Ti보다 월등히 좋지만 더 좋은 가성비 제품!",
    "parts_price": {
        "CPU": {
            "제품명": "AMD 라이젠5-5세대 7500F",
            "가격": "203,890원",
            "수량": "1"
        },
        "메인보드": {
            "제품명": "ASRock B650M PG Lightning 에즈윈",
            "가격": "156,090원",
            "수량": "1"
        },
        "메모리": {
            "제품명": "G.SKILL DDR5-6000 CL36 TRIDENT Z5 RGB J 패키지) 32GB",
            "가격": "186,990원",
            "수량": "1"
        },
        "그래픽카드": {
            "제품명": "XFX 라데온 RX 6800 SWFT 319 CORE D6 16GB",
            "가격": "507,420원",
            "수량": "1"
        },
        "SSD": {
            "제품명": "삼성전자 PM9A1 M2 NVMe 병행수입 1TB",
            "가격": "104,900원",
            "수량": "1"
        },
        "데스크탑 HDD": {
            "제품명": "Toshiba 1TB P300 HDWD110",
            "가격": "76,880원",
            "수량": "1"
        },
        "케이스": {
            "제품명": "몬스타 가츠 X520LA 리버스 블랙",
            "가격": "56,110원",
            "수량": "1"
        },
        "파워서플라이": {
            "제품명": "몬스타 가츠 ExtremeX FX800 80PLUS STANDARD",
            "가격": "49,100원",
            "수량": "1"
        },
        "CPU쿨러": {
            "제품명": "PentaWave Z04E SRB ARGB",
            "가격": "20,230원",
            "수량": "1"
        },
        "쿨러.튜닝.조명.액세서리": {
            "제품명": "장우컴퍼니 JW-HTK01 M.2 방열판",
            "가격": "1,200원",
            "수량": "1"
        }
    },
    "total_price": "1362810원",
    "CPU": "AMD 라이젠5-5세대 7500F (라파엘) (멀티팩(정품))",
    "Motherboard": "ASRock B650M PG Lightning 에즈윈",
    "Graphic Card": "XFX 라데온 RX 6800 SWFT 319 CORE D6 16GB",
    "SSD": "삼성전자 PM9A1 M2 NVMe 병행수입 (1TB)",
    "Memory": "G.SKILL DDR5-6000 CL36 TRIDENT Z5 RGB J 패키지 (32GB(16Gx2))",
    "Power Supply": "몬스타 가츠 ExtremeX FX800 80PLUS STANDARD",
    "CPU Cooler": "PentaWave Z04E SRB ARGB",
    "cpu_score": 355,
    "gpu_score": 25,
    "performance_grade": "중성능",
    "cpu_benchmarkscore": 26926,
    "gpu_benchmarkscore": 25024
}