{
    "quote_number": "5026",
    "quote_title": "AMD 라이젠7-5세대 7800X3D + RTX 4070 Ti SUPER",
    "date_create": "2024.4.3",
    "cpu_gpu_combinations": "라이젠7 7800X3D + RTX 4070 Ti SUPER 조합",
    "quotation_summary": " AMD 라이젠7-5세대 7800X3D + RTX 4070 Ti SUPER# 게임용",
    "quote_person_introduction": "안녕하세요! 인벤에서 주로 활동하고 있는 Skywalkers입니다.가성비와 성능비 그리고 감성비까지 모두 고려해서 가장 합리적인 구성을 찾을 수 있도록 추천을 드리겠습니다.",
    "quote_feedback": "1. 7800X3D는 메모리 클럭의 영향을 거의 안받는 CPU입니다. 메모리 클럭이 높거나 램 타이밍이 많이 조여져 있어서 크게 상관이 없죠. 튜닝 램에서 추가로 오버클럭을 더 할 것 이 아니라면 하이닉스 A다이 언락 제품은 메리트가 크지도 않습니다.오버클럭 시스템에서 메모리 극오버를 하겠다면 그때는 한 번 고려해 볼만 하지만 지금 구성에서는 화이트 컨셉의 1티어 튜닝 메모리인 TeamGroup T-Force DDR5-6000 CL38 Delta RGB 화이트 패키지 아인스 (32GB(16Gx2)) 그대로 구성하면 됩니다.2. SSD는 동일 제품이면서 가격이 조금 더 저렴한 아스크텍 유통으로 변경3. 7800X3D는 전성비가 아주 좋은 CPU라 공랭쿨러와 수냉쿨러 사이의 온도 차이가 크지 않아서 대부분의 구성에서 공랭쿨러로 추천을 하는 편입니다. 지금처럼 튜닝을 위해서 3열 수냉쿨러로 구성을 하는 거라면  대장급 성능이면서 압도적인 가성비를 제공하는 DARKFLASH NEBULA DN-360 ARGB (화이트)로 추천을 드립니다. 3열 수냉쿨러는 8만원짜리든 40만원짜리든 7800X3D에서는 동일한 온도를 보여줄 정도로 변별력이 없습니다. 그만큼 온도가 낮다는 말이구요.참고해서 합리적인 구매하시기 바랍니다.",
    "computer_estimate_data": "[CPU]AMD 라이젠7-5세대 7800X3D (라파엘) (정품)상세보기[메인보드]GIGABYTE B650M AORUS ELITE AX ICE 피씨디렉트상세보기[메모리]TeamGroup T-Force DDR5-6000 CL38 Delta RGB 화이트 패키지 아인스 (32GB(16Gx2))상세보기[그래픽카드]이엠텍 지포스 RTX 4070 Ti SUPER MIRACLE WHITE D6X 16GB상세보기[SSD]마이크론 Crucial T500 M.2 NVMe 아스크텍 (1TB)상세보기[케이스]NZXT H6 Flow RGB Matte White (미들타워)상세보기[파워서플라이]NEWZEN SKULL 850SM MODULAR ATX 3.0 80PLUS GOLD WHITE (PCIE5)상세보기[CPU쿨러]DARKFLASH NEBULA DN-360 ARGB (화이트)상세보기[소프트웨어]Microsoft Windows 11 Home (처음사용자용 한글)상세보기[조립PC관련][견적왕] 조립 서비스 + 1년 출장 A/S상세보기",
    "quote_description": "[조립PC관련]수랭 쿨러 조립 추가 비용상세보기",
    "parts_price": {
        "CPU": {
            "제품명": "AMD 라이젠7-5세대 7800X3D",
            "가격": "529,200원",
            "수량": "1"
        },
        "메인보드": {
            "제품명": "GIGABYTE B650M AORUS ELITE AX ICE 피씨디렉트",
            "가격": "257,520원",
            "수량": "1"
        },
        "메모리": {
            "제품명": "TeamGroup T-Force DDR5-6000 CL38 Delta RGB 화이트 패키지 아인스) 32GB",
            "가격": "340,000원",
            "수량": "1"
        },
        "그래픽카드": {
            "제품명": "이엠텍 지포스 RTX 4070 Ti SUPER MIRACLE WHITE D6X 16GB",
            "가격": "1,252,740원",
            "수량": "1"
        },
        "SSD": {
            "제품명": "마이크론 Crucial T500 M.2 NVMe 아스크텍 1TB",
            "가격": "126,800원",
            "수량": "1"
        },
        "케이스": {
            "제품명": "NZXT H6 Flow RGB Matte White",
            "가격": "202,170원",
            "수량": "1"
        },
        "파워서플라이": {
            "제품명": "NEWZEN SKULL 850SM MODULAR ATX 3.0 80PLUS GOLD WHITE",
            "가격": "139,350원",
            "수량": "1"
        },
        "CPU쿨러": {
            "제품명": "DARKFLASH NEBULA DN-360 ARGB",
            "가격": "81,260원",
            "수량": "1"
        },
        "소프트웨어": {
            "제품명": "Microsoft Windows 11 Home",
            "가격": "173,350원",
            "수량": "1"
        }
    },
    "total_price": "3102390원",
    "CPU": "AMD 라이젠7-5세대 7800X3D (라파엘) (정품)",
    "Motherboard": "GIGABYTE B650M AORUS ELITE AX ICE 피씨디렉트",
    "Graphic Card": "이엠텍 지포스 RTX 4070 Ti SUPER MIRACLE WHITE D6X 16GB",
    "SSD": "마이크론 Crucial T500 M.2 NVMe 아스크텍 (1TB)",
    "Memory": "TeamGroup T-Force DDR5-6000 CL38 Delta RGB 화이트 패키지 아인스 (32GB(16Gx2))",
    "Power Supply": "NEWZEN SKULL 850SM MODULAR ATX 3.0 80PLUS GOLD WHITE (PCIE5)",
    "CPU Cooler": "DARKFLASH NEBULA DN-360 ARGB (화이트)",
    "cpu_score": 225,
    "gpu_score": 4,
    "performance_grade": "고성능",
    "cpu_benchmarkscore": 34357,
    "gpu_benchmarkscore": 31768
}