{
    "quote_number": "5030",
    "quote_title": "AMD 라이젠9-5세대 7950X3D + 지포스 RTX 4090",
    "date_create": "2024.4.3",
    "cpu_gpu_combinations": "라이젠9 7950X3D + RTX 4090 조합",
    "quotation_summary": " AMD 라이젠9-5세대 7950X3D + 지포스 RTX 4090# 워크스테이션",
    "quote_person_introduction": "안녕하세요! 인벤에서 주로 활동하고 있는 Skywalkers입니다.가성비와 성능비 그리고 감성비까지 모두 고려해서 가장 합리적인 구성을 찾을 수 있도록 추천을 드리겠습니다.",
    "quote_feedback": "1. i9는 논K CPU도 공랭으로는 커버가 불가능합니다. 대장급 3열 수냉쿨러로도 온도 제어가 안되는 CPU죠.또한 딥러닝에 있어서 아주 중요하다고 할 수 있는 AVX512 명령어도 지원하지 않습니다.AVX512 명령어란 기존의 컴퓨터 언어로는 10의 일을 처리할 때 10개의 명령어가 필요했다면 이를 하나의 명령어 세트로 처리하는 것을 말합니다. 즉 아주 효율적이고 빠르게 일을 처리할 수 있는 컴퓨터 언어인데 인텔인 이것을 지원하지 않죠.2. 공랭쿨러가 가능한 인텔의 i9급 성능의 라이젠 끝판왕 제품인 7950X3D를 기반으로 구성하는 것을 추천하구요.3. 메인보드는 2개의 그래픽카드 구성시 X8 X8 배속으로 동작을 하는 ASUS ProArt B650-CREATOR 대원씨티에스로 구성4. 메모리는 라이프타임 워런티로 압도적인 AS기간을 제공하고 SK하이닉스 모듈을 적용하여 안정적으로 사용할 수 있는 PATRIOT DDR5-5200 CL42 SIGNATURE (32GB) x 2개 64기가로 구성5. 그래픽카드는 4090의 경우 현재 유통이 원활하지 못한 상황이라 가격적인 메리트도 높고 많은 업체에서 유통중인 GIGABYTE 지포스 RTX 4090 Gaming OC D6X 24GB 제이씨현으로 구성6. SSD는 젠4 규격의 끝판왕 성능 제품인 마이크론 Crucial T500 M.2 NVMe 대원씨티에스 (2TB)로 구성7. 케이스는 2개의 4090도 넉넉히 수용할 수 있는 리얼 빅타워 케이스인 마이크로닉스 ML-420 BTF 블랙 (빅타워)로 구성8. 파워는 4000번대 16핀 전용 커넥터가 적용된 그래픽카드의 경우는 12VHPWR 케이블을 지원하는 제품으로 구성하는 것이 보다 안정적으로 사용할 수가 있습니다. 2개의 12VHPWR 케이블을 기본 제공하는 HYDRO PTM PRO 1650W Platinum ATX3.0 (12V-2x6)로 구성9. CPU쿨러는 최상위 성능군이면서 소음은 가장 낮은 수준으로 사실상 공랭쿨러 끝판왕 제품이라고 할 수 있는 3RSYS Socoool RC 1800 Quiet ARGB (BLACK)로 구성참고해서 합리적인 구매하시기 바랍니다.",
    "computer_estimate_data": "[CPU]AMD 라이젠9-5세대 7950X3D (라파엘) (정품)상세보기[메인보드]ASUS ProArt B650-CREATOR 대원씨티에스상세보기[메모리]PATRIOT DDR5-5200 CL42 SIGNATURE (32GB) x 2 개상세보기[그래픽카드]GIGABYTE 지포스 RTX 4090 Gaming OC D6X 24GB 제이씨현상세보기[SSD]마이크론 Crucial T500 M.2 NVMe 대원씨티에스 (2TB)상세보기[케이스]마이크로닉스 ML-420 BTF 블랙 (빅타워)상세보기[파워서플라이]HYDRO PTM PRO 1650W Platinum ATX3.0 (12V-2x6)상세보기[CPU쿨러]3RSYS Socoool RC 1800 Quiet ARGB (BLACK)상세보기[조립PC관련][견적왕] 조립 서비스 + 1년 출장 A/S상세보기",
    "quote_description": "그래픽카드는 RTX 4000번대 최상위 제품인 RTX 4090입니다. GIGABYTE 그래픽카드는 구입 후 30일 이내 홈페이지 등록 시 3년무상보증에 1년을 더 연장하여 총 4년의 무상 서비스를 제공합니다.",
    "parts_price": {
        "CPU": {
            "제품명": "AMD 라이젠9-5세대 7950X3D",
            "가격": "890,930원",
            "수량": "1"
        },
        "메인보드": {
            "제품명": "ASUS ProArt B650-CREATOR 대원씨티에스",
            "가격": "397,320원",
            "수량": "1"
        },
        "메모리": {
            "제품명": "PATRIOT DDR5-5200 CL42 SIGNATURE  32GB",
            "가격": "117,280원",
            "수량": "2"
        },
        "그래픽카드": {
            "제품명": "GIGABYTE 지포스 RTX 4090 Gaming OC D6X 24GB 제이씨현",
            "가격": "2,929,470원",
            "수량": "1"
        },
        "SSD": {
            "제품명": "마이크론 Crucial T500 M.2 NVMe 대원씨티에스 2TB",
            "가격": "230,690원",
            "수량": "1"
        },
        "케이스": {
            "제품명": "마이크로닉스 ML-420 BTF 블랙",
            "가격": "131,940원",
            "수량": "1"
        },
        "파워서플라이": {
            "제품명": "HYDRO PTM PRO 1650W Platinum ATX3.0",
            "가격": "555,490원",
            "수량": "1"
        },
        "CPU쿨러": {
            "제품명": "3RSYS Socoool RC 1800 Quiet ARGB",
            "가격": "55,000원",
            "수량": "1"
        }
    },
    "total_price": "5425400원",
    "CPU": "AMD 라이젠9-5세대 7950X3D (라파엘) (정품)",
    "Motherboard": "ASUS ProArt B650-CREATOR 대원씨티에스",
    "Graphic Card": "GIGABYTE 지포스 RTX 4090 Gaming OC D6X 24GB 제이씨현",
    "SSD": "마이크론 Crucial T500 M.2 NVMe 대원씨티에스 (2TB)",
    "Memory": "PATRIOT DDR5-5200 CL42 SIGNATURE (32GB) x 2 개",
    "Power Supply": "HYDRO PTM PRO 1650W Platinum ATX3.0 (12V-2x6)",
    "CPU Cooler": "3RSYS Socoool RC 1800 Quiet ARGB (BLACK)",
    "cpu_score": 63,
    "gpu_score": 0,
    "performance_grade": "고성능",
    "cpu_benchmarkscore": 62530,
    "gpu_benchmarkscore": 38694
}