{
    "quote_number": "5067",
    "quote_title": "14400F + RTX 3050 화이트 사무용",
    "date_create": "2024.4.4",
    "cpu_gpu_combinations": "코어i5-14400F + RTX 3050 조합",
    "quotation_summary": " 14400F + RTX 3050 화이트 사무용# 14400F + RTX 3050 화이트 사무용",
    "quote_person_introduction": "퀘이사존, 다나와, 쿨엔에서 활동 중인  잉여인간17호입니다.다양한 필테 경력과 컴덕질을 경험삼아 도움 드리고자 합니다.어떠한 스폰도 받지 않는 유저 입장에서 직접 사용해보고 테스트한 견적 위주로 견적드리겠습니다.",
    "quote_feedback": "14400F + RTX 3050 화이트 사무용",
    "computer_estimate_data": "[CPU]인텔 코어i5-14세대 14400F (랩터레이크 리프레시) (벌크)상세보기[메인보드]ASRock B760M PG LIGHTNING/D4 디앤디컴상세보기[메모리]ESSENCORE KLEVV DDR4-3200 CL22 (16GB) x 2 개상세보기[그래픽카드]이엠텍 지포스 RTX 3050 MIRACLE WHITE D6 6GB상세보기[SSD]마이크론 Crucial P5 Plus M.2 NVMe 대원CTS (500GB)상세보기[SSD]마이크론 Crucial T500 M.2 NVMe 아스크텍 (1TB)상세보기[케이스]1stPlayer T7-P 화이트 (미들타워)상세보기[파워서플라이]topower Guardian TOP-600DG Single Rail 80PLUS BRONZE WHITE상세보기[CPU쿨러]DARKFLASH Ellsworth S21 (화이트)상세보기[모니터]알파스캔 AOC 27B2H2 보더리스 IPS 100 시력보호 무결점 x 4 개상세보기[키보드+마우스 세트]로지텍코리아 MK235 Wireless Combo (정품)상세보기[마우스패드]AONE CRUISE GP-783 게이밍 장패드 (블랙)상세보기[케이블/AV(영상.음성)통합관련]리버네트워크 NEXI 파인골드 DP to HDMI 변환 케이블 (NX979, 2m) x 2 개상세보기[조립PC관련][견적왕] 조립 서비스 + 1년 출장 A/S상세보기",
    "quote_description": "파워서플라이는 topower사의 600W 브론즈등급 화이트색상 제품입니다. A/S보증기간 7년을 제공하고 화이트 색상 제품이라 화이트감성 PC에 알맞는 제품입니다.CPU쿨러는 다크플래쉬에서 새로 나온 S21이 성능도 뛰어나고 화이트 제품도 있어 해당 쿨러입니다.",
    "parts_price": {
        "CPU": {
            "제품명": "인텔 코어i5-14세대 14400F",
            "가격": "275,920원",
            "수량": "1"
        },
        "메인보드": {
            "제품명": "ASRock B760M PG LIGHTNING/D4 디앤디컴",
            "가격": "139,360원",
            "수량": "1"
        },
        "메모리": {
            "제품명": "ESSENCORE KLEVV DDR4-3200 CL22  16GB",
            "가격": "31,990원",
            "수량": "2"
        },
        "그래픽카드": {
            "제품명": "이엠텍 지포스 RTX 3050 MIRACLE WHITE D6 6GB",
            "가격": "278,710원",
            "수량": "1"
        },
        "SSD": {
            "제품명": "마이크론 Crucial T500 M.2 NVMe 아스크텍 1TB",
            "가격": "126,800원",
            "수량": "1"
        },
        "케이스": {
            "제품명": "1stPlayer T7-P 화이트",
            "가격": "41,130원",
            "수량": "1"
        },
        "파워서플라이": {
            "제품명": "topower Guardian TOP-600DG Single Rail 80PLUS BRONZE WHITE",
            "가격": "65,000원",
            "수량": "1"
        },
        "CPU쿨러": {
            "제품명": "DARKFLASH Ellsworth S21",
            "가격": "26,840원",
            "수량": "1"
        },
        "모니터": {
            "제품명": "알파스캔 AOC 27B2H2 보더리스 IPS 100 시력보호 무결점 x 4 개",
            "가격": "160,820원",
            "수량": "4"
        },
        "키보드+마우스 세트": {
            "제품명": "로지텍코리아 MK235 Wireless Combo",
            "가격": "29,900원",
            "수량": "1"
        },
        "마우스패드": {
            "제품명": "AONE CRUISE GP-783 게이밍 장패드",
            "가격": "2,100원",
            "수량": "1"
        },
        "케이블/AV(영상.음성)통합관련": {
            "제품명": "리버네트워크 NEXI 파인골드 DP to HDMI 변환 케이블 x 2 개",
            "가격": "15,900원",
            "수량": "2"
        }
    },
    "total_price": "1724820원",
    "CPU": "인텔 코어i5-14세대 14400F (랩터레이크 리프레시) (벌크)",
    "Motherboard": "ASRock B760M PG LIGHTNING/D4 디앤디컴",
    "Graphic Card": "이엠텍 지포스 RTX 3050 MIRACLE WHITE D6 6GB",
    "SSD": "마이크론 Crucial P5 Plus M.2 NVMe 대원CTS (500GB)",
    "Memory": "ESSENCORE KLEVV DDR4-3200 CL22 (16GB) x 2 개",
    "Power Supply": "topower Guardian TOP-600DG Single Rail 80PLUS BRONZE WHITE",
    "CPU Cooler": "DARKFLASH Ellsworth S21 (화이트)",
    "cpu_score": 361,
    "gpu_score": 196,
    "performance_grade": "중성능",
    "cpu_benchmarkscore": 26597,
    "gpu_benchmarkscore": 10896
}