{
    "quote_number": "5084",
    "quote_title": "스팀게임 발더스게이트3 호그와트 콜옵 라이젠 7500F + RX 7900 GRE QHD 게이밍 컴퓨터 견적",
    "date_create": "2024.4.5",
    "cpu_gpu_combinations": "라이젠5 7500F + RX 7900 GRE 조합",
    "quotation_summary": " 라이젠 7500F / RX 7900 GRE / RAM 32GB / SSD 1TB# QHD 게이밍# 라라랜드# AFMF# 스팀게임# 호그와트 레거시# 콜오브듀티# 발더스3",
    "quote_person_introduction": "안녕하세요. 로카프입니다.우리 주변에는 아직 컴퓨터 견적구성을 어떻게 할 지 몰라 고민에 빠지는 분들이 많이 계십니다.성능은 괜찮을까? 고장은 나지 않을까? 가격은 괜찮은건가? 이런 고민들을 한 번쯤은 해보셨을 겁니다.용도에 알맞는 성능과 합리적인 가격, 최우선으로 안정성과 신뢰도 높은 부품들로 구성된 견적을 추천해드리겠습니다.컴퓨터를 처음 알아보시는 분들의 입장에서 생각하고 견적을 구성해드리는 견적맨이 되겠습니다.",
    "quote_feedback": "라이젠 7500F + RX 7900 GRE 라라랜드 견적 구성 도와드렸습니다.메인보드는 PBO와 커브 옵티마이저 기능 사용가능한 B650칩셋 제품이며메모리는 6000클럭 튜닝램으로 16GB 2장 총 32GB 용량 맞춰드렸습니다.그래픽카드는 RTX 4070 SUPER와 전반적임 게임성능 비슷하며 금액부담 덜하고AFMF기능 활용해 게임프레임 더욱 높여볼 수 있는 RX 7900 GRE입니다.SSD는 PCIe4.0 상위스펙 1TB 용량 제품이며CPU쿨러는 싱글타워공랭쿨러로 충분하겠습니다.",
    "computer_estimate_data": "[CPU]AMD 라이젠5-5세대 7500F (라파엘) (멀티팩(정품))상세보기[메인보드]ASRock B650M PG Lightning + WiFi6E 모듈 패키지 에즈윈상세보기[메모리]ADATA XPG DDR5-6000 CL30 LANCER RGB 블랙 패키지 (32GB(16Gx2))하이닉스 A다이 언락 제품!상세보기[그래픽카드]ASRock 라데온 RX 7900 GRE CHALLENGER OC D6 16GB 대원씨티에스상세보기[SSD]마이크론 Crucial T500 M.2 NVMe 대원씨티에스 (1TB)상세보기[케이스]DAVEN SIX FLOW 블랙 (미들타워)상세보기[파워서플라이]쿨러마스터 G800 GOLD상세보기[CPU쿨러]DARKFLASH Ellsworth S21 (블랙)상세보기[쿨러.튜닝.조명.액세서리]장우컴퍼니 JW-HTK01 M.2 방열판상세보기[조립PC관련][견적왕] 조립 서비스 + 1년 출장 A/S상세보기",
    "quote_description": "CPU는 6코어 12쓰레드 구조로 라이젠 7600과 성능 차이가 크지않으면서 내장그래픽이 없어 금액부담 덜 수 있는 제품입니다.메인보드는 B650칩셋 제품으로 PBO와 커브옵티마이저 기능 사용이 가능하며 드라이버모스펫을 사용한 B650M PG Lightning입니다. WIFI6E 모듈이 함께 구성된 패키지제품으로 무선랜과 블루투스 기능을 지원합니다.메모리는 6000클럭 튜닝램 제품 가운데 CL타이밍 값이 30으로 낮은편인 ADATA사의 LANCER RGB 블랙 튜닝램입니다. 라이프워런티정책으로 A/S정책이 좋으며 16GB 2장 총 32GB 패키지입니다.그래픽카드는 RTX 4070 SUPER와 전반적인 게임성능 비슷하며 금액 면에서 좀 더 유리한 RX 7900 GRE입니다. AFMF 기능을 활용하면 게임프레임을 더욱 더 높여볼 수 있으며 VRAM 용량이 16GB인 점도 장점입니다. AI QuickSet 소프트웨어 도구를 통해 AI 이미지 생성도 손쉽게 해볼 수 있습니다.SSD는 최대읽기속도 7,300MB/s 최대쓰기속도 6,800MB/s를 자랑하는 최상위권 PCIe 4.0 SSD인 T500입니다. 보증기간 5년 제공하며 파이슨 컨트롤러가 적용되어 있습니다.케이스는 140mm 기본팬 6개를 제공하고 CPU쿨러최대호환가능높이 185mm, 그래픽카드최대호환가능길이 350mm 제원의 DAVEN SIX FLOW입니다. 좌측면 스윙도어 형태이며 LED ON/OFF 스위치가 있어 사용자 취향에 따라 켜고 끌 수 있습니다.파워서플라이는 800W 골드등급의 제품으로 시스템에 안정적으로 전원 공급가능한 용량이며, 쿨러마스터 제품 역시 A/S 정책이 좋습니다.CPU쿨러는 2~3만원대 쿨러 중 가성비가 뛰어난 제품으로, AM4소켓 CPU 구성시 발생할 수 있는 무뽑기 파손증상 방지키트가 구성품에 포함되어 있습니다.",
    "parts_price": {
        "CPU": {
            "제품명": "AMD 라이젠5-5세대 7500F",
            "가격": "203,890원",
            "수량": "1"
        },
        "메인보드": {
            "제품명": "ASRock B650M PG Lightning + WiFi6E 모듈 패키지 에즈윈",
            "가격": "180,570원",
            "수량": "1"
        },
        "메모리": {
            "제품명": "ADATA XPG DDR5-6000 CL30 LANCER RGB 블랙 패키지)하이닉스 A다이 언락 제품! 32GB",
            "가격": "335,580원",
            "수량": "1"
        },
        "그래픽카드": {
            "제품명": "ASRock 라데온 RX 7900 GRE CHALLENGER OC D6 16GB 대원씨티에스",
            "가격": "843,650원",
            "수량": "1"
        },
        "SSD": {
            "제품명": "마이크론 Crucial T500 M.2 NVMe 대원씨티에스 1TB",
            "가격": "129,070원",
            "수량": "1"
        },
        "케이스": {
            "제품명": "DAVEN SIX FLOW 블랙",
            "가격": "46,430원",
            "수량": "1"
        },
        "파워서플라이": {
            "제품명": "쿨러마스터 G800 GOLD",
            "가격": "90,000원",
            "수량": "1"
        },
        "CPU쿨러": {
            "제품명": "DARKFLASH Ellsworth S21",
            "가격": "26,840원",
            "수량": "1"
        },
        "쿨러.튜닝.조명.액세서리": {
            "제품명": "장우컴퍼니 JW-HTK01 M.2 방열판",
            "가격": "1,200원",
            "수량": "1"
        }
    },
    "total_price": "1857230원",
    "CPU": "AMD 라이젠5-5세대 7500F (라파엘) (멀티팩(정품))",
    "Motherboard": "ASRock B650M PG Lightning + WiFi6E 모듈 패키지 에즈윈",
    "Graphic Card": "ASRock 라데온 RX 7900 GRE CHALLENGER OC D6 16GB 대원씨티에스",
    "SSD": "마이크론 Crucial T500 M.2 NVMe 대원씨티에스 (1TB)",
    "Memory": "ADATA XPG DDR5-6000 CL30 LANCER RGB 블랙 패키지 (32GB(16Gx2))하이닉스 A다이 언락 제품!",
    "Power Supply": "쿨러마스터 G800 GOLD",
    "CPU Cooler": "DARKFLASH Ellsworth S21 (블랙)",
    "cpu_score": 355,
    "gpu_score": 6,
    "performance_grade": "중성능",
    "cpu_benchmarkscore": 26926,
    "gpu_benchmarkscore": 30951
}