{
    "quote_number": "5138",
    "quote_title": "7700 + RTX 4070 SUPER",
    "date_create": "2024.4.7",
    "cpu_gpu_combinations": "라이젠7 7700 + RTX 4070 SUPER 조합",
    "quotation_summary": " 7700 + RTX 4070 SUPER# 7700 + RTX 4070 SUPER",
    "quote_person_introduction": "퀘이사존, 다나와, 쿨엔에서 활동 중인  잉여인간17호입니다.다양한 필테 경력과 컴덕질을 경험삼아 도움 드리고자 합니다.어떠한 스폰도 받지 않는 유저 입장에서 직접 사용해보고 테스트한 견적 위주로 견적드리겠습니다.",
    "quote_feedback": "7700 + RTX 4070 SUPER",
    "computer_estimate_data": "[CPU]AMD 라이젠7-5세대 7700 (라파엘) (정품)상세보기[메인보드]ASRock B650M Pro RS 디앤디컴상세보기[메모리]PATRIOT DDR5-5200 CL42 SIGNATURE (16GB) x 2 개상세보기[그래픽카드]이엠텍 지포스 RTX 4070 SUPER MIRACLE X3 WHITE D6X 12GB상세보기[SSD]마이크론 Crucial T500 M.2 NVMe 대원씨티에스 (2TB)상세보기[케이스]DAVEN AQUARIUM 화이트 (미들타워)상세보기[파워서플라이]NEWZEN SKULL 750SM MODULAR ATX 3.0 80PLUS GOLD WHITE (PCIE5)상세보기[CPU쿨러]Thermalright Peerless Assassin 120 SE WHITE ARGB 서린상세보기[조립PC관련][견적왕] 조립 서비스 + 1년 출장 A/S상세보기",
    "quote_description": "메모리는 하이닉스 다이가 탑재된 JEDEC 표준 메모리입니다. \n현재 가격대도 좋고, 라이젠의 경우 5600 클럭 이슈가 있어 해당 메모리로 구성하시기 바랍니다.그래픽카드는 RTX 4070과 RTX 4070 Ti 제품 사이에 위치한 라인업이며 A/S퀄리티 1티어인 이엠텍사 화이트색상 제품입니다. 보조전원 커넥터는 12VHPWR 규격이며 제원 상 길이 315mm, 두께 50mm입니다.SSD는 PCIE4.0 대역폭 상급 SSD케이스는 어항형 케이스중 파워가 옆면에 있는 투챔버형태로 높이도 컴팩트해서 감성이 뛰어난 케이스입니다.파워서플라이는  10년 보증에 슈퍼플라워랑 같은 유통사로 고주파 발생시 새제품 교환 등 AS 정책도 동일하고 가격대도 좋은 파워입니다.CPU쿨러는 써멀리아트의 대장급 공랭입니다. 화이트 감성과 정숙성을 원하시는 분들에게 추천드립니다.",
    "parts_price": {
        "CPU": {
            "제품명": "AMD 라이젠7-5세대 7700",
            "가격": "401,348원",
            "수량": "1"
        },
        "메인보드": {
            "제품명": "ASRock B650M Pro RS 디앤디컴",
            "가격": "182,860원",
            "수량": "1"
        },
        "메모리": {
            "제품명": "PATRIOT DDR5-5200 CL42 SIGNATURE  16GB",
            "가격": "64,120원",
            "수량": "2"
        },
        "그래픽카드": {
            "제품명": "이엠텍 지포스 RTX 4070 SUPER MIRACLE X3 WHITE D6X 12GB",
            "가격": "922,830원",
            "수량": "1"
        },
        "SSD": {
            "제품명": "마이크론 Crucial T500 M.2 NVMe 대원씨티에스 2TB",
            "가격": "230,690원",
            "수량": "1"
        },
        "케이스": {
            "제품명": "DAVEN AQUARIUM 화이트",
            "가격": "63,420원",
            "수량": "1"
        },
        "파워서플라이": {
            "제품명": "NEWZEN SKULL 750SM MODULAR ATX 3.0 80PLUS GOLD WHITE",
            "가격": "124,830원",
            "수량": "1"
        },
        "CPU쿨러": {
            "제품명": "Thermalright Peerless Assassin 120 SE WHITE ARGB 서린",
            "가격": "45,110원",
            "수량": "1"
        }
    },
    "total_price": "2099328원",
    "CPU": "AMD 라이젠7-5세대 7700 (라파엘) (정품)",
    "Motherboard": "ASRock B650M Pro RS 디앤디컴",
    "Graphic Card": "이엠텍 지포스 RTX 4070 SUPER MIRACLE X3 WHITE D6X 12GB",
    "SSD": "마이크론 Crucial T500 M.2 NVMe 대원씨티에스 (2TB)",
    "Memory": "PATRIOT DDR5-5200 CL42 SIGNATURE (16GB) x 2 개",
    "Power Supply": "NEWZEN SKULL 750SM MODULAR ATX 3.0 80PLUS GOLD WHITE (PCIE5)",
    "CPU Cooler": "Thermalright Peerless Assassin 120 SE WHITE ARGB 서린",
    "cpu_score": 209,
    "gpu_score": 4,
    "performance_grade": "고성능",
    "cpu_benchmarkscore": 35970,
    "gpu_benchmarkscore": 31768
}