{
    "quote_number": "5143",
    "quote_title": "코어i5-14세대 14600KF + 지포스 RTX 4070 SUPER",
    "date_create": "2024.4.8",
    "cpu_gpu_combinations": "코어i5-14600KF + RTX 4070 SUPER 조합",
    "quotation_summary": " 코어i5-14세대 14600KF + 지포스 RTX 4070 SUPER# 게임용",
    "quote_person_introduction": "안녕하세요! 인벤에서 주로 활동하고 있는 Skywalkers입니다.가성비와 성능비 그리고 감성비까지 모두 고려해서 가장 합리적인 구성을 찾을 수 있도록 추천을 드리겠습니다.",
    "quote_feedback": "1. 인텔은 12세대부터 벌크도 정품과 동일한 3년 무상 AS를 제공합니다.정품 박스가 꼭 필요한 것이 아니라면 벌크로 구성하는 것이 보다 효율적입니다. 14600KF 벌크로 변경2. 메모리는 라이프타임 워런티로 압도적인 AS기간을 제공하는 팀그룹 5600MHz 고클럭 규격램 16기가 2개 32기가로 변경3. 그래픽카드는 1티어 AS에 2년 추가 RMA포함 총 5년의 무상AS를 제공하고 동일한 제품군에서는 가격적인 메리트도 있는 조택 4070 SUPER로 변경했습니다. 고가의 그래픽카드일수록 추가되는 2년의 무상AS는 아주 큰 메리트가 됩니다.4. 작업 및 업무용으로 사용할 때 가장 체감이 크게 되는 부품이 SSD입니다. P31은 NVMe 규격에서 속도가 가장 느린 젠3 제품입니다.젠3 보다 2배 더 빠른 젠4 제품 중 넘사벽 갓성비의 삼성전자 980PRO OEM버전인 삼성전자 PM9A1 M2 NVMe 병행수입 (1TB)으로 변경5. 케이스는 가성비 끝판왕급 제품인 몬스타 가츠 X420A 블랙 (미들타워)로 변경6. 파워는 4000번대 16핀 전용 커넥터가 적용된 그래픽카드의 경우는 12VHPWR 케이블을 지원하는 제품으로 구성하는 것이 보다 안정적으로 사용할 수가 있습니다. 실버 인증에 12VHPWR 케이블이 적용된 마이크로닉스 WIZMAX 750W 80PLUS SILVER ATX3.0 (PCIE5)로 변경7. CPU쿨러는 케이스와도 잘 어울리면서 대장급 성능의 듀얼타워 공랭쿨러 중에서 압도적인 가성비를 제공하는 PentaWave S06D LE ARGB로 변경https://coolenjoy.net/bbs/system/1278729몬스타 가츠 X420A 블랙 (미들타워) + PentaWave S06D LE ARGB 시스템 조립 예시입니다. 직접 조립을 해봤는데 정말 멋진 시스템으로 만들어 주더군요.참고해서 합리적인 구매하시기 바랍니다.",
    "computer_estimate_data": "[CPU]코어i5-14세대 14600KF (랩터레이크)(벌크)상세보기[메인보드]MSI MAG B760M 박격포 II상세보기[메모리]TeamGroup DDR5-5600 CL46 Elite (16GB) x 2 개상세보기[그래픽카드]ZOTAC GAMING 지포스 RTX 4070 SUPER TWIN Edge OC D6X 12GB상세보기[SSD]삼성전자 PM9A1 M2 NVMe 병행수입 (1TB)상세보기[케이스]몬스타 가츠 X420A 블랙 (미들타워)상세보기[파워서플라이]마이크로닉스 WIZMAX 750W 80PLUS SILVER ATX3.0 (PCIE5)상세보기[CPU쿨러]PentaWave S06D LE ARGB상세보기[조립PC관련][견적왕] 조립 서비스 + 1년 출장 A/S상세보기",
    "quote_description": "그래픽카드는 RTX 4070과 RTX 4070 Ti 제품 사이에 위치한 라인업이며 길이 234.1mm, 두께 40.2mm의 제원을 가지고 있습니다. 보조전원 커넥터는 12VHPWR 규격이며 구매 후 14일 이내 제품 등록 시 무상 3년 보증에 추가로 2년 확대보증 서비스를 제공하여 오래도록 사용할 수 있습니다.CPU쿨러는 케이스와도 잘 어울리는 대장급 성능의 듀얼타워 공랭쿨러 중에서는 압도적인 가성비를 제공",
    "parts_price": {
        "CPU": {
            "제품명": "코어i5-14세대 14600KF",
            "가격": "399,320원",
            "수량": "1"
        },
        "메인보드": {
            "제품명": "MSI MAG B760M 박격포 II",
            "가격": "212,880원",
            "수량": "1"
        },
        "메모리": {
            "제품명": "TeamGroup DDR5-5600 CL46 Elite  16GB",
            "가격": "64,030원",
            "수량": "2"
        },
        "그래픽카드": {
            "제품명": "ZOTAC GAMING 지포스 RTX 4070 SUPER TWIN Edge OC D6X 12GB",
            "가격": "912,800원",
            "수량": "1"
        },
        "SSD": {
            "제품명": "삼성전자 PM9A1 M2 NVMe 병행수입 1TB",
            "가격": "104,900원",
            "수량": "1"
        },
        "케이스": {
            "제품명": "몬스타 가츠 X420A 블랙",
            "가격": "31,310원",
            "수량": "1"
        },
        "파워서플라이": {
            "제품명": "마이크로닉스 WIZMAX 750W 80PLUS SILVER ATX3.0",
            "가격": "85,880원",
            "수량": "1"
        },
        "CPU쿨러": {
            "제품명": "PentaWave S06D LE ARGB",
            "가격": "35,710원",
            "수량": "1"
        }
    },
    "total_price": "1910860원",
    "CPU": "코어i5-14세대 14600KF (랩터레이크)(벌크)",
    "Motherboard": "MSI MAG B760M 박격포 II",
    "Graphic Card": "ZOTAC GAMING 지포스 RTX 4070 SUPER TWIN Edge OC D6X 12GB",
    "SSD": "삼성전자 PM9A1 M2 NVMe 병행수입 (1TB)",
    "Memory": "TeamGroup DDR5-5600 CL46 Elite (16GB) x 2 개",
    "Power Supply": "마이크로닉스 WIZMAX 750W 80PLUS SILVER ATX3.0 (PCIE5)",
    "CPU Cooler": "PentaWave S06D LE ARGB",
    "cpu_score": 181,
    "gpu_score": 4,
    "performance_grade": "고성능",
    "cpu_benchmarkscore": 39510,
    "gpu_benchmarkscore": 31768
}