{
    "quote_number": "5175",
    "quote_title": "14700KF + RTX 4060 TI 16GB",
    "date_create": "2024.4.9",
    "cpu_gpu_combinations": "코어i7-14700KF + RTX 4060 Ti 조합",
    "quotation_summary": " 14700KF + RTX 4060 TI 16GB# 14700KF + RTX 4060 TI 16GB",
    "quote_person_introduction": "퀘이사존, 다나와, 쿨엔에서 활동 중인  잉여인간17호입니다.다양한 필테 경력과 컴덕질을 경험삼아 도움 드리고자 합니다.어떠한 스폰도 받지 않는 유저 입장에서 직접 사용해보고 테스트한 견적 위주로 견적드리겠습니다.",
    "quote_feedback": "14700KF + RTX 4060 TI 16GB",
    "computer_estimate_data": "[CPU]코어i7-14세대 14700KF (랩터레이크)(벌크)상세보기[메인보드]GIGABYTE Z790 AORUS ELITE X 피씨디렉트상세보기[메모리]TeamGroup DDR5-5600 CL46 Elite (16GB) x 2 개상세보기[그래픽카드]MSI 지포스 RTX 4060 Ti 벤투스 2X 블랙 OC D6 16GB상세보기[SSD]마이크론 Crucial T500 M.2 NVMe 대원씨티에스 (2TB)상세보기[케이스]3RSYS L700 LITE (미들타워)상세보기[파워서플라이]NEWZEN SKULL 750SM MODULAR ATX 3.0 80PLUS GOLD (PCIE5)상세보기[CPU쿨러]DARKFLASH NEBULA DN-360 ARGB (블랙)상세보기[소프트웨어]Microsoft Windows 11 Home (처음사용자용 한글)상세보기[조립PC관련][견적왕] 조립 서비스 + 1년 출장 A/S상세보기",
    "quote_description": "[조립PC관련]수랭 쿨러 조립 추가 비용상세보기CPU는 8+12코어 16+12 쓰레드로 이전 13세대 대비 4코어 늘어난 14세대 i7입니다.메인보드는 16+1+2페이즈 1440A(90A)의 뛰어난 전원부로 14세대도 문제 없는 강력한 보드입니다.그래픽카드는 VRAM이 16GB로 높아 그래픽카드 VRAM을 많이 사용하는 앱플레이어나 게임, 작업용도로도 좋습니다.SSD는 PCIE4.0 대역폭 상급 SSD케이스는 상단 3열 수냉 장착 가능한 가성비 좋은 케이스입니다.파워서플라이는 10년 보증에 슈퍼플라워랑 같은 유통사로 고주파 발생시 새제품 교환 등 AS 정책에 뛰어난 가성비까지 겸비한 파워입니다.CPU쿨러는 10이하에서 상급 성능에 소음도 검증된 갓성비 쿨러입니다.소프트웨어는 인텔 12세대 이후로는 고성능 코어와 효율 코어로 나뉘면서 윈도우 11을 권장합니다.\n인텔의 경우 일부 게임에선 윈11이 성능이 더 잘나옵니다.",
    "parts_price": {
        "CPU": {
            "제품명": "코어i7-14세대 14700KF",
            "가격": "536,570원",
            "수량": "1"
        },
        "메인보드": {
            "제품명": "GIGABYTE Z790 AORUS ELITE X 피씨디렉트",
            "가격": "337,750원",
            "수량": "1"
        },
        "메모리": {
            "제품명": "TeamGroup DDR5-5600 CL46 Elite  16GB",
            "가격": "64,030원",
            "수량": "2"
        },
        "그래픽카드": {
            "제품명": "MSI 지포스 RTX 4060 Ti 벤투스 2X 블랙 OC D6 16GB",
            "가격": "610,840원",
            "수량": "1"
        },
        "SSD": {
            "제품명": "마이크론 Crucial T500 M.2 NVMe 대원씨티에스 2TB",
            "가격": "230,690원",
            "수량": "1"
        },
        "케이스": {
            "제품명": "3RSYS L700 LITE",
            "가격": "58,290원",
            "수량": "1"
        },
        "파워서플라이": {
            "제품명": "NEWZEN SKULL 750SM MODULAR ATX 3.0 80PLUS GOLD",
            "가격": "124,830원",
            "수량": "1"
        },
        "CPU쿨러": {
            "제품명": "DARKFLASH NEBULA DN-360 ARGB",
            "가격": "81,260원",
            "수량": "1"
        },
        "소프트웨어": {
            "제품명": "Microsoft Windows 11 Home",
            "가격": "173,350원",
            "수량": "1"
        }
    },
    "total_price": "2281640원",
    "CPU": "코어i7-14세대 14700KF (랩터레이크)(벌크)",
    "Motherboard": "GIGABYTE Z790 AORUS ELITE X 피씨디렉트",
    "Graphic Card": "MSI 지포스 RTX 4060 Ti 벤투스 2X 블랙 OC D6 16GB",
    "SSD": "마이크론 Crucial T500 M.2 NVMe 대원씨티에스 (2TB)",
    "Memory": "TeamGroup DDR5-5600 CL46 Elite (16GB) x 2 개",
    "Power Supply": "NEWZEN SKULL 750SM MODULAR ATX 3.0 80PLUS GOLD (PCIE5)",
    "CPU Cooler": "DARKFLASH NEBULA DN-360 ARGB (블랙)",
    "cpu_score": 98,
    "gpu_score": 32,
    "performance_grade": "고성능",
    "cpu_benchmarkscore": 53708,
    "gpu_benchmarkscore": 22891
}