{
    "quote_number": "5180",
    "quote_title": "로스트아크 검은사막 온라인 MMORPG 스팀게임 고사양게임 라이젠 7800X3D + RTX 4080 SUPER 화이트감성 QHD 게이밍 컴퓨터 견적",
    "date_create": "2024.4.9",
    "cpu_gpu_combinations": "라이젠7 7800X3D + RTX 4080 SUPER 조합",
    "quotation_summary": " 라이젠 7800X3D / RTX 4080 SUPER / RAM 32GB / SSD 1TB# QHD 게이밍# 화이트감성# 스팀게임# 고사양게임# 온라인 MMORPG# 로아# 검은사막# WOW",
    "quote_person_introduction": "안녕하세요. 로카프입니다.우리 주변에는 아직 컴퓨터 견적구성을 어떻게 할 지 몰라 고민에 빠지는 분들이 많이 계십니다.성능은 괜찮을까? 고장은 나지 않을까? 가격은 괜찮은건가? 이런 고민들을 한 번쯤은 해보셨을 겁니다.용도에 알맞는 성능과 합리적인 가격, 최우선으로 안정성과 신뢰도 높은 부품들로 구성된 견적을 추천해드리겠습니다.컴퓨터를 처음 알아보시는 분들의 입장에서 생각하고 견적을 구성해드리는 견적맨이 되겠습니다.",
    "quote_feedback": "게이밍용도에 맞춰 라이젠 7800X3D + RTX 4080 SUPER 화이트 견적 구성 도와드렸습니다.CPU는 3D V캐시 적용으로 캐시메모리 용량이 커 게임성능이 매우 좋은 7800X3D이며특히 로스트아크, 검은사막과 같은 온라인 MMORPG 게임에서의 성능이 두드러집니다.메모리는 16GB 2장 총 32GB 용량 맞춰드렸으며SSD는 PCIe4.0 상위스펙 1TB 용량 제품 선택했습니다.그래픽카드는 가장 고가의 부품인만큼 A/S퀄리티 좋은 이엠텍, 조텍, 갤럭시, inno3D 제품 추천드리며CPU쿨러는 상급 듀얼타워공랭쿨러 구성했습니다.파워는 12VHPWR 케이블 기본제공하는 850W 용량 제품으로 마무리했습니다.",
    "computer_estimate_data": "[CPU]AMD 라이젠7-5세대 7800X3D (라파엘) (멀티팩(정품))상세보기[메인보드]ASRock B650M Pro RS 디앤디컴상세보기[그래픽카드]ZOTAC GAMING 지포스 RTX 4080 SUPER Trinity OC D6X 16GB White상세보기[케이스]DARKFLASH DS900 ARGB 강화유리 화이트 (미들타워)상세보기[파워서플라이]NEWZEN SKULL 850SM MODULAR ATX 3.0 80PLUS GOLD WHITE (PCIE5)상세보기[CPU쿨러]DARKFLASH Ellsworth D21 (WHITE)상세보기[이벤트특가][SSD + RAM] 마이크론 Crucial T500 1TB + Crucial DDR5-5600 (32GB(16Gx2)) 패키지 대원씨티에스상세보기[조립PC관련][견적왕] 조립 서비스 + 1년 출장 A/S상세보기",
    "quote_description": "CPU는 3D V캐시 구성으로 압도적인 게이밍 성능을 자랑하며 공랭쿨러로도 사용이 가능한 7800X3D입니다. 8코어 16쓰레드 구조로 방송하시는 데도 충분한 성능을 발휘하는 제품입니다.메인보드는 B650칩셋 제품이라서 PBO와 커브옵티마이저 기능을 지원하는 제품입니다. 400A급 드라이버모스펫 구성의 전원부 성능을 가지고 있으며 기판일부와 방열판색상이 화이트라 화이트조합에 알맞습니다.그래픽카드는 QHD 게이밍도 끄떡없는 극강의 성능을 자랑하는 RTX 4080 SUPER입니다. 더불어 ZOTAC사 제품으로 A/S 걱정에서 자유로울 수 있으며, 구매 후 14일 이내 제품 등록 시 무상 3년 보증에 추가로 2년 확대보증 서비스를 제공하여 오래도록 사용할 수 있습니다. 화이트 색상 제품으로 화이트 감성 PC 구성에 제격입니다.케이스는 흔히 어항케이스라고 불리우는 디자인이 적용되었으며, 수직받침대형태의 그래픽카드지지대가 기본구성되어있어 무거운 그래픽카드 장착 시 생길 수 있는 쳐짐현상을 방지할 수 있습니다. 측면리버스팬 3개와 후면정방향팬 1개 총 4개의 기본팬을 제공하며 제원 상 CPU쿨러 최대호환가능높이 170mm, 그래픽카드 최대호환가능길이 425mm입니다.파워서플라이는 무상보증기간 10년, 고주파증상도 원활하게 A/S받을 수 있는 SKULL 850W 골드급 ATX3.0 사양의 제품입니다.CPU쿨러는 듀얼타워공랭쿨러 가운데 뛰어난 쿨링성능과 소음수치가 비교제품군들 가운데 낮은 편으로 정숙성이 훌륭한 D21 제품입니다.",
    "parts_price": {
        "CPU": {
            "제품명": "AMD 라이젠7-5세대 7800X3D",
            "가격": "529,210원",
            "수량": "1"
        },
        "메인보드": {
            "제품명": "ASRock B650M Pro RS 디앤디컴",
            "가격": "182,860원",
            "수량": "1"
        },
        "그래픽카드": {
            "제품명": "ZOTAC GAMING 지포스 RTX 4080 SUPER Trinity OC D6X 16GB White",
            "가격": "1,614,030원",
            "수량": "1"
        },
        "케이스": {
            "제품명": "DARKFLASH DS900 ARGB 강화유리 화이트",
            "가격": "56,290원",
            "수량": "1"
        },
        "파워서플라이": {
            "제품명": "NEWZEN SKULL 850SM MODULAR ATX 3.0 80PLUS GOLD WHITE",
            "가격": "139,350원",
            "수량": "1"
        },
        "CPU쿨러": {
            "제품명": "DARKFLASH Ellsworth D21",
            "가격": "47,200원",
            "수량": "1"
        },
        "SSD + RAM": {
            "제품명": "마이크론 Crucial T500 1TB + Crucial DDR5-5600 패키지 대원씨티에스 1TB",
            "가격": "129,070원",
            "수량": "1"
        }
    },
    "total_price": "2698010원",
    "CPU": "AMD 라이젠7-5세대 7800X3D (라파엘) (멀티팩(정품))",
    "Motherboard": "ASRock B650M Pro RS 디앤디컴",
    "Graphic Card": "ZOTAC GAMING 지포스 RTX 4080 SUPER Trinity OC D6X 16GB White",
    "Power Supply": "NEWZEN SKULL 850SM MODULAR ATX 3.0 80PLUS GOLD WHITE (PCIE5)",
    "CPU Cooler": "DARKFLASH Ellsworth D21 (WHITE)",
    "cpu_score": 225,
    "gpu_score": 1,
    "performance_grade": "고성능",
    "cpu_benchmarkscore": 34357,
    "gpu_benchmarkscore": 34625
}