{
    "quote_number": "5207",
    "quote_title": "7500F + RX 6800",
    "date_create": "2024.4.10",
    "cpu_gpu_combinations": "라이젠5 7500F + RX 6800 조합",
    "quotation_summary": " 7500F + RX 6800# 7500F + RX 6800",
    "quote_person_introduction": "퀘이사존, 다나와, 쿨엔에서 활동 중인  잉여인간17호입니다.다양한 필테 경력과 컴덕질을 경험삼아 도움 드리고자 합니다.어떠한 스폰도 받지 않는 유저 입장에서 직접 사용해보고 테스트한 견적 위주로 견적드리겠습니다.",
    "quote_feedback": "7500F + RX 6800",
    "computer_estimate_data": "[CPU]AMD 라이젠5-5세대 7500F (라파엘) (멀티팩(정품))상세보기[메인보드]ASRock B650M PG Lightning 대원씨티에스상세보기[메모리]PATRIOT DDR5-5200 CL42 SIGNATURE (16GB) x 2 개상세보기[그래픽카드]XFX 라데온 RX 6800 SWFT 319 CORE D6 16GB상세보기[SSD]장우컴퍼니 PM9A1 M.2 NVMe 병행수입 (1TB) 삼성전자상세보기[케이스]DAVEN SIX FLOW 블랙 (미들타워)상세보기[파워서플라이]마이크로닉스 COOLMAX FOCUS II 700W ETA BRONZE PCIE5상세보기[CPU쿨러]DEEPCOOL AG400상세보기[쿨러.튜닝.조명.액세서리]장우컴퍼니 JW-HTK01 M.2 방열판상세보기[조립PC관련][견적왕] 조립 서비스 + 1년 출장 A/S상세보기",
    "quote_description": "CPU는 최고의 게이밍 가성비 CPU입니다메모리는 하이닉스 다이가 탑재된 JEDEC 표준 메모리입니다. \n현재 가격대도 좋고, 라이젠의 경우 5600 클럭 이슈가 있어 해당 메모리로 구성하시기 바랍니다.그래픽카드는 RTX 4070 바로 아랫 등급!\nRTX 4060 Ti보다 월등히 좋지만 더 좋은 가성비 제품!파워서플라이는 브론즈 효율에 PCIE5 규격으로 가격대도 저렴한 가성비 좋은 마이크로닉스 파워입니다.CPU쿨러는 팔라딘 400 급 성능에 2만원 초반선의 극가성비 쿨러입니다.",
    "parts_price": {
        "CPU": {
            "제품명": "AMD 라이젠5-5세대 7500F",
            "가격": "203,890원",
            "수량": "1"
        },
        "메인보드": {
            "제품명": "ASRock B650M PG Lightning 대원씨티에스",
            "가격": "153,020원",
            "수량": "1"
        },
        "메모리": {
            "제품명": "PATRIOT DDR5-5200 CL42 SIGNATURE  16GB",
            "가격": "64,120원",
            "수량": "2"
        },
        "그래픽카드": {
            "제품명": "XFX 라데온 RX 6800 SWFT 319 CORE D6 16GB",
            "가격": "507,420원",
            "수량": "1"
        },
        "SSD": {
            "제품명": "장우컴퍼니 PM9A1 M.2 NVMe 병행수입 삼성전자 1TB",
            "가격": "111,790원",
            "수량": "1"
        },
        "케이스": {
            "제품명": "DAVEN SIX FLOW 블랙",
            "가격": "46,430원",
            "수량": "1"
        },
        "파워서플라이": {
            "제품명": "마이크로닉스 COOLMAX FOCUS II 700W ETA BRONZE PCIE5",
            "가격": "64,690원",
            "수량": "1"
        },
        "CPU쿨러": {
            "제품명": "DEEPCOOL AG400",
            "가격": "21,460원",
            "수량": "1"
        },
        "쿨러.튜닝.조명.액세서리": {
            "제품명": "장우컴퍼니 JW-HTK01 M.2 방열판",
            "가격": "1,200원",
            "수량": "1"
        }
    },
    "total_price": "1238140원",
    "CPU": "AMD 라이젠5-5세대 7500F (라파엘) (멀티팩(정품))",
    "Motherboard": "ASRock B650M PG Lightning 대원씨티에스",
    "Graphic Card": "XFX 라데온 RX 6800 SWFT 319 CORE D6 16GB",
    "SSD": "장우컴퍼니 PM9A1 M.2 NVMe 병행수입 (1TB) 삼성전자",
    "Memory": "PATRIOT DDR5-5200 CL42 SIGNATURE (16GB) x 2 개",
    "Power Supply": "마이크로닉스 COOLMAX FOCUS II 700W ETA BRONZE PCIE5",
    "CPU Cooler": "DEEPCOOL AG400",
    "cpu_score": 355,
    "gpu_score": 25,
    "performance_grade": "중성능",
    "cpu_benchmarkscore": 26926,
    "gpu_benchmarkscore": 25024
}