{
    "quote_number": "5231",
    "quote_title": "AMD 라이젠5-4세대 5600 +  라데온 RX 7600",
    "date_create": "2024.4.11",
    "cpu_gpu_combinations": "라이젠5 5600 + RX 7600 조합",
    "quotation_summary": " AMD 라이젠5-4세대 5600 +  라데온 RX 7600# 게임용",
    "quote_person_introduction": "안녕하세요! 인벤에서 주로 활동하고 있는 Skywalkers입니다.가성비와 성능비 그리고 감성비까지 모두 고려해서 가장 합리적인 구성을 찾을 수 있도록 추천을 드리겠습니다.",
    "quote_feedback": "1. CPU쿨러를 듀얼타워 화이트 공랭쿨러로 변경해서 메모리가 보이지 않아 튜닝 램보다는 규격램으로 구성하는 것으로 수정을 해 봤습니다.2. 그래픽카드는 금액대 내에서 성능이 가장 좋은 PowerColor 라데온 RX 7600 Fighter D6 8GB 대원씨티에스로 변경3. 구성하신 P31 SSD는 NVMe 규격 중에서는 속도가 가장 느린 젠3 제품입니다.젠3 보다 2배 더 빠른 젠4 제품 중 넘사벽 갓성비의 삼성전자 980PRO OEM버전인 장우컴퍼니 PM9A1 M.2 NVMe 병행수입 (512GB) 삼성전자로 변경했고, 저렴한 방열판도 하나 추가했습니다.4. 구성하신 케이스는 후면 팬 1개만 장착되어 있는 제품이라 3개의 팬을 기본 장착하고 하단부 통 타공망 처리로 쿨링 효율도 높은 몬스타 가츠 X220M 화이트 (미니타워)로 변경https://coolenjoy.net/bbs/system/1279089몬스타 가츠 X220M 화이트 (미니타워)와 듀얼타워 공랭쿨러로 조립해 본 시스템입니다. 직접 조립해 봤는데 아주 만족스러운 어항케이스 시스템이 되더군요.5. 파워는 6년 무상AS에 무려 9종에 달하는 보호회로를 적용하여 안정성에 몰빵을 하고서도 가격은 아주 착한 수준으로 출시가 되었고 현재 출시 이벤트로 가격을 더 인하해서 판매 중이라 갓성비 중에서도 갓성비라고 할 수 있는 몬스타 가츠 ExtremeX FX600 80PLUS STANDARD로 구성6. CPU쿨러는 대장급 성능의 듀얼타워 화이트 공랭쿨러인 3RSYS Socoool RC1200 ARGB (WHITE)로 변경",
    "computer_estimate_data": "[CPU]AMD 라이젠5-4세대 5600 (버미어) (멀티팩(정품))상세보기[메인보드]ASRock B550M-HDV 대원씨티에스상세보기[메모리]ESSENCORE KLEVV DDR4-3200 CL22 (8GB) x 2 개상세보기[그래픽카드]PowerColor 라데온 RX 7600 Fighter D6 8GB 대원씨티에스상세보기[SSD]장우컴퍼니 PM9A1 M.2 NVMe 병행수입 (512GB) 삼성전자상세보기[케이스]몬스타 가츠 X220M 화이트 (미니타워)상세보기[파워서플라이]몬스타 가츠 ExtremeX FX600 80PLUS STANDARD상세보기[CPU쿨러]3RSYS Socoool RC1200 ARGB (WHITE)상세보기[소프트웨어]Microsoft Windows 11 Home (처음사용자용 한글)상세보기[쿨러.튜닝.조명.액세서리]장우컴퍼니 JW-HTK01 M.2 방열판상세보기[조립PC관련][견적왕] 조립 서비스 + 1년 출장 A/S상세보기",
    "quote_description": "CPU는 현재 게임 가성비가 가장 좋은 CPU",
    "parts_price": {
        "CPU": {
            "제품명": "AMD 라이젠5-4세대 5600",
            "가격": "144,380원",
            "수량": "1"
        },
        "메인보드": {
            "제품명": "ASRock B550M-HDV 대원씨티에스",
            "가격": "91,580원",
            "수량": "1"
        },
        "메모리": {
            "제품명": "ESSENCORE KLEVV DDR4-3200 CL22  8GB",
            "가격": "20,920원",
            "수량": "2"
        },
        "그래픽카드": {
            "제품명": "PowerColor 라데온 RX 7600 Fighter D6 8GB 대원씨티에스",
            "가격": "340,380원",
            "수량": "1"
        },
        "SSD": {
            "제품명": "장우컴퍼니 PM9A1 M.2 NVMe 병행수입 삼성전자 512GB",
            "가격": "78,030원",
            "수량": "1"
        },
        "케이스": {
            "제품명": "몬스타 가츠 X220M 화이트",
            "가격": "37,260원",
            "수량": "1"
        },
        "파워서플라이": {
            "제품명": "몬스타 가츠 ExtremeX FX600 80PLUS STANDARD",
            "가격": "39,650원",
            "수량": "1"
        },
        "CPU쿨러": {
            "제품명": "3RSYS Socoool RC1200 ARGB",
            "가격": "34,410원",
            "수량": "1"
        },
        "소프트웨어": {
            "제품명": "Microsoft Windows 11 Home",
            "가격": "173,350원",
            "수량": "1"
        },
        "쿨러.튜닝.조명.액세서리": {
            "제품명": "장우컴퍼니 JW-HTK01 M.2 방열판",
            "가격": "1,200원",
            "수량": "1"
        }
    },
    "total_price": "982080원",
    "CPU": "AMD 라이젠5-4세대 5600 (버미어) (멀티팩(정품))",
    "Motherboard": "ASRock B550M-HDV 대원씨티에스",
    "Graphic Card": "PowerColor 라데온 RX 7600 Fighter D6 8GB 대원씨티에스",
    "SSD": "장우컴퍼니 PM9A1 M.2 NVMe 병행수입 (512GB) 삼성전자",
    "Memory": "ESSENCORE KLEVV DDR4-3200 CL22 (8GB) x 2 개",
    "Power Supply": "몬스타 가츠 ExtremeX FX600 80PLUS STANDARD",
    "CPU Cooler": "3RSYS Socoool RC1200 ARGB (WHITE)",
    "cpu_score": 504,
    "gpu_score": 72,
    "performance_grade": "중성능",
    "cpu_benchmarkscore": 21908,
    "gpu_benchmarkscore": 17905
}