{
    "quote_number": "1211",
    "quote_title": "50만원 이하 가성비 사무용",
    "date_create": "2023.12.31",
    "cpu_gpu_combinations": "라이젠5 PRO 4650G +  조합",
    "quotation_summary": " 문서 작업 및 간단한 포토샵 작업 등 저렴하게 사무용 PC를 만드시는 분들을 위한 견적입니다.# 문서 작업 및 간단한 포토샵 작업 등 저렴하게 사무용 PC를 만드시는 분들을 위한 견적입니다.",
    "quote_person_introduction": "퀘이사존, 다나와, 쿨엔에서 활동 중인  잉여인간17호입니다.다양한 필테 경력과 컴덕질을 경험삼아 도움 드리고자 합니다.어떠한 스폰도 받지 않는 유저 입장에서 직접 사용해보고 테스트한 견적 위주로 견적드리겠습니다.",
    "quote_feedback": "문서 작업 및 간단한 포토샵 작업 등 저렴하게 사무용 PC를 만드시는 분들을 위한 견적입니다.",
    "computer_estimate_data": "[CPU]AMD 라이젠5 PRO 르누아르 4650G (정품 멀티팩)(쿨러포함)상세보기[메인보드]Biostar A520MT 이엠텍상세보기[메모리]삼성전자 DDR4-3200 (8GB) PC4-25600 x 2 개상세보기[SSD]SK하이닉스 GOLD P31 M2 NVMe (500GB)상세보기[케이스]아이구주 HATCH 1 야인 블랙 (미니타워)상세보기[파워서플라이]쿨러마스터 MWE 500 BRONZE V2 230V상세보기[조립PC관련][견적왕] 조립 서비스 + 1년 출장 A/S상세보기",
    "quote_description": "CPU는 인텔보다 내장그래픽 성능면에서 이점도 있고, 현재 가격대가 낮아져 인텔 i3로 구성하시는 것보다 저렴하게 구성 가능합니다.메모리는 삼성 메모리는 말이 필요 없죠 ^^SSD는 이천 특산물로 불리며 낮은 발열과 뛰어난 성능으로 게임용이나 사무용도로도 훌륭한 제품입니다. \n안정성이 이미 검증된 제품이죠케이스는 아이구주의 깔끔한 미니타워 케이스입니다파워서플라이는 가성비 좋은 쿨러마스터의 500W 브론즈 효율 파워입니다.",
    "parts_price": {
        "CPU": {
            "제품명": "AMD 라이젠5 PRO 르누아르 4650G",
            "가격": "106,244원",
            "수량": "1"
        },
        "메인보드": {
            "제품명": "Biostar A520MT 이엠텍",
            "가격": "68,000원",
            "수량": "1"
        },
        "메모리": {
            "제품명": "삼성전자 DDR4-3200 PC4-25600  8GB",
            "가격": "21,400원",
            "수량": "2"
        },
        "SSD": {
            "제품명": "SK하이닉스 GOLD P31 M2 NVMe 500GB",
            "가격": "79,000원",
            "수량": "1"
        },
        "케이스": {
            "제품명": "아이구주 HATCH 1 야인 블랙",
            "가격": "24,000원",
            "수량": "1"
        },
        "파워서플라이": {
            "제품명": "쿨러마스터 MWE 500 BRONZE V2 230V",
            "가격": "44,890원",
            "수량": "1"
        }
    },
    "total_price": "364934원",
    "Performance": "저성능"
}