{
    "quote_number": "1212",
    "quote_title": "7800x3D + 4070 ti QHD 게이밍",
    "date_create": "2024.3.31",
    "cpu_gpu_combinations": "라이젠7 7800X3D + RTX 4070 Ti 조합",
    "quotation_summary": " 1. CPU는 끝판왕을 쓰고 싶다.2. qhd 모니터를 사용한다.3. SSD 용량은 넉넉 했으면 한다# 7800x3D# QHD 게이밍# QHD 게이밍 준 끝판왕# RTX 4070 Ti# 4070 Ti",
    "quote_person_introduction": "안녕하세요! 견적왕 견적맨 총괄 매니저 로비오트입니다!퀘이사존 유저랭킹 1등을 계속해서 유지하고 있고견적게시판에서만 주로 활동하는 유저로그 누구보다 제품의 장단점, 성능적인 파악을 정확하게 하고 있습니다.물건을 판매하려는 견적이 아닌 실질적인 소비자 기준으로 구성을 하고 있으며기본적으로 A/S가 좋지 않은 곳은 걸러서 구성하고 있습니다.또한 블랙컨슈머로 인한 A/S이슈는 고려하지도듣지도 보지도 않고 있으니 이런 부분도 걸러 듣고 견적을 작성하고 있습니다!",
    "quote_feedback": "1. CPU게임을 위해 탄생, 라이젠 7 7800X3D > 벤치마크 | 퀘이사존 QUASARZONE7950x3D를 제외하고는가성비로 보나 성능으로 보나7800x3D를 넘어올 제품은 없습니다~2. 메인보드AM5 소캣 메인보드의 경우전원부가 14+2+1 제품을 기준으로 보시는게 좋을텐데보통 해당 숫자의 전원부라면 7950x의 과부하 까지 충분히 커버 됩니다~3. GPU4070 ti기준으로 본다면퀘이사존 지포스 RTX 4070 Ti 벤치마크 > 벤치마크 | 퀘이사존 QUASARZONE어지간한 QHD 게임은 전부다 고주사율 플레이가 가능합니다~",
    "computer_estimate_data": "[CPU]AMD 라이젠7-5세대 7800X3D (라파엘) (정품)상세보기[메인보드]ASRock B650 PG Lightning 대원씨티에스상세보기[메모리]ESSENCORE KLEVV DDR5-5600 CL46 (16GB) x 2 개상세보기[그래픽카드]이엠텍 지포스 RTX 4070 Ti BLACK STORM D6X 12GB상세보기[SSD]SK하이닉스 Gold P31 M2 NVMe (1TB)상세보기[케이스]DARKFLASH DLX21 RGB MESH 강화유리 블랙 (미들타워)상세보기[파워서플라이]마이크로닉스 Classic II 750W 80PLUS GOLD 230V EU 풀모듈러12VHPWR 케이블 제공상세보기[CPU쿨러]3RSYS Socoool RC1800 ARGB (BLACK)상세보기[조립PC관련][견적왕] 조립 서비스 + 1년 출장 A/S상세보기",
    "quote_description": "CPU는 7950x3D를 제외하면\n이걸 따라올 게이밍 CPU는 없다!메인보드는 14+2+1 전원부!\n가격은 25만원! 가성비 of 가성비!메모리는 하이닉스 A다이 메모리\n인식률 호환성 안정성 굳!SSD는 이천 특산물! SK 하이닉스!\nPCIe 3.0의 끝판왕!케이스는 구관이 명관!\n베스트셀러 케이스!파워서플라이는 PCIe 5.0 케이블 정격지원!\n가성비 좋은 골드 파워!CPU쿨러는 현존 공냉 끝판왕!",
    "parts_price": {
        "CPU": {
            "제품명": "AMD 라이젠7-5세대 7800X3D",
            "가격": "521,980원",
            "수량": "1"
        },
        "메인보드": {
            "제품명": "ASRock B650 PG Lightning 대원씨티에스",
            "가격": "138,060원",
            "수량": "1"
        },
        "메모리": {
            "제품명": "ESSENCORE KLEVV DDR5-5600 CL46  16GB",
            "가격": "84,860원",
            "수량": "2"
        },
        "그래픽카드": {
            "제품명": "이엠텍 지포스 RTX 4070 Ti BLACK STORM D6X 12GB",
            "가격": "1,229,220원",
            "수량": "1"
        },
        "SSD": {
            "제품명": "SK하이닉스 Gold P31 M2 NVMe 1TB",
            "가격": "138,000원",
            "수량": "1"
        },
        "케이스": {
            "제품명": "DARKFLASH DLX21 RGB MESH 강화유리 블랙",
            "가격": "93,640원",
            "수량": "1"
        },
        "파워서플라이": {
            "제품명": "마이크로닉스 Classic II 750W 80PLUS GOLD 230V EU 풀모듈러12VHPWR 케이블 제공",
            "가격": "129,408원",
            "수량": "1"
        },
        "CPU쿨러": {
            "제품명": "3RSYS Socoool RC1800 ARGB",
            "가격": "34,420원",
            "수량": "1"
        }
    },
    "total_price": "2454448원",
    "Performance": "고성능"
}