{
    "quote_number": "1214",
    "quote_title": "7800X3D + RTX 4090 조합 4K 게이밍",
    "date_create": "2024.1.3",
    "cpu_gpu_combinations": "라이젠7 7800X3D + RTX 4090 조합",
    "quotation_summary": " 7800X3D + RTX 4090 조합으로 가성비 좋게 4K를 정복하고 싶은 하이엔드 유저를 위한 견적입니다.4K에서 로스트아크, 배틀그라운드, 디아블로2, 레드 데드 리뎀션2, 호그와트, 사이버펑크 등 AAA급 게임까지 가능한 견적입니다.# 7800X3D + RTX 4090 조합으로 가성비 좋게 4K를 정복하고 싶은 하이엔드 유저를 위한 견적입니다.",
    "quote_person_introduction": "퀘이사존, 다나와, 쿨엔에서 활동 중인  잉여인간17호입니다.다양한 필테 경력과 컴덕질을 경험삼아 도움 드리고자 합니다.어떠한 스폰도 받지 않는 유저 입장에서 직접 사용해보고 테스트한 견적 위주로 견적드리겠습니다.",
    "quote_feedback": "7800X3D + RTX 4090 조합으로 가성비 좋게 4K를 정복하고 싶은 하이엔드 유저를 위한 견적입니다.",
    "computer_estimate_data": "[CPU]AMD 라이젠7-5세대 7800X3D (라파엘) (멀티팩(정품))상세보기[메인보드]ASUS PRIME X670-P-CSM 대원씨티에스상세보기[메모리]TeamGroup DDR5-5600 CL46 Elite 패키지 (32GB(16Gx2))상세보기[그래픽카드]이엠텍 지포스 RTX 4090 GAMEROCK OC D6X 24GB상세보기[SSD]마이크론 Crucial T500 M.2 NVMe 대원씨티에스 (2TB)상세보기[케이스]DARKFLASH DF2100 MESH RGB 강화유리 블랙 (미들타워)상세보기[파워서플라이]FSP HYDRO GT PRO 1000W 80PLUS Gold Modular ATX 3.0 (PCIE5)상세보기[CPU쿨러]Thermalright Peerless Assassin 120 SE 서린상세보기[소프트웨어]Microsoft Windows 11 Home (처음사용자용 한글)상세보기[조립PC관련][견적왕] 조립 서비스 + 1년 출장 A/S상세보기",
    "quote_description": "CPU는 라이젠 7000번대 3D 모델 주인공인 7800X3D입니다. 순정 상태에서 13900KS를 넘어서는 뛰어난 게임 성능과 뛰어난 전성비가 장점입니다.메모리는 팀그룹의 DDR5 5600 패키지입니다.그래픽카드는 라이저했을때 보석 에디션만큼 이쁜게 없죠 ^^CPU쿨러는 대장급 공랭 중 뛰어난 정숙성과 성능을 겸비한 쿨러입니다.소프트웨어는 인텔 12세대 이후로는 고성능 코어와 효율 코어로 나뉘면서 윈도우 11을 권장합니다.\n인텔의 경우 일부 게임에선 윈11이 성능이 더 잘나옵니다.",
    "parts_price": {
        "CPU": {
            "제품명": "AMD 라이젠7-5세대 7800X3D)",
            "가격": "521,980원",
            "수량": "1"
        },
        "메인보드": {
            "제품명": "ASUS PRIME X670-P-CSM 대원씨티에스",
            "가격": "426,780원",
            "수량": "1"
        },
        "메모리": {
            "제품명": "TeamGroup DDR5-5600 CL46 Elite 패키지) 32GB",
            "가격": "125,970원",
            "수량": "1"
        },
        "그래픽카드": {
            "제품명": "이엠텍 지포스 RTX 4090 GAMEROCK OC D6X 24GB",
            "가격": "3,505,500원",
            "수량": "1"
        },
        "SSD": {
            "제품명": "마이크론 Crucial T500 M.2 NVMe 대원씨티에스 2TB",
            "가격": "232,050원",
            "수량": "1"
        },
        "케이스": {
            "제품명": "DARKFLASH DF2100 MESH RGB 강화유리 블랙",
            "가격": "81,000원",
            "수량": "1"
        },
        "파워서플라이": {
            "제품명": "FSP HYDRO GT PRO 1000W 80PLUS Gold Modular ATX 3.0",
            "가격": "194,000원",
            "수량": "1"
        },
        "CPU쿨러": {
            "제품명": "Thermalright Peerless Assassin 120 SE 서린",
            "가격": "38,430원",
            "수량": "1"
        },
        "소프트웨어": {
            "제품명": "Microsoft Windows 11 Home",
            "가격": "170,100원",
            "수량": "1"
        }
    },
    "total_price": "5295810원",
    "Performance": "고성능"
}