{
    "quote_number": "1216",
    "quote_title": "7800X3D + RTX 4070 Ti Super QHD 게이밍",
    "date_create": "2024.1.28",
    "cpu_gpu_combinations": "라이젠7 7800X3D + RTX 4070 Ti SUPER 조합",
    "quotation_summary": " 7800X3D + RTX 4070 ti 조합으로 QHD 환경에서 가성비 좋게 게이밍 환경을 구성하고 싶으신 분들을 위한 견적입니다.QHD 해상도에서 호그와트, 사이버 펑크 등 AAA그 게임도 문제 없습니다.# 7800X3D + RTX 4070 Ti Super 조합으로 QHD 환경에서 원활하게 게이밍 환경을 구성하고 싶으신 분들을 위한 견적입니다.",
    "quote_person_introduction": "퀘이사존, 다나와, 쿨엔에서 활동 중인  잉여인간17호입니다.다양한 필테 경력과 컴덕질을 경험삼아 도움 드리고자 합니다.어떠한 스폰도 받지 않는 유저 입장에서 직접 사용해보고 테스트한 견적 위주로 견적드리겠습니다.",
    "quote_feedback": "7800X3D + RTX 4070 Ti Super 조합으로 QHD 환경에서 원활하게 게이밍 환경을 구성하고 싶으신 분들을 위한 견적입니다.QHD 해상도에서 호그와트, 사이버 펑크 등 AAA그 게임도 문제 없습니다.",
    "computer_estimate_data": "[CPU]AMD 라이젠7-5세대 7800X3D (라파엘) (멀티팩(정품))상세보기[메인보드]ASUS PRIME X670-P-CSM 대원씨티에스상세보기[메모리]TeamGroup DDR5-5600 CL46 Elite 패키지 (32GB(16Gx2))상세보기[그래픽카드]갤럭시 GALAX 지포스 RTX 4070 Ti SUPER EX GAMER BLACK OC D6X 16GB상세보기[SSD]Western Digital WD BLACK SN850X M.2 NVMe (1TB)상세보기[케이스]DARKFLASH DRX70 MESH RGB 강화유리 블랙 (미들타워)상세보기[파워서플라이]NEWZEN SKULL 850SM MODULAR ATX 3.0 80PLUS GOLD (PCIE5)상세보기[CPU쿨러]Thermalright Peerless Assassin 120 SE ARGB 서린상세보기[소프트웨어]Microsoft Windows 11 Home (처음사용자용 한글)상세보기[조립PC관련][견적왕] 조립 서비스 + 1년 출장 A/S상세보기",
    "quote_description": "CPU는 라이젠 7000번대 3D 모델 주인공인 7800X3D입니다. 순정 상태에서 13900KS를 넘어서는 뛰어난 게임 성능과 뛰어난 전성비가 장점입니다.메모리는 팀그룹의 DDR5 5600 패키지입니다.파워서플라이는 10년 보증에 ATX 3.0 규격 제품이면서 850W에 11만원대라 가성비는 더 뛰어나고 슈퍼플라워 유통사라 고주파 발생시 새제품 교환 정책도 동일하게 적용되어 가성비 좋게 구성하시기 좋습니다.소프트웨어는 인텔 12세대 이후로는 고성능 코어와 효율 코어로 나뉘면서 윈도우 11을 권장합니다.\n인텔의 경우 일부 게임에선 윈11이 성능이 더 잘나옵니다.",
    "parts_price": {
        "CPU": {
            "제품명": "AMD 라이젠7-5세대 7800X3D)",
            "가격": "521,980원",
            "수량": "1"
        },
        "메인보드": {
            "제품명": "ASUS PRIME X670-P-CSM 대원씨티에스",
            "가격": "426,780원",
            "수량": "1"
        },
        "메모리": {
            "제품명": "TeamGroup DDR5-5600 CL46 Elite 패키지) 32GB",
            "가격": "125,970원",
            "수량": "1"
        },
        "그래픽카드": {
            "제품명": "갤럭시 GALAX 지포스 RTX 4070 Ti SUPER EX GAMER BLACK OC D6X 16GB",
            "가격": "1,302,970원",
            "수량": "1"
        },
        "SSD": {
            "제품명": "Western Digital WD BLACK SN850X M.2 NVMe 1TB",
            "가격": "131,570원",
            "수량": "1"
        },
        "케이스": {
            "제품명": "DARKFLASH DRX70 MESH RGB 강화유리 블랙",
            "가격": "46,270원",
            "수량": "1"
        },
        "파워서플라이": {
            "제품명": "NEWZEN SKULL 850SM MODULAR ATX 3.0 80PLUS GOLD",
            "가격": "129,980원",
            "수량": "1"
        },
        "CPU쿨러": {
            "제품명": "Thermalright Peerless Assassin 120 SE ARGB 서린",
            "가격": "43,712원",
            "수량": "1"
        },
        "소프트웨어": {
            "제품명": "Microsoft Windows 11 Home",
            "가격": "170,100원",
            "수량": "1"
        }
    },
    "total_price": "2899332원",
    "Performance": "고성능"
}