{
    "quote_number": "1217",
    "quote_title": "초저가형 사무용, 한글, 워드 엑셀 파워포인트 등의 가벼운 사무용 PC, 거실컴, ott용, 인강용(4350G)",
    "date_create": "2023.10.25",
    "cpu_gpu_combinations": "라이젠5 PRO 4650G +  조합",
    "quotation_summary": " 1. pc를 자주 사용하지 않으시는 분2. 가벼운 문서작업이나 인터넷 강의 정도의 학생용3. ott용 거실 컴# 인터넷 강의# 웹서핑# 유튜브",
    "quote_person_introduction": "안녕하세요. 견적왕에서 견적맨으로 활동하고 있는 coke-bear 입니다.퀘이사존에서 주로 활동하며 그 외 커뮤니티에서도 간간히 활동하고 있습니다.하드웨어에 관심이 많아 제품을 직접 사용해보기도 하고 주변 지인들 PC 견적부터 조립도 해주다보니PC 구매를 어려워하거나 용도에 맞지 않게 구매하여 불필요한 지출을 하는 경우를 보게 되었습니다.그런 분들께 조금이라도 도움이 되고자 PC 구매자분들께 합리적인 구매를 할 수 있게 견적맨으로 활동하게 되었습니다.",
    "quote_feedback": "매우 가벼운 용도로 pc를 가끔 가볍게 사용하시는 분들을 위한 초저가형 pc 입니다.내장그래픽 cpu를 구성하여 그래픽카드 없이 사용이 가능하여 저렴한 가격대에 구성이 가능하며 인터넷 강의나 가벼운 문서작업, 유튜브나 ott 시청용에 예산이 매우 부족할시 구성할 수 있는 pc입니다.",
    "computer_estimate_data": "[CPU]AMD 라이젠5 PRO 르누아르 4650G (정품 멀티팩)(쿨러포함)상세보기[메인보드]ASUS PRIME A320M-K 대원CTS상세보기[메모리]마이크론 Crucial DDR4 8G PC4-25600 CL22 x 2 개상세보기[SSD]마이크론 Crucial P3 Plus 대원씨티에스 (500GB)상세보기[케이스]DAVEN 라피네 (미니타워)상세보기[파워서플라이]SF-500R12ST MEGA 80PLUS STANDARD 230V EU상세보기[조립PC관련][견적왕] 조립 서비스 + 1년 출장 A/S상세보기",
    "quote_description": "CPU는 라이젠의 내장그래픽 제품들이 경우 동일한 라인업의 인텔 제품에 비해 내장그래픽의 성능이 좋은 편입니다.\n간단한 사무용에 적합한 성능을 지녔으며 4K 영상 시청도 가능하여 업무 외적으로도 손색이 없는 제품입니다.메인보드는 a320 메인보드 중 가격대 저렴하면서 내장그래픽 사무용 저가 cpu 사용시 매칭하기 좋은 메인보드입니다.메모리는 삼성 3200 메모리와 동일한 성능에 라이프 워런티를 가지고 있어 1년 보증의 삼성 메모리 대비 무한대의 기간동안 보증받을 수 있고 가격 또한 소폭 저렴합니다.SSD는 마이크론의 저가형 ssd로 사무용이나 거실컴의 용도로 적합한 ssd 입니다.케이스는 저가 사무용 케이스로 가격대가 저렴하고 저사양의 pc 구성에 적합한 케이스입니다.파워서플라이는 국내 파워 회사 통틀어 AS 정책이 가장 좋은 슈퍼플라워의 제품입니다. 국내 유일무이하게 고주파까지도 새제품 교환해주는 파격적인 정책을 가지고 있어 제품을 신뢰할 수 있습니다.",
    "parts_price": {
        "CPU": {
            "제품명": "AMD 라이젠5 PRO 르누아르 4650G",
            "가격": "106,244원",
            "수량": "1"
        },
        "메인보드": {
            "제품명": "ASUS PRIME A320M-K 대원CTS",
            "가격": "69,000원",
            "수량": "1"
        },
        "메모리": {
            "제품명": "마이크론 Crucial DDR4 8G PC4-25600 CL22",
            "가격": "21,480원",
            "수량": "2"
        },
        "SSD": {
            "제품명": "마이크론 Crucial P3 Plus 대원씨티에스 500GB",
            "가격": "59,870원",
            "수량": "1"
        },
        "케이스": {
            "제품명": "DAVEN 라피네",
            "가격": "14,910원",
            "수량": "1"
        },
        "파워서플라이": {
            "제품명": "SF-500R12ST MEGA 80PLUS STANDARD 230V EU",
            "가격": "46,971원",
            "수량": "1"
        }
    },
    "total_price": "339955원",
    "Performance": "저성능"
}