{
    "quote_number": "1219",
    "quote_title": "110만원대 FHD 해상도 게이밍 PC(5600, RX6700 XT)",
    "date_create": "2023.10.10",
    "cpu_gpu_combinations": "라이젠5 5600 + RX 6700 XT 조합",
    "quotation_summary": " 1. FSR을 지원하는 게임을 주로 하시는 분2. FHD 해상도에서 풀옵션을 원하시는 분3. QHD 해상도에서 3060 TI로 구동 가능한 게임을 하시는 분# 호그와트# 스팀# 배그# 롤# 로스트아크",
    "quote_person_introduction": "안녕하세요. 견적왕에서 견적맨으로 활동하고 있는 coke-bear 입니다.퀘이사존에서 주로 활동하며 그 외 커뮤니티에서도 간간히 활동하고 있습니다.하드웨어에 관심이 많아 제품을 직접 사용해보기도 하고 주변 지인들 PC 견적부터 조립도 해주다보니PC 구매를 어려워하거나 용도에 맞지 않게 구매하여 불필요한 지출을 하는 경우를 보게 되었습니다.그런 분들께 조금이라도 도움이 되고자 PC 구매자분들께 합리적인 구매를 할 수 있게 견적맨으로 활동하게 되었습니다.",
    "quote_feedback": "3060 TI 보다 상위 성능에 가격대는 3060 TI 보다 저렴한 6700 XT로 구성한 FHD 해상도 게이밍 PC 견적입니다.게임에 따라서는 QHD 해상도에서도 사용이 가능한 성능으로 QHD 입문 용으로도 사용 가능합니다.FSR이 지원되는 게임에서 특히 효과적인 프레임을 보여주고 있어 FSR 지원 게임을 주로 하시는 분들에게는 저렴하면서도 성능은 엔비디아보다 더 끌어낼 수 있어 추천드립니다.",
    "computer_estimate_data": "[CPU]AMD 라이젠5-4세대 5600 (버미어) (멀티팩(정품))상세보기[메인보드]ASUS PRIME B550M-A 대원CTS상세보기[메모리]마이크론 Crucial DDR4 8G PC4-25600 CL22 x 2 개상세보기[그래픽카드]PowerColor 라데온 RX 6700 XT Fighter D6 12GB상세보기[SSD]SK하이닉스 Gold P31 M2 NVMe (1TB)상세보기[케이스]DARKFLASH DK200 RGB 강화유리 블랙 (미들타워)상세보기[파워서플라이]쿨러마스터 MWE 700 BRONZE V2 230V상세보기[CPU쿨러]DARKFLASH Ellsworth S21 ARGB (블랙)상세보기[조립PC관련][견적왕] 조립 서비스 + 1년 출장 A/S상세보기",
    "quote_description": "CPU는 12400F 와 비교되는 제품군으로 12400F 대비 구성 가격대가 10만원 가량 저렴하고 저렴하게 구성 가능한 6코어 제품입니다.메인보드는 am4 소켓을 지원하는 b550 칩셋 중 5600x나 5700x를 사용하기에 준수한 성능을 가진 메인보드 입니다.메모리는 삼성 3200 메모리와 동일한 성능에 라이프 워런티를 가지고 있어 1년 보증의 삼성 메모리 대비 무한대의 기간동안 보증받을 수 있고 가격 또한 소폭 저렴합니다.그래픽카드는 6700 XT 중 가장 저렴한 가격대의 파워컬러 제품입니다.SSD는 PCIE3.0 SSD 제품 중 가장 인기있고 성능과 안정성이 검증된 P31 제품입니다.케이스는 3만원대 가격에 준수한 강판두께와 호환성을 가지고 있으며 전면 메쉬형태의 제품으로 내부 발열 해소에도 준수한 제품입니다.파워서플라이는 700W 브론즈 등급 제품 중 가격대가 저렴하면서 AS 정책 또한 준수한 쿨러마스터의 제품입니다.CPU쿨러는 다크플래쉬의 s21 쿨러입니다.\n기본 무뽑방지가 적용되어 있고 더 높은 가격대의 팔라딘이나 rc400 이랑 쿨링 성능이 동일하고 소음 부분에서는 더 정숙하여 가성비가 좋습니다.",
    "parts_price": {
        "CPU": {
            "제품명": "AMD 라이젠5-4세대 5600)",
            "가격": "143,650원",
            "수량": "1"
        },
        "메인보드": {
            "제품명": "ASUS PRIME B550M-A 대원CTS",
            "가격": "121,950원",
            "수량": "1"
        },
        "메모리": {
            "제품명": "마이크론 Crucial DDR4 8G PC4-25600 CL22",
            "가격": "21,480원",
            "수량": "2"
        },
        "그래픽카드": {
            "제품명": "PowerColor 라데온 RX 6700 XT Fighter D6 12GB",
            "가격": "402,400원",
            "수량": "1"
        },
        "SSD": {
            "제품명": "SK하이닉스 Gold P31 M2 NVMe 1TB",
            "가격": "138,000원",
            "수량": "1"
        },
        "케이스": {
            "제품명": "DARKFLASH DK200 RGB 강화유리 블랙",
            "가격": "36,420원",
            "수량": "1"
        },
        "파워서플라이": {
            "제품명": "쿨러마스터 MWE 700 BRONZE V2 230V",
            "가격": "70,970원",
            "수량": "1"
        },
        "CPU쿨러": {
            "제품명": "DARKFLASH Ellsworth S21 ARGB",
            "가격": "27,380원",
            "수량": "1"
        }
    },
    "total_price": "983730원",
    "Performance": "저성능"
}