{
    "quote_number": "1220",
    "quote_title": "[화이트 감성] 최상급 올라운더 PC [4K 게임, 원컴방송, 하드한 작업, 딥러닝] (7950X 3D, RTX 4090)",
    "date_create": "2024.1.3",
    "cpu_gpu_combinations": "라이젠9 7950X3D + RTX 4090 조합",
    "quotation_summary": " 1. 4K 게이밍 환경을 고려하는 분2. 하드한 작업을 하시는 분3. 공랭 쿨러를 선호하시는 분4. 최고의 PC를 가지고 싶으신 분5. 화이트 감성을 원하시는 분# 4K# 호그와트# 스팀# AAA 게임# 엘든링# 패키지 게임# 온라인 게임# 로스트아크# 배그# 호르자 호라이즌# 최신 게임",
    "quote_person_introduction": "안녕하세요. 견적왕에서 견적맨으로 활동하고 있는 coke-bear 입니다.퀘이사존에서 주로 활동하며 그 외 커뮤니티에서도 간간히 활동하고 있습니다.하드웨어에 관심이 많아 제품을 직접 사용해보기도 하고 주변 지인들 PC 견적부터 조립도 해주다보니PC 구매를 어려워하거나 용도에 맞지 않게 구매하여 불필요한 지출을 하는 경우를 보게 되었습니다.그런 분들께 조금이라도 도움이 되고자 PC 구매자분들께 합리적인 구매를 할 수 있게 견적맨으로 활동하게 되었습니다.",
    "quote_feedback": "게임과 작업을 병행하거나 다중 플랫폼에서 게임 방송을 원하는 경우, 혹은 하드한 랜더링 작업을 주로 사용하는데 수냉쿨러가 부담스럽다면 7950X 3D 만큼 잘 맞는 제품이 없습니다.인텔의 경우 13600K만 가도 하드한 작업용으로 쓴다면 수냉쿨러가 강제되는 데 반해 7950X 3D의 경우 작업 성능은 성능대로 나오고 게임 성능은 게임 성능대로 나오면서도 발열은 적어서 트윈타워형 상급 공랭쿨러 정도로 충분합니다.최근 상위 쿨링 성능을 가진 공랭쿨러들이 6만원대이고 최상위 수냉쿨러 가격대가 20만원대인 점을 고려하면 매우 저렴한 쿨러로 이런 성능을 낼 수 있는 거 자체로 엄청난 기술의 발전으로 생각됩니다.더불어 라이젠 7000번대 전 라인업이 AVX 512 명령어를 지원하여 해당 명령어를 지원하는 작업 툴이나 딥러닝의 경우 AVX 512 명령어를 활성화하여 강화 학습으로 딥러닝의 작업 효율을 극대화할 수 있습니다.",
    "computer_estimate_data": "[CPU]AMD 라이젠9-5세대 7950X3D (라파엘) (정품)상세보기[메인보드]ASUS ROG STRIX B650-A GAMING WIFI STCOM상세보기[메모리]OLOy DDR5-6000 CL32 BLADE RGB MIRROR 패키지 (32GB(16Gx2))하이닉스 A다이 언락 제품!상세보기[그래픽카드]이엠텍 지포스 RTX 4090 GAMEROCK D6X 24GB상세보기[SSD]Western Digital WD BLACK SN850X M.2 NVMe (1TB)상세보기[데스크탑 HDD]Toshiba 4TB N300 HDWQ140 (SATA3/7200/128M)상세보기[케이스]DARKFLASH DLX4000 MESH 강화유리 화이트 (미들타워)상세보기[파워서플라이]SuperFlower SF-1000F14PE LEADEX VI PRO PLATINUM WHITE (PCIE 5)12VHPWR 케이블 제공상세보기[CPU쿨러]Thermalright Peerless Assassin 120 White 서린상세보기[조립PC관련][견적왕] 조립 서비스 + 1년 출장 A/S상세보기",
    "quote_description": "CPU는 라이젠의 올라운더 CPU 입니다. 작업 성능 최상, 게임 성능 최상, 모든 면에서 최상을 가지고 있으며 AVX 512 명령어를 지원하는 제품으로 딥러닝 계열에서 강화학습도 가능합니다. 다중 코어를 활용해 원컴 방송이나 하드한 렌더링 작업에서도 발군의 성능을 가지고 있으면서도 발열은 낮아서 공랭쿨러로 가능하다는 장점이 있습니다.메인보드는 B650 칩셋 중 찐 화이트 색상의 방열판을 가진 ROG STRIX B650-A WIFI 제품입니다. 전원부 성능은 7950X 3D를 쓰기엔 이미 초월한 성능이며 화이트 감성의 구성에도 적합합니다.메모리는 고수율 메모리의 OEM 을 맡고있던 OLOY의 6000 클럭 하이닉스 A다이 언락 제품입니다. EXPO를 지원하여 AMD 시스템에서도 간편하게 적용이 가능하며 A다이 언락 제품으로 수동 오버클럭 마진 또한 좋습니다.그래픽카드는 AS 3대장인 이엠텍의 4090 제품입니다.SSD는 PCIE4.0 SSD 말미에 나온 제품군 중 가장 성능이 뛰어난 SN850X 제품입니다. 고성능의 PCIE4.0 SSD 들이 발열로 인해 제 성능이 나오지 않는 제품군이 있지만 SN850X 의 경우 보드의 기본 방열판으로도 제 성능을 보여주는 제품입니다.데스크탑 HDD는 HDD의 구성시 유저가 알아야 할 것은 안정적인 구동 방식입니다. CMR 방식이나 PMR 방식의 HDD로 구성하셔야 안정성이 좋아 내부 자료를 오래도록 유지하는데 유리합니다. 4TB 제품군 중 PMR 방식의 안정성이 높은 도시바 N300 제품입니다.케이스는 다크 플래쉬의 깔끔한 화이트 색상의 빅타워 케이스 입니다. 모든 면에서 호환성이 매우 좋은 편이라 어떤 부품 구성에서도 문제가 없으며 측면 라디에이터와 상단 라디에이터를 동시에 사용 가능하다는 장점이 있는 빅타워 케이스 입니다.파워서플라이는 국내 파워 회사 중 유일하게 고주파 발생까지도 무제한 새제품 교환 정책을 가진 슈퍼플라워의 1000w 플래티넘 제품입니다.\n타사의 경우 atx 3.0 케이블 제품으로 추가 금액을 받는 것과는 달리 atx 3.0 케이블을 무상증정하고 있어 추천드립니다.CPU쿨러는 트윈타워형 공랭쿨러 중 상위권의 쿨링 성능을 가지고 있고 led 없는 깔끔한 화이트 색상의 최상위 쿨링 성능의 화이트 공랭쿨러입니다.",
    "parts_price": {
        "CPU": {
            "제품명": "AMD 라이젠9-5세대 7950X3D",
            "가격": "857,020원",
            "수량": "1"
        },
        "메인보드": {
            "제품명": "ASUS ROG STRIX B650-A GAMING WIFI STCOM",
            "가격": "443,220원",
            "수량": "1"
        },
        "메모리": {
            "제품명": "OLOy DDR5-6000 CL32 BLADE RGB MIRROR 패키지)하이닉스 A다이 언락 제품! 32GB",
            "가격": "192,830원",
            "수량": "1"
        },
        "그래픽카드": {
            "제품명": "이엠텍 지포스 RTX 4090 GAMEROCK D6X 24GB",
            "가격": "2,875,000원",
            "수량": "1"
        },
        "SSD": {
            "제품명": "Western Digital WD BLACK SN850X M.2 NVMe 1TB",
            "가격": "131,570원",
            "수량": "1"
        },
        "데스크탑 HDD": {
            "제품명": "Toshiba 4TB N300 HDWQ140",
            "가격": "179,000원",
            "수량": "1"
        },
        "케이스": {
            "제품명": "DARKFLASH DLX4000 MESH 강화유리 화이트",
            "가격": "115,000원",
            "수량": "1"
        },
        "파워서플라이": {
            "제품명": "SuperFlower SF-1000F14PE LEADEX VI PRO PLATINUM WHITE12VHPWR 케이블 제공",
            "가격": "215,405원",
            "수량": "1"
        },
        "CPU쿨러": {
            "제품명": "Thermalright Peerless Assassin 120 White 서린",
            "가격": "43,712원",
            "수량": "1"
        }
    },
    "total_price": "5052757원",
    "Performance": "고성능"
}