{
    "quote_number": "1221",
    "quote_title": "디아블로4 가성비 게이밍!",
    "date_create": "2024.3.8",
    "cpu_gpu_combinations": "코어i5-12400F + GTX 1660 SUPER 조합",
    "quotation_summary": " 1. 디아블로 4를 가성비로 돌리고 싶다!2. FHD 해상도만 사용한다!# 디아블로4# FHD 가성비 게이밍# GTX 1660 SUPER",
    "quote_person_introduction": "안녕하세요! 견적왕 견적맨 총괄 매니저 로비오트입니다!퀘이사존 유저랭킹 1등을 계속해서 유지하고 있고견적게시판에서만 주로 활동하는 유저로그 누구보다 제품의 장단점, 성능적인 파악을 정확하게 하고 있습니다.물건을 판매하려는 견적이 아닌 실질적인 소비자 기준으로 구성을 하고 있으며기본적으로 A/S가 좋지 않은 곳은 걸러서 구성하고 있습니다.또한 블랙컨슈머로 인한 A/S이슈는 고려하지도듣지도 보지도 않고 있으니 이런 부분도 걸러 듣고 견적을 작성하고 있습니다!",
    "quote_feedback": "1.https://quasarzone.com/bbs/qc_bench/views/84352디아블로 4 CPU 기준으로5600x < 12400F 입니다.물론 가격은 5600x보다는 더 비싼 부분이지만그걸 커버하고도 남는 성능차이입니다!2.https://quasarzone.com/bbs/qc_bench/views/84353#p4풀옵션 기준에서는 GTX 1660 SUPER가 힘을 못쓰는 부분입니다!하지만 옵션타협을 해주시면 60hz 방어도 가능하면서 활용이 가능 하빈다!",
    "computer_estimate_data": "[CPU]인텔 코어i5-12세대 12400F (엘더레이크) (정품)상세보기[메인보드]MSI PRO B760M-A DDR4 II상세보기[메모리]마이크론 Crucial DDR4 8G PC4-25600 CL22 x 2 개상세보기[그래픽카드]ARKTEK 지포스 GTX 1660 SUPER D6 6GB상세보기[SSD]SK하이닉스 GOLD P31 M2 NVMe (500GB)상세보기[케이스]마이크로닉스 GL1-MORTAR (미들타워)상세보기[파워서플라이]SF-500R12ST MEGA 80PLUS STANDARD 230V EU상세보기[CPU쿨러]PCCOOLER PALADIN EX400 (BLACK)상세보기[조립PC관련][견적왕] 조립 서비스 + 1년 출장 A/S상세보기",
    "quote_description": "CPU는 디아4에서는 5600x 보다 12400F\n13400F는 가성비가 없지~메인보드는 가성비 좋은 DDR4 메인보드!\n전원부 구성도 가성비 중 최강!메모리는 라이프 워런티 지원!\n수율 좋은 DDR4 메모리!그래픽카드는 가성비 좋은 GTX 1660 SUPER!\nSTOCM 유통으로 AS 퀄리티 무난~SSD는 이천 특산물! SK 하이닉스!\nPCIe 3.0의 끝판왕!케이스는 3만원대에서 볼 수 있는 유일한 갓성비 케이스!\n베스트샐러 M60의 동생 제품!파워서플라이는 GTX 1660 SUPER 라면충분한 용량의 500w!\n무한 고주파 교체 AS의 슈퍼플라워!CPU쿨러는 팔라딘 400의 가성비 제품!\n소음 억제력 , 발열 제어능력 준수!",
    "parts_price": {
        "CPU": {
            "제품명": "인텔 코어i5-12세대 12400F",
            "가격": "166,720원",
            "수량": "1"
        },
        "메인보드": {
            "제품명": "MSI PRO B760M-A DDR4 II",
            "가격": "175,740원",
            "수량": "1"
        },
        "메모리": {
            "제품명": "마이크론 Crucial DDR4 8G PC4-25600 CL22",
            "가격": "21,480원",
            "수량": "2"
        },
        "그래픽카드": {
            "제품명": "ARKTEK 지포스 GTX 1660 SUPER D6 6GB",
            "가격": "251,070원",
            "수량": "1"
        },
        "SSD": {
            "제품명": "SK하이닉스 GOLD P31 M2 NVMe 500GB",
            "가격": "79,000원",
            "수량": "1"
        },
        "케이스": {
            "제품명": "마이크로닉스 GL1-MORTAR",
            "가격": "32,088원",
            "수량": "1"
        },
        "파워서플라이": {
            "제품명": "SF-500R12ST MEGA 80PLUS STANDARD 230V EU",
            "가격": "46,971원",
            "수량": "1"
        },
        "CPU쿨러": {
            "제품명": "PCCOOLER PALADIN EX400",
            "가격": "22,900원",
            "수량": "1"
        }
    },
    "total_price": "817449원",
    "Performance": "저성능"
}