{
    "quote_number": "1222",
    "quote_title": "디아블로4 FHD / QHD 게이밍!",
    "date_create": "2024.3.31",
    "cpu_gpu_combinations": "라이젠5 7600 + RTX 3060 Ti 조합",
    "quotation_summary": " 차후 추가# 디아블로4# 디아블로 FHD 풀옵션# 디아블로 QHD 풀옵션",
    "quote_person_introduction": "안녕하세요! 견적왕 견적맨 총괄 매니저 로비오트입니다!퀘이사존 유저랭킹 1등을 계속해서 유지하고 있고견적게시판에서만 주로 활동하는 유저로그 누구보다 제품의 장단점, 성능적인 파악을 정확하게 하고 있습니다.물건을 판매하려는 견적이 아닌 실질적인 소비자 기준으로 구성을 하고 있으며기본적으로 A/S가 좋지 않은 곳은 걸러서 구성하고 있습니다.또한 블랙컨슈머로 인한 A/S이슈는 고려하지도듣지도 보지도 않고 있으니 이런 부분도 걸러 듣고 견적을 작성하고 있습니다!",
    "quote_feedback": "차후 추가",
    "computer_estimate_data": "[CPU]AMD 라이젠5-5세대 7600 (라파엘) (멀티팩(정품))상세보기[메인보드]ASRock B650M PG Lightning 에즈윈상세보기[메모리]ESSENCORE KLEVV DDR5-5600 CL46 (16GB) x 2 개상세보기[그래픽카드]AFOX 지포스 RTX 3060 Ti D6 8GB 대원씨티에스상세보기[SSD]SK하이닉스 GOLD P31 M2 NVMe (500GB)상세보기[케이스]마이크로닉스 GL1-MORTAR (미들타워)상세보기[파워서플라이]FSP HYPER K PRO 700W 80PLUS Standard 230V EU상세보기[CPU쿨러]잘만 CNPS9X PERFORMA RGB (SILVER)상세보기[조립PC관련][견적왕] 조립 서비스 + 1년 출장 A/S상세보기",
    "quote_description": "CPU는 새로나온 가성비 CPU!\n동급 인텔대비 월등한 게이밍 성능!메인보드는 6페이즈 Dr.mos 300A 전원부!\n7800x3d까지 넉넉하게 커버!메모리는 하이닉스 A다이 메모리\n인식률 호환성 안정성 굳!그래픽카드는 대원유통! AS 확실!\n가성비 좋은 3060 Ti!SSD는 이천 특산물! SK 하이닉스!\nPCIe 3.0의 끝판왕!케이스는 3만원대에서 볼 수 있는 유일한 갓성비 케이스!\n베스트샐러 M60의 동생 제품!파워서플라이는 FSP 가성비의 새로운 모델!\n안정성 좋고 팬소음 적고!CPU쿨러는 가성비 좋고 성능 좋고!\n3만원 미만에서의 갓성비 모델!",
    "parts_price": {
        "CPU": {
            "제품명": "AMD 라이젠5-5세대 7600)",
            "가격": "234,340원",
            "수량": "1"
        },
        "메인보드": {
            "제품명": "ASRock B650M PG Lightning 에즈윈",
            "가격": "157,180원",
            "수량": "1"
        },
        "메모리": {
            "제품명": "ESSENCORE KLEVV DDR5-5600 CL46  16GB",
            "가격": "84,860원",
            "수량": "2"
        },
        "그래픽카드": {
            "제품명": "AFOX 지포스 RTX 3060 Ti D6 8GB 대원씨티에스",
            "가격": "468,200원",
            "수량": "1"
        },
        "SSD": {
            "제품명": "SK하이닉스 GOLD P31 M2 NVMe 500GB",
            "가격": "79,000원",
            "수량": "1"
        },
        "케이스": {
            "제품명": "마이크로닉스 GL1-MORTAR",
            "가격": "32,088원",
            "수량": "1"
        },
        "파워서플라이": {
            "제품명": "FSP HYPER K PRO 700W 80PLUS Standard 230V EU",
            "가격": "84,000원",
            "수량": "1"
        },
        "CPU쿨러": {
            "제품명": "잘만 CNPS9X PERFORMA RGB",
            "가격": "33,750원",
            "수량": "1"
        }
    },
    "total_price": "1258278원",
    "Performance": "저성능"
}