{
    "quote_number": "1229",
    "quote_title": "110만원대 FHD 게이밍 PC (5600X+4060Ti)",
    "date_create": "2024.1.9",
    "cpu_gpu_combinations": "라이젠5 5600X + RTX 4060 Ti 조합",
    "quotation_summary": " 라이젠 5600X / RTX 4060Ti / RAM 16GB / SSD 500GB# 주로 FHD 게이밍을 즐기는 유저# 극강의 가성비 게이밍 PC를 맞추려는 분",
    "quote_person_introduction": "안녕하세요. 로카프입니다.우리 주변에는 아직 컴퓨터 견적구성을 어떻게 할 지 몰라 고민에 빠지는 분들이 많이 계십니다.성능은 괜찮을까? 고장은 나지 않을까? 가격은 괜찮은건가? 이런 고민들을 한 번쯤은 해보셨을 겁니다.용도에 알맞는 성능과 합리적인 가격, 최우선으로 안정성과 신뢰도 높은 부품들로 구성된 견적을 추천해드리겠습니다.컴퓨터를 처음 알아보시는 분들의 입장에서 생각하고 견적을 구성해드리는 견적맨이 되겠습니다.",
    "quotations_quotations_description": "[CPU]AMD 라이젠5-4세대 버미어 5600X (정품 멀티팩)(쿨러포함)상세보기[메인보드]ASUS PRIME B550M-A 대원CTS상세보기[메모리]마이크론 Crucial DDR4 8G PC4-25600 CL22 x 2 개상세보기[그래픽카드]갤럭시 GALAX 지포스 RTX 4060 Ti OC D6 8GB상세보기[SSD]마이크론 Crucial P5 Plus M.2 NVMe 대원CTS (500GB)상세보기[케이스]DARKFLASH DK200 RGB 강화유리 블랙 (미들타워)상세보기[파워서플라이]SuperFlower SF-600R12ST MEGA 80PLUS STANDARD 230V EU상세보기[CPU쿨러]PCCOOLER PALADIN 400상세보기[쿨러.튜닝.조명.액세서리]케이엘시스템 KLcom M.2 2280 방열판 (BLACK)상세보기[조립PC관련][견적왕] 조립 서비스 + 1년 출장 A/S상세보기CPU는 출시 때부터 현재까지 갓성비를 보여주는 5600X입니다. 게이밍 성능이 탁월하면서 발열이 크지 않아 쿨링부담 역시 적으므로 전체적인 PC가격을 절감할 수 있습니다.메인보드는 B550 보드 중에서 가격적으로 큰 부담이 없으며, 5600X를 충분히 뒷받침해줄 수 있는 전원부 구성을 가진 메인보드입니다. 또한, B550 칩셋이므로 PCIe 4.0을 지원하고 있습니다.메모리는 삼성전자 제품보다 소폭 저렴하면서 성능은 동일하고 라이프 워런티 A/S 정책으로 사후서비스면에서 메리트가 있는 제품입니다.그래픽카드는 이엠텍/조텍과 더불어 A/S면에서 높은 점수를 받고 있는 갤럭시사의 4060Ti 입니다. PCIe 4.0 x8 인터페이스이기때문에 3.0 인터페이스 메인보드에 구성 시 성능저하가 발생합니다. 따라서 4.0 인터페이스를 지원하는 메인보드와 구성하시는 걸 권장합니다.SSD는 PCIe 4.0을 지원하기때문에 3.0규격 SSD에 비해 월등히 좋은 성능을 보여줌과 동시에 가성비도 좋은 제품입니다.케이스는 기본팬 6개 제공으로 좋은 쿨링성능을 제공하고 있는 케이스 가운데 가성비가 좋은 darkFlash DK200 제품입니다.파워서플라이는 슈퍼플라워사의 무상보증기간 5년 600W 스탠다드 파워입니다. 구입 후 3개월 이내 제품 불량시 새제품 교체 가능하며, 6개월 이내 불량 시 왕복 택배비를 지원합니다. 1년 이내 불량 발생 시 빠른 교체가 필요한 경우 고객센터 문의를 통해 선출교 요청도 가능하겠습니다.CPU쿨러는 2~3만원대 쿨러 중 가성비가 뛰어난 제품으로, AM4소켓 CPU 구성시 발생할 수 있는 무뽑기 파손증상 방지키트가 구성품에 포함되어 있습니다.",
    "quote_feedback": "5600X와 4060Ti가 조합되어 극강의 가성비를 자랑하는 게이밍 PC 구성입니다.구성부품들이 모두 품질, 가성비, AS 측면에서 좋은 평가를 받고있는 제품들이기에 오랫동안 사용가능한 PC가 되겠습니다."
}