{
    "quote_number": "1233",
    "quote_title": "7800X3D + RTX 4070 Ti QHD 게이밍",
    "date_create": "2024.1.28",
    "cpu_gpu_combinations": "라이젠7 7800X3D + RTX 4070 Ti 조합",
    "quotation_summary": " 7800X3D + RTX 4070 Ti를 조합하여 QHD 환경에서도 최적의 게임환경을 구성하고 싶으신 분들을 위한 견적입니다.# 7800X3D + RTX 4070 Ti를 조합하여 QHD 환경에서도 최적의 게임환경을 구성하고 싶으신 분들을 위한 견적입니다.",
    "quote_person_introduction": "퀘이사존, 다나와, 쿨엔에서 활동 중인  잉여인간17호입니다.다양한 필테 경력과 컴덕질을 경험삼아 도움 드리고자 합니다.어떠한 스폰도 받지 않는 유저 입장에서 직접 사용해보고 테스트한 견적 위주로 견적드리겠습니다.",
    "quotations_quotations_description": "[CPU]AMD 라이젠7-5세대 7800X3D (라파엘) (정품)상세보기[메인보드]GIGABYTE B650M AORUS ELITE 피씨디렉트상세보기[메모리]TeamGroup DDR5-5600 CL46 Elite 패키지 (32GB(16Gx2))상세보기[그래픽카드]ZOTAC GAMING 지포스 RTX 4070 Ti Trinity OC D6X 12GB상세보기[SSD]Western Digital WD BLACK SN850X M.2 NVMe (1TB)상세보기[케이스]DAVEN APEX Black (미들타워)상세보기[파워서플라이]NEWZEN SKULL 850SM MODULAR ATX 3.0 80PLUS GOLD (PCIE5)상세보기[CPU쿨러]Thermalright Peerless Assassin 120 SE ARGB 서린상세보기[소프트웨어]Microsoft Windows 11 Home (처음사용자용 한글)상세보기[조립PC관련][견적왕] 조립 서비스 + 1년 출장 A/S상세보기CPU는 7000번대 3D 제품으로 7950X3D와 달리 별도의 설정없이도 뛰어난 게임 성능을 자랑합니다.  \n전성비는 물론 온도도 뛰어나 공랭으로 가성비 좋게 게이밍 환경 구성이 가능합니다.메모리는 팀그룹의 DDR5 5600 패키지입니다.그래픽카드는 AS 3대장! 믿고 쓰는 조텍입니다.케이스는 그래픽카드 호환성 350mm로 준수한 호환성과 쿨링성능을 자랑하는 케이스입니다.파워서플라이는 10년 보증에 ATX 3.0 규격 제품이면서 850W에 11만원대라 가성비는 더 뛰어나고 슈퍼플라워 유통사라 고주파 발생시 새제품 교환 정책도 동일하게 적용되어 가성비 좋게 구성하시기 좋습니다.소프트웨어는 인텔 12세대 이후로는 고성능 코어와 효율 코어로 나뉘면서 윈도우 11을 권장합니다.\n인텔의 경우 일부 게임에선 윈11이 성능이 더 잘나옵니다.",
    "quote_feedback": "7800X3D + RTX 4070 Ti를 조합하여 QHD 환경에서도 최적의 게임환경을 구성하고 싶으신 분들을 위한 견적입니다."
}