{
    "quote_number": "1272",
    "quote_title": "100만원 초반 라이젠 5600 + RTX 3070 스팀게임 가성비 게이밍 컴퓨터 견적",
    "date_create": "2024.3.9",
    "cpu_gpu_combinations": "라이젠5 5600 + RTX 3070 조합",
    "quotation_summary": " 라이젠 5600 / RTX 3070 / RAM 16GB / SSD 1TB# 100만원 초반 가격대 컴퓨터로 FHD 게이밍을 즐기려하시는 분# 가성비 게이밍 컴퓨터 견적을 찾으시는 분",
    "quote_person_introduction": "안녕하세요. 로카프입니다.우리 주변에는 아직 컴퓨터 견적구성을 어떻게 할 지 몰라 고민에 빠지는 분들이 많이 계십니다.성능은 괜찮을까? 고장은 나지 않을까? 가격은 괜찮은건가? 이런 고민들을 한 번쯤은 해보셨을 겁니다.용도에 알맞는 성능과 합리적인 가격, 최우선으로 안정성과 신뢰도 높은 부품들로 구성된 견적을 추천해드리겠습니다.컴퓨터를 처음 알아보시는 분들의 입장에서 생각하고 견적을 구성해드리는 견적맨이 되겠습니다.",
    "quotations_quotations_description": "[CPU]AMD 라이젠5-4세대 5600 (버미어) (멀티팩(정품))상세보기[메인보드]MSI A520M-A PRO상세보기[메모리]마이크론 Crucial DDR4 8G PC4-25600 CL22 x 2 개상세보기[그래픽카드]액슬 지포스 RTX 3070 D6 8GB White 에즈윈상세보기[SSD]삼성전자 970 EVO Plus M.2 2280 (1TB)상세보기[케이스]DAVEN D4 MESH BLACK (미들타워)상세보기[파워서플라이]쿨러마스터 G800 GOLD상세보기[CPU쿨러]PCCOOLER PALADIN 400상세보기[조립PC관련][견적왕] 조립 서비스 + 1년 출장 A/S상세보기CPU는 6코어 12쓰레드 구조로 A520 메인보드와 싱글타워공랭쿨러 구성만으로도 쾌적하게 작동합니다. 또한 출시때부터 초가성비 견적을 구성할 때 많이 추천되고 있는 라이젠 5600입니다.메인보드는 A520칩셋 제품으로 모니터 출력포트로 HDMI와 DVI-D포트가 있는 A520M-A PRO 제품입니다. HDMI포트로 최대 4K 60Hz 출력이 가능하며 EZ디버그 LED 기능을 통해 문제 발생 시 대략적인 하드웨어적 원인 파악이 가능합니다.메모리는 삼성전자 제품보다 소폭 저렴하면서 성능은 동일하고 라이프 워런티 A/S 정책으로 사후서비스면에서 메리트가 있는 제품입니다.그래픽카드는 3060Ti보다 한 차원 높은 성능을 자랑하며 FHD 게이밍에서 막강한 성능을 자랑하는 3070입니다.SSD는 PCIe 3.0 규격 제품 가운데 전통의 강자인 삼성 970 EVO Plus입니다. 해당 규격 제품 가운데 탑급의 성능을 발휘하며 안정성과 신뢰성이 매우 높은 제품입니다.케이스는 전면팬 3개와 후면팬 1개가 제공되며 기본팬 LED ON/OFF 기능이 제공되는 D4 MESH BLACK입니다. LED ON/OFF 기능이 있어 사용자의 취향에 맞춰 설정할 수 있는 장점이 있으며 CPU쿨러와 그래픽카드 호환성도 좋습니다.파워서플라이는 800W 골드등급의 제품으로 시스템에 안정적으로 전원 공급가능한 용량이며, 쿨러마스터 제품 역시 A/S 정책이 좋습니다.CPU쿨러는 2~3만원대 쿨러 중 가성비가 뛰어난 제품으로, AM4소켓 CPU 구성시 발생할 수 있는 무뽑기 파손증상 방지키트가 구성품에 포함되어 있습니다.",
    "quote_feedback": "의뢰자님께서 말씀해주신 130만원 예산 범위 내에서 그래픽카드에 비중을 둔 견적을 구성해봤습니다.의뢰자님께서 문의 주신 모니터로 사용하시는 데 지장없으시며 말씀하신 롤, 피파, 배그 등의 게임들을 즐기는 데 무리없는 사양입니다.\"눈물을 마시는 새\"는 현재 개발중인 게임으로 정확한 사양을 알기어려운 점 양해부탁드립니다."
}