{
    "quote_number": "1301",
    "quote_title": "7800x3d + 4070 ti",
    "date_create": "2024.3.31",
    "cpu_gpu_combinations": "라이젠7 7800X3D + RTX 4070 Ti 조합",
    "quotation_summary": "",
    "quote_person_introduction": "안녕하세요! 견적왕 견적맨 총괄 매니저 로비오트입니다!퀘이사존 유저랭킹 1등을 계속해서 유지하고 있고견적게시판에서만 주로 활동하는 유저로그 누구보다 제품의 장단점, 성능적인 파악을 정확하게 하고 있습니다.물건을 판매하려는 견적이 아닌 실질적인 소비자 기준으로 구성을 하고 있으며기본적으로 A/S가 좋지 않은 곳은 걸러서 구성하고 있습니다.또한 블랙컨슈머로 인한 A/S이슈는 고려하지도듣지도 보지도 않고 있으니 이런 부분도 걸러 듣고 견적을 작성하고 있습니다!",
    "quotations_quotations_description": "[CPU]AMD 라이젠7-5세대 7800X3D (라파엘) (정품)상세보기[메인보드]ASRock B650 PG Lightning 대원씨티에스상세보기[메모리]ESSENCORE KLEVV DDR5-5600 CL46 (16GB) x 2 개상세보기[그래픽카드]ZOTAC GAMING 지포스 RTX 4070 Ti AMP EXTREME AIRO D6X 12GB상세보기[SSD]SK하이닉스 Platinum P41 M.2 NVMe (1TB)상세보기[케이스]DARKFLASH DLX21 RGB MESH 강화유리 블랙 (미들타워)상세보기[파워서플라이]SuperFlower SF-850F14HG LEADEX III GOLD BLACK (PCIE 5)상세보기[CPU쿨러]3RSYS Socoool RC1800 ARGB (BLACK)상세보기[소프트웨어]Microsoft Windows 11 Home (처음사용자용 한글)상세보기[조립PC관련][견적왕] 조립 서비스 + 1년 출장 A/S상세보기CPU는 7950x3D를 제외하면\n이걸 따라올 게이밍 CPU는 없다!메인보드는 14+2+1 전원부!\n가격은 25만원! 가성비 of 가성비!메모리는 하이닉스 A다이 메모리\n인식률 호환성 안정성 굳!케이스는 구관이 명관!\n베스트셀러 케이스!CPU쿨러는 현존 공냉 끝판왕!",
    "quote_feedback": "문제는 없어 보입니다다만 메모리같은 경우 라파엘에서 5600mhz 제대로 인식하려면 마이크론이 가장 편하실 겁니다~파워의 경우 GM 시리즈가 AS 7년으로 좀 짧은 편이기도 하고저 가격이면 다른 제조사 제품으로 AS 10년 지원하면서https://quasarzone.com/bbs/qn_partner/views/1296760RTX 4천번대 전용 케이블도 주는 제조사 제품군 골드제품이 더 저렴하긴 할 겁니다 ^^GPU의 경우 특정 제조사 모델이 소음이 좀 큰편인데(보통 45데시벨 넘어가면 은근 사람이 체감하기에 시끄러운 정도...)4070 ti 기준 가성비 모델로 하실꺼라면갤럭시 ST, 조텍 트리니티, 이엠텍 GamingPro 정도로 구성해주시는게 좋을 듯 합니다.메인보드의 경우 차후 CPU 업글을 하실 계획이 아니라면 조금더 가성비 모델로 구성해도 무방하고추가적으로 Asus 제품군이 현재 XMP나 EXPO 전압을 낮춰서 바이오스 안정화를 하고 있는지라..차라리 구성하실거라면 ASrock B650 PG 계열 제품군이 가성비도 더 괜찮을 듯 합니다."
}