{
    "quote_number": "1360",
    "quote_title": "7950x + RTX 3060 + C4D + 옥테인",
    "date_create": "2024.3.31",
    "cpu_gpu_combinations": "라이젠9 7950X + RTX 3060 조합",
    "quotation_summary": "",
    "quote_person_introduction": "안녕하세요! 견적왕 견적맨 총괄 매니저 로비오트입니다!퀘이사존 유저랭킹 1등을 계속해서 유지하고 있고견적게시판에서만 주로 활동하는 유저로그 누구보다 제품의 장단점, 성능적인 파악을 정확하게 하고 있습니다.물건을 판매하려는 견적이 아닌 실질적인 소비자 기준으로 구성을 하고 있으며기본적으로 A/S가 좋지 않은 곳은 걸러서 구성하고 있습니다.또한 블랙컨슈머로 인한 A/S이슈는 고려하지도듣지도 보지도 않고 있으니 이런 부분도 걸러 듣고 견적을 작성하고 있습니다!",
    "quotations_quotations_description": "[CPU]AMD 라이젠9-5세대 7950X (라파엘) (정품)상세보기[메인보드]ASRock B650 PG Lightning 대원씨티에스상세보기[메모리]ESSENCORE KLEVV DDR5-5600 CL46 (16GB) x 2 개상세보기[그래픽카드]AFOX 지포스 RTX 3060 D6 12GB 대원씨티에스상세보기[SSD]SK하이닉스 Platinum P41 M.2 NVMe (1TB)상세보기[데스크탑 HDD]Toshiba 2TB P300 HDWD120 (SATA3/7200/64M)상세보기[케이스]DARKFLASH DNM600 MAX MESH RGB 블랙 (미니타워)상세보기[파워서플라이]FSP HYPER K PRO 700W 80PLUS Standard 230V EU상세보기[CPU쿨러]DARKFLASH Twister DX-360 V2.6 ARGB (블랙)상세보기[조립PC관련][견적왕] 조립 서비스 + 1년 출장 A/S상세보기[조립PC관련]수랭 쿨러 조립 추가 비용상세보기CPU는 현존 최강의 작업용 CPU\n그렇다고 게임성능이 떨어지지는 않음!메인보드는 14+2+1 전원부!\n가격은 25만원! 가성비 of 가성비!메모리는 하이닉스 A다이 메모리\n인식률 호환성 안정성 굳!그래픽카드는 RTX 3060 12GB 가성비 제품!\n대원씨티에스 유통으로데스크탑 HDD는 유일한 가성비 PMR!파워서플라이는 FSP 가성비의 새로운 모델!\n안정성 좋고 팬소음 적고!CPU쿨러는 크라켄과 동급 성능!\n케이스와의 깔맞춤!",
    "quote_feedback": "https://quasarzone.com/bbs/qf_hwjoin/views/1772795옥테인랜더 C4D랜더라...GPU는 거의 안쓰기는 하는데그래도 가속은 필요 할 수 있으니 정말 가성비로 구성한다고 치면지금 가격대에서는 라파엘 7900 쪽이 가장 CPU 작업성능이 좋지 않을까 보여집니다.아니면 13600K(F)입니다.구성하여 보니 RTX 3060 12GB를 기준으로 했을때에는 7950x까지도 구성이 충분히 가능 할 듯 합니다.수냉에 대한 반감이 딱히 없으시다면나쁘지 않은 선택이라 보여집니다."
}