{
    "quote_number": "1399",
    "quote_title": "80만원대 병원 서버 라이젠 7700 내장그래픽 컴퓨터 견적",
    "date_create": "2023.11.3",
    "cpu_gpu_combinations": "라이젠7 7700 +  조합",
    "quotation_summary": " 라이젠 7700 / 내장 그래픽 / RAM 32GB / SSD 500GB# 개인매장 서버 컴퓨터# 내장그래픽",
    "quote_person_introduction": "안녕하세요. 로카프입니다.우리 주변에는 아직 컴퓨터 견적구성을 어떻게 할 지 몰라 고민에 빠지는 분들이 많이 계십니다.성능은 괜찮을까? 고장은 나지 않을까? 가격은 괜찮은건가? 이런 고민들을 한 번쯤은 해보셨을 겁니다.용도에 알맞는 성능과 합리적인 가격, 최우선으로 안정성과 신뢰도 높은 부품들로 구성된 견적을 추천해드리겠습니다.컴퓨터를 처음 알아보시는 분들의 입장에서 생각하고 견적을 구성해드리는 견적맨이 되겠습니다.",
    "quotations_quotations_description": "[CPU]AMD 라이젠7-5세대 7700 (라파엘) (멀티팩(정품))상세보기[메인보드]ASRock A620M-HDV/M.2+ 에즈윈상세보기[메모리]TeamGroup DDR5-5600 CL46 Elite (16GB) x 2 개상세보기[SSD]마이크론 Crucial P5 Plus M.2 NVMe 대원CTS (500GB)상세보기[케이스]DARKFLASH DK200 RGB 강화유리 블랙 (미들타워)상세보기[파워서플라이]SF-500R12ST MEGA 80PLUS STANDARD 230V EU상세보기[CPU쿨러]PCCOOLER PALADIN 400상세보기[쿨러.튜닝.조명.액세서리]케이엘시스템 KLcom M.2 2280 방열판 (BLACK)상세보기[조립PC관련][견적왕] 조립 서비스 + 1년 출장 A/S상세보기CPU는 8코어 16쓰레드 구성의 라이젠7 7700입니다. TDP 65W로 싱글타워공랭쿨러로도 충분히 발열해소가 가능한 장점이 있어 CPU쿨러 비용부담이 적습니다. 이전세대 제품들과 달리 내장그래픽도 탑재하고 있어 그래픽카드 사용이 불가능한 경우에도 화면출력이 가능합니다.메인보드는 300A급 드라이버모스펫 채용으로 전원부 성능이 준수하며 A620칩셋 메인보드로 가격경쟁력까지 갖추고 있어 7600 CPU와 구성하기에 충분한 A620M-HDV/M.2+ 입니다.메모리는 라이프워런티정책으로 제품 단종 시까지 서비스 지원하는 팀그룹 JEDEC 표준 일반램입니다.SSD는 PCIe 4.0을 지원하기때문에 3.0규격 SSD에 비해 월등히 좋은 성능을 보여줌과 동시에 가성비도 좋은 제품입니다.케이스는 기본팬 6개 제공으로 좋은 쿨링성능을 제공하고 있는 케이스 가운데 가성비가 좋은 darkFlash DK200 제품입니다.파워서플라이는 고주파 발생에도 A/S 걱정이 없는 슈퍼플라워사의 500W 제품입니다.CPU쿨러는 2~3만원대 쿨러 중 가성비가 뛰어난 제품으로, AM4소켓 CPU 구성시 발생할 수 있는 무뽑기 파손증상 방지키트가 구성품에 포함되어 있습니다.",
    "quote_feedback": "먼저, 기존 사용중인 구성은 상당히 저사양으로 업그레이드보다는 새로 구성하시는 게 적절해보입니다.다만, 저장장치는 그대로 쓰셔도 무방합니다.서버컴퓨터라고 하셔서 기존시스템처럼 내장그래픽 구성에 CPU성능이 강력한 견적을 예산범위 내에서 구성해봤습니다.CPU는 라이젠 7700(8코어 16스레드) CPU로 기존 3000G(2코어 4쓰레드)에 비해 연산성능이 월등히 뛰어납니다."
}