{
    "quote_number": "1423",
    "quote_title": "5600 + GTX 1660 SUPER + 고가 사무용 PC + 롤 PC + 가성비 게이밍 PC",
    "date_create": "2024.3.8",
    "cpu_gpu_combinations": "라이젠5 5600 + GTX 1660 SUPER 조합",
    "quotation_summary": "",
    "quote_person_introduction": "안녕하세요! 견적왕 견적맨 총괄 매니저 로비오트입니다!퀘이사존 유저랭킹 1등을 계속해서 유지하고 있고견적게시판에서만 주로 활동하는 유저로그 누구보다 제품의 장단점, 성능적인 파악을 정확하게 하고 있습니다.물건을 판매하려는 견적이 아닌 실질적인 소비자 기준으로 구성을 하고 있으며기본적으로 A/S가 좋지 않은 곳은 걸러서 구성하고 있습니다.또한 블랙컨슈머로 인한 A/S이슈는 고려하지도듣지도 보지도 않고 있으니 이런 부분도 걸러 듣고 견적을 작성하고 있습니다!",
    "quotations_quotations_description": "[CPU]AMD 라이젠5-4세대 5600 (버미어) (멀티팩(정품))상세보기[메인보드]MSI A520M-A PRO상세보기[메모리]마이크론 Crucial DDR4 8G PC4-25600 CL22 x 2 개상세보기[그래픽카드]ARKTEK 지포스 GTX 1660 SUPER D6 6GB상세보기[SSD]삼성전자 970 EVO Plus M.2 2280 (500GB)상세보기[케이스]DARKFLASH DK200 RGB 강화유리 블랙 (미들타워)상세보기[파워서플라이]SF-500R12ST MEGA 80PLUS STANDARD 230V EU상세보기[CPU쿨러]잘만 CNPS9X PERFORMA RGB (SILVER)상세보기[조립PC관련][견적왕] 조립 서비스 + 1년 출장 A/S상세보기CPU는 가성비의 6코어 CPU!\n게이밍용으론 아직도 극한의 갓성비!메인보드는 5600 한정 가성비 메인보드!\nAS는 걸리지만 가심비는 최고!메모리는 라이프 워런티 지원!\n수율 좋은 DDR4 메모리!그래픽카드는 가성비 좋은 GTX 1660 SUPER!\nSTOCM 유통으로 AS 퀄리티 무난~파워서플라이는 GTX 1660 SUPER 라면충분한 용량의 500w!\n무한 고주파 교체 AS의 슈퍼플라워!CPU쿨러는 가성비 좋고 성능 좋고!\n3만원 미만에서의 갓성비 모델!",
    "quote_feedback": "롤 정도까지 하실꺼라면솔찍히 지금 가격대를 전부다 본체 가격에만 쏟는다고 하면 외장 그래픽 넣고 풀옵션까지도 가능은 할 겁니다.다만 저 80만원에 OS나 기타 프로그렘까지 구성해야 한다고 하면내장그래픽으로 구성이 되어야 할텐데그러면 옵션타협은 해주시는게 좋을 것 같구요...딱 80을 본체로만 구성하면 되는건가요?그러면 CPU나 GPU도 최대한 넉넉하게 잡으면GTX 1660 SUPER에 5600? 12400F? 같은걸로 구성이 될텐데지금도 옵션타협이 필요한 그래픽 카드이기는 합니다.(최신 게임들 혹은 최적화가 안좋은 게임들 기준)"
}