{
    "quote_number": "1462",
    "quote_title": "7950x + RTX 4090 + 딥러닝 견적 + 머신러닝 견적 + matlab 견적",
    "date_create": "2023.12.5",
    "cpu_gpu_combinations": "라이젠9 7950X + RTX 4090 조합",
    "quotation_summary": "",
    "quote_person_introduction": "안녕하세요! 견적왕 견적맨 총괄 매니저 로비오트입니다!퀘이사존 유저랭킹 1등을 계속해서 유지하고 있고견적게시판에서만 주로 활동하는 유저로그 누구보다 제품의 장단점, 성능적인 파악을 정확하게 하고 있습니다.물건을 판매하려는 견적이 아닌 실질적인 소비자 기준으로 구성을 하고 있으며기본적으로 A/S가 좋지 않은 곳은 걸러서 구성하고 있습니다.또한 블랙컨슈머로 인한 A/S이슈는 고려하지도듣지도 보지도 않고 있으니 이런 부분도 걸러 듣고 견적을 작성하고 있습니다!",
    "quotations_quotations_description": "[CPU]AMD 라이젠9-5세대 7950X (라파엘) (정품)상세보기[메인보드]ASRock B650 PG Lightning 대원씨티에스상세보기[메모리]패트리어트 PATRIOT DDR5-5600 CL46 SIGNATURE (32GB) x 4 개상세보기[그래픽카드]inno3D 지포스 RTX 4090 OC D6X 24GB X3상세보기[SSD]삼성전자 980 PRO M.2 NVMe (1TB)상세보기[케이스]DARKFLASH DLX21 RGB MESH 강화유리 블랙 (미들타워)상세보기[파워서플라이]SuperFlower SF-1000F14PE LEADEX VI PRO PLATINUM BLACK (PCIE 5)상세보기[CPU쿨러]NZXT KRAKEN 360상세보기[조립PC관련][견적왕] 조립 서비스 + 1년 출장 A/S상세보기[조립PC관련]수랭 쿨러 조립 추가 비용상세보기CPU는 현존 최강의 작업용 CPU\n그렇다고 게임성능이 떨어지지는 않음!메인보드는 14+2+1 전원부!\n가격은 25만원! 가성비 of 가성비!메모리는 하이닉스 A다이 언락 모델!\n인식률 / 수율 최상! 안정성도 최상!케이스는 구관이 명관!\n베스트셀러 케이스!파워서플라이는 가성비 플레티넘 파워!\n슈퍼플라워의 믿음의 AS와! PCIe 5.0 완벽 대응!",
    "quote_feedback": "내장 그래픽으로도 연산은 가능하고CPU 연산계열 명령어가 더 좋은 AMD 7천시리즈 쪽이 낫지 않나 보여지기는 합니다.다만 둘다 GPU 연산 자체가 속도는 더 빠르기는 한데...다만 둘다 어느정도 밸런스는 잡는게 좋기는 할 듯 합니다.공냉으로 구성 가능한 한계는인텔 13600K / 라이젠 7900 정도일텐데이 기준에서 멀티 및 연산성능은 7900쪽이 소폭더 낫지 않나 보여집니다.수냉같은 경우 AS 기간내에 관리???는 딱히 없을 겁니다.AS 기간 종료후가 문제인 부분인거죠..AS 종료 후 문제가 발생해서 누수가 발생하면 그때는 좀 골아파지기는 합니다..아얘 싹다 유상으로 처리해야하는 부분이니까요"
}