{
    "quote_number": "1474",
    "quote_title": "13600K + GTX 1650 + 포토샵 + 캐드 + 일러스트 작업용",
    "date_create": "2024.1.29",
    "cpu_gpu_combinations": "라이젠7 7800X3D + RTX 4070 Ti 조합",
    "quotation_summary": "",
    "quote_person_introduction": "안녕하세요! 견적왕 견적맨 총괄 매니저 로비오트입니다!퀘이사존 유저랭킹 1등을 계속해서 유지하고 있고견적게시판에서만 주로 활동하는 유저로그 누구보다 제품의 장단점, 성능적인 파악을 정확하게 하고 있습니다.물건을 판매하려는 견적이 아닌 실질적인 소비자 기준으로 구성을 하고 있으며기본적으로 A/S가 좋지 않은 곳은 걸러서 구성하고 있습니다.또한 블랙컨슈머로 인한 A/S이슈는 고려하지도듣지도 보지도 않고 있으니 이런 부분도 걸러 듣고 견적을 작성하고 있습니다!",
    "quotations_quotations_description": "[CPU]AMD 라이젠7-5세대 7800X3D (라파엘) (정품)상세보기[메인보드]ASRock B650M Pro RS 대원씨티에스상세보기[메모리]ADATA DDR5-5600 CL46-45-45 (16GB) x 2 개상세보기[그래픽카드]MSI 지포스 RTX 4070 Ti 벤투스 3X E OC D6X 12GB상세보기[SSD]SK하이닉스 Gold P31 M2 NVMe (1TB)상세보기[케이스]DAVEN APEX White (미들타워)상세보기[파워서플라이]NEWZEN SKULL 750SM MODULAR ATX 3.0 80PLUS GOLD (PCIE5)상세보기[CPU쿨러]PentaWave Z06D (BLACK)상세보기[조립PC관련][견적왕] 조립 서비스 + 1년 출장 A/S상세보기메인보드는 B650칩셋 제품이라서 PBO와 커브옵티마이저 기능을 지원하는 제품입니다. 400A급 드라이버모스펫 구성의 전원부 성능을 가지고 있으며 기판일부와 방열판색상이 화이트라 화이트조합에 알맞습니다.메모리는 하이닉스 선별 IC 제품!\n인식률 좋고 제품 안정성도 좋고!그래픽카드는 가성비 RTX 4070 Ti!\nMSI만의 강력한 쿨링 솔루션!SSD는 이천 특산물! SK 하이닉스!\nPCIe 3.0의 끝판왕!",
    "quote_feedback": "지금 기반이라면 GTX 1650 정도만 구성해도 문제는 없을 겁니다.게임도 심즈 정도라면 충분 하구요~다만 SSD 용량은 좀 넉넉하게 1TB급 구성하시는걸 추천드리고Pm9a1 같은 벌크 제품은 펌웨어 이슈가 지속적으로 있다보니 PCie 4.0 기준으로 하실꺼라면P5 PLUS나 980 PRO 혹은 P41 같은걸 추천드립니다.아니면 아얘 조금 이라도 저렴하게 970 evo plus 이런모델로 구성하시거나요?HDD 역시 1TB급 구성해 주시는게 좋을 듯 합니다."
}