{
    "quote_number": "1478",
    "quote_title": "7800x3d + RTX 4070 Ti + 극 가성비 견적",
    "date_create": "2024.3.31",
    "cpu_gpu_combinations": "라이젠7 7800X3D + RTX 4070 Ti 조합",
    "quotation_summary": "",
    "quote_person_introduction": "안녕하세요! 견적왕 견적맨 총괄 매니저 로비오트입니다!퀘이사존 유저랭킹 1등을 계속해서 유지하고 있고견적게시판에서만 주로 활동하는 유저로그 누구보다 제품의 장단점, 성능적인 파악을 정확하게 하고 있습니다.물건을 판매하려는 견적이 아닌 실질적인 소비자 기준으로 구성을 하고 있으며기본적으로 A/S가 좋지 않은 곳은 걸러서 구성하고 있습니다.또한 블랙컨슈머로 인한 A/S이슈는 고려하지도듣지도 보지도 않고 있으니 이런 부분도 걸러 듣고 견적을 작성하고 있습니다!",
    "quotations_quotations_description": "[CPU]AMD 라이젠7-5세대 7800X3D (라파엘) (정품)상세보기[메인보드]GIGABYTE B650M AORUS ELITE AX ICE 피씨디렉트상세보기[메모리]ESSENCORE KLEVV DDR5-5600 CL46 (16GB) x 2 개상세보기[그래픽카드]GIGABYTE 지포스 RTX 4070 Ti EAGLE D6X 12GB 피씨디렉트상세보기[SSD]SK하이닉스 GOLD P31 M2 NVMe (500GB)상세보기[케이스]DARKFLASH DF2100 MESH RGB 강화유리 블랙 (미들타워)상세보기[파워서플라이]쿨러마스터 G800 GOLD상세보기[CPU쿨러]DEEPCOOL AG620상세보기[조립PC관련][견적왕] 조립 서비스 + 1년 출장 A/S상세보기CPU는 7950x3D를 제외하면\n이걸 따라올 게이밍 CPU는 없다!메인보드는 12페이즈 / 720a 스펙의 전원부 모델!\n7950x까지 커버 가능!\n그리고 화이트 감성!메모리는 하이닉스 A다이 메모리\n인식률 호환성 안정성 굳!SSD는 이천 특산물! SK 하이닉스!\nPCIe 3.0의 끝판왕!케이스는 DLX21과 똑같은 확장성!\n하지만 조금더 가성비!파워서플라이는 RX 6800은 750w 이상!\n가성비로 본다면 쿨러마스터 G800CPU쿨러는 5만원대 언더의 가성비 공냉쿨러!\n하지만 성능은 끝판왕 공냉쿨러!",
    "quote_feedback": "저 쿨러로 하실꺼라면 7700논x로 해야 합니다.게임용이라면 7700x는 공냉 대장급은 필요 합니다.지금 쿨러를 어떤걸 해야할지 몰라서 저걸 넣어둔 상태입니다 혹시 쿨러추천 가능할까요?메인보드 저 제품이 글카 장착 위치가 아랫쪽이라 4070 ti 급은 간섭이 발생 할 겁니다.가능하면 다른 메인보드 추천드리고WIFI 무조건 써야 한다고 하면가성비로는 Asus prime b650m-a wifi ii투자하실꺼라면 Gigabyte B650M Aorus Elite AXWIFI 굳이 필요 없다면 b650m PG Riptide 같은거 구성하면 됩니다~다만 7700x 기반에 SSD 1TB면 230은 무조건 넘을 듯 합니다.시소닉 같은 경우에 GM 시리즈가 AS도 7년으로 짧고동급 기준 제품군에서AS 10년 되는 제품군들이 많을 겁니다.그게 더 가성비도 좋은 편이구요~-답변 정말 감사합니다 가격 넘어도 상관이 없고 에초에 7700X에4070Ti으로 짤수있는게 250으로 들었습니다 그러다보니 230으로는 무라는 생각이 들긴했는데 확실히 짜주 신거보니 대단하다고 생각만드네요 답변 정말 감사합니다! 가격 넘어도된다는거ㅣ음 240 250이렇게 넘어가도 상관이 없다고 한것이였습니다그 가격대 기준이라면...솔찍히 다른거다 가성비로8 똘똘 뭉쳐서 구성한다면7800x3D에 RTX 4070 Ti까지도 충분히 구성이 가능하긴 할 겁니다.."
}