{
    "quote_number": "1481",
    "quote_title": "5600 + GTX 1660 SUPER + 간단 영상편집 + FHD 가성비 게이밍 견적 + SSD는 따로",
    "date_create": "2024.3.8",
    "cpu_gpu_combinations": "라이젠5 5600 + GTX 1660 SUPER 조합",
    "quotation_summary": "",
    "quote_person_introduction": "안녕하세요! 견적왕 견적맨 총괄 매니저 로비오트입니다!퀘이사존 유저랭킹 1등을 계속해서 유지하고 있고견적게시판에서만 주로 활동하는 유저로그 누구보다 제품의 장단점, 성능적인 파악을 정확하게 하고 있습니다.물건을 판매하려는 견적이 아닌 실질적인 소비자 기준으로 구성을 하고 있으며기본적으로 A/S가 좋지 않은 곳은 걸러서 구성하고 있습니다.또한 블랙컨슈머로 인한 A/S이슈는 고려하지도듣지도 보지도 않고 있으니 이런 부분도 걸러 듣고 견적을 작성하고 있습니다!",
    "quotations_quotations_description": "[CPU]AMD 라이젠5-4세대 5600 (버미어) (멀티팩(정품))상세보기[메인보드]MSI A520M-A PRO상세보기[메모리]마이크론 Crucial DDR4 8G PC4-25600 CL22 x 2 개상세보기[그래픽카드]ARKTEK 지포스 GTX 1660 SUPER D6 6GB상세보기[SSD]삼성전자 970 EVO Plus M.2 2280 (500GB)상세보기[케이스]DAVEN D6 MESH 강화유리 블랙 (미들타워)상세보기[파워서플라이]SF-500R12ST MEGA 80PLUS STANDARD 230V EU상세보기[CPU쿨러]PCCOOLER PALADIN EX400 (BLACK)상세보기[조립PC관련][견적왕] 조립 서비스 + 1년 출장 A/S상세보기CPU는 가성비의 6코어 CPU!\n게이밍용으론 아직도 극한의 갓성비!메인보드는 5600 한정 가성비 메인보드!\nAS는 걸리지만 가심비는 최고!메모리는 라이프 워런티 지원!\n수율 좋은 DDR4 메모리!그래픽카드는 가성비 좋은 GTX 1660 SUPER!\nSTOCM 유통으로 AS 퀄리티 무난~파워서플라이는 GTX 1660 SUPER 라면충분한 용량의 500w!\n무한 고주파 교체 AS의 슈퍼플라워!CPU쿨러는 팔라딘 400의 가성비 제품!\n소음 억제력 , 발열 제어능력 준수!",
    "quote_feedback": "1660 SUPER 정도에 저장장치는 재활용 해주시는게 좋을 듯 합니다.12400F나 12400은 B660 보드도 강제되는 부분이라가격대에 맞추기는 어려울 듯 합니다."
}