{
    "quote_number": "1511",
    "quote_title": "180만원 라이젠 7600 + RTX 4070 게이밍 컴퓨터 견적",
    "date_create": "2024.4.4",
    "cpu_gpu_combinations": "라이젠5 7600 + RTX 4070 조합",
    "quotation_summary": " 라이젠 7600 / RTX 4070 / RAM 32GB / SSD 1TB# 180만원 예산# FHD 게이밍 끝판왕",
    "quote_person_introduction": "안녕하세요. 로카프입니다.우리 주변에는 아직 컴퓨터 견적구성을 어떻게 할 지 몰라 고민에 빠지는 분들이 많이 계십니다.성능은 괜찮을까? 고장은 나지 않을까? 가격은 괜찮은건가? 이런 고민들을 한 번쯤은 해보셨을 겁니다.용도에 알맞는 성능과 합리적인 가격, 최우선으로 안정성과 신뢰도 높은 부품들로 구성된 견적을 추천해드리겠습니다.컴퓨터를 처음 알아보시는 분들의 입장에서 생각하고 견적을 구성해드리는 견적맨이 되겠습니다.",
    "quotations_quotations_description": "[CPU]AMD 라이젠5-5세대 7600 (라파엘) (멀티팩(정품))상세보기[메인보드]ASRock A620M-HDV/M.2+ 에즈윈상세보기[메모리]TeamGroup DDR5-5600 CL46 Elite (16GB) x 2 개상세보기[그래픽카드]ZOTAC GAMING 지포스 RTX 4070 TWIN EDGE OC D6X 12GB상세보기[SSD]SK하이닉스 Platinum P41 M.2 NVMe (1TB)상세보기[케이스]DAVEN KAISER AIR 강화유리 블랙 (미들타워)상세보기[파워서플라이]NEWZEN SKULL 750SM MODULAR ATX 3.0 80PLUS GOLD (PCIE5)상세보기[CPU쿨러]DARKFLASH Ellsworth S21 ARGB (블랙)상세보기[쿨러.튜닝.조명.액세서리]케이엘시스템 KLcom M.2 2280 방열판 (BLACK)상세보기[조립PC관련][견적왕] 조립 서비스 + 1년 출장 A/S상세보기CPU는 6코어 12쓰레드 구조로 A620 메인보드와 싱글타워공랭쿨러 구성만으로도 쾌적하게 작동하여 가성비 있게 견적을 구성할 때 많이 추천되고 있는 라이젠 7600입니다.메인보드는 300A급 드라이버모스펫 채용으로 전원부 성능이 준수하며 A620칩셋 메인보드로 가격경쟁력까지 갖추고 있어 7600 CPU와 구성하기에 충분한 A620M-HDV/M.2+ 입니다.메모리는 라이프워런티정책으로 제품 단종 시까지 서비스 지원하는 팀그룹 JEDEC 표준 일반램입니다.그래픽카드는 FHD 게이밍 끝판왕인 RTX 4070입니다. 더불어 ZOTAC사 제품으로 A/S 걱정에서 자유로울 수 있으며, 구매 후 14일 이내 제품 등록 시 무상 3년 보증에 추가로 2년 확대보증 서비스를 제공하여 오래도록 사용할 수 있습니다.SSD는 이천특산물 SK하이닉스의 P41입니다. 사용된 낸드플래시는 SK하이닉스의 176단 3D TLC 제품으로 우수한 성능과 안정성을 보이며 PCIe 4.0 규격 SSD 가운데 탑급의 성능을 자랑합니다.케이스는 쉽게 측면을 여닫을 수 있도록 스윙도어 설계가 적용되었으며 CPU쿨러 최대 160mm, 그래픽카드 최대 340mm까지 지원가능한 KAISER AIR 강화유리 제품입니다. LED팬 4개를 기본제공하고있으며 LED제어스위치가 있어 사용자의 취향에 맞춰 켜고 끌 수 있습니다.파워서플라이는 무상보증10년 고주파증상도 원활한 A/S받을 수 있는 SKULL 제품으로 750W 골드급 ATX3.0 제품입니다. 12VHPWR 커넥터도 지원합니다.CPU쿨러는 2~3만원대 쿨러 중 가성비가 뛰어난 제품으로, AM4소켓 CPU 구성시 발생할 수 있는 무뽑기 파손증상 방지키트가 구성품에 포함되어 있습니다.",
    "quote_feedback": "구성해오신 견적 가격대와 크게 차이나지 않는 선에서 좀 더 가성비 좋게 견적을 재구성해봤습니다."
}