{
    "quote_number": "1531",
    "quote_title": "250만원 작업용 i7 13700KF + RTX 4070 컴퓨터 견적",
    "date_create": "2024.4.4",
    "cpu_gpu_combinations": "코어i7-13700KF + RTX 4070 조합",
    "quotation_summary": " i7 13700KF / RTX 4070 / RAM 32GB / SSD 2TB# 딥러닝# 작업용# 수냉",
    "quote_person_introduction": "안녕하세요. 로카프입니다.우리 주변에는 아직 컴퓨터 견적구성을 어떻게 할 지 몰라 고민에 빠지는 분들이 많이 계십니다.성능은 괜찮을까? 고장은 나지 않을까? 가격은 괜찮은건가? 이런 고민들을 한 번쯤은 해보셨을 겁니다.용도에 알맞는 성능과 합리적인 가격, 최우선으로 안정성과 신뢰도 높은 부품들로 구성된 견적을 추천해드리겠습니다.컴퓨터를 처음 알아보시는 분들의 입장에서 생각하고 견적을 구성해드리는 견적맨이 되겠습니다.",
    "quotations_quotations_description": "[CPU]인텔 코어i7-13세대 13700KF (랩터레이크) (정품)상세보기[메인보드]GIGABYTE Z790 AORUS ELITE X 피씨디렉트상세보기[메모리]TeamGroup DDR5-5600 CL46 Elite (16GB) x 2 개상세보기[그래픽카드]ZOTAC GAMING 지포스 RTX 4070 TWIN EDGE OC D6X 12GB상세보기[SSD]Western Digital WD BLACK SN850X M.2 NVMe (2TB)상세보기[케이스]DARKFLASH DLX21 RGB MESH 강화유리 블랙 (미들타워)상세보기[파워서플라이]NEWZEN SKULL 750SM MODULAR ATX 3.0 80PLUS GOLD (PCIE5)상세보기[CPU쿨러]DARKFLASH NEBULA DN-360 ARGB (블랙)상세보기[조립PC관련][견적왕] 조립 서비스 + 1년 출장 A/S상세보기[조립PC관련]수랭 쿨러 조립 추가 비용상세보기CPU는 13700KF로 내장그래픽이 없으며 오버클럭이 가능한 제품입니다. 고성능을 발휘하는 P코어 8개 효율성 높은 E코어 8개로 이루어진 빅리틀 구조의 CPU이며 따라서 윈도우11 사용이 권장됩니다.메인보드는 1440A급의 전원부성능을 가져 13~14세대 i7 CPU 구성에 적합하며 14세대 인텔 CPU와 함께 출시된 Z790 AORUS ELITE X입니다.메모리는 라이프워런티정책으로 제품 단종 시까지 서비스 지원하는 팀그룹 JEDEC 표준 일반램입니다.그래픽카드는 FHD 게이밍 끝판왕인 RTX 4070입니다. 더불어 ZOTAC사 제품으로 A/S 걱정에서 자유로울 수 있으며, 구매 후 14일 이내 제품 등록 시 무상 3년 보증에 추가로 2년 확대보증 서비스를 제공하여 오래도록 사용할 수 있습니다.SSD는 최대읽기속도 7,300MB/s 최대쓰기속도 6,600MB/s를 자랑하는 최상위권 PCIe 4.0 SSD인 SN850X입니다. WD BLACK SSD 대시보드를 통해 게임모드 이용 시 SSD의 저전력모드를 비활성화시켜 최고의 퍼포먼스를 발휘할 수 있습니다.케이스는 많은 소비자들로부터 꾸준한 사랑을 받고있는 DLX 21 MESH입니다. 140mm 전면팬 3개와 140mm 후면팬 1개 기본구성에 상단 3열 수랭쿨러 호환도 문제없으며 호환길이 CPU공랭쿨러 180mm / 그래픽카드 400mm의 뛰어난 호환성도 장점입니다.파워서플라이는 무상보증10년 고주파증상도 원활한 A/S받을 수 있는 SKULL 제품으로 750W 골드급 ATX3.0 제품입니다. 12VHPWR 커넥터도 지원합니다.CPU쿨러는 3열 일체형 수랭쿨러로 워터블록은 구리 베이스로 제작되어 탁월한 열 전도성을 자랑하며 5년의 보증기간(쿨링팬 3년)과 누수보증이 되는 제품으로 안심하고 사용가능한 제품입니다.",
    "quote_feedback": "의뢰자님께서 구성하신 견적에서 몇 가지 부분만 수정해서 재구성 도와드렸습니다.CPU는 13700K보다 13700KF가 소폭 저렴해서 KF제품으로 구성했습니다.13700K는 Z790칩셋 메인보드 사용이 권장되서 13700K와 구성하기에 적절한 메인보드 제품을 선택했습니다.그래픽카드는 A/S 서비스면에서 매우 좋은 평가를 받고있는 제조사의 4070으로 구성했습니다.SSD는 PCIe 4.0규격 제품이면서도 가성비가 좋은 제품 선택했으며케이스는 상단 3열 수랭쿨러 장착을 지원하면서 가성비가 좋은 제품으로 마무리했습니다."
}