{
    "quote_number": "1546",
    "quote_title": "120만원 사무용 롤 캐주얼 게임 i3 12100F + GTX 1650 컴퓨터 견적",
    "date_create": "2024.3.4",
    "cpu_gpu_combinations": "코어i3-12100F + GTX 1650 조합",
    "quotation_summary": " i3 12100F / GTX 1650 / RAM 32GB / SSD 1TB + HDD 1TB / 윈도우포함 / 주변기기포함# 사무용# 롤# 캐주얼 게임# 윈도우 포함# 모니터 포함# 키보드마우스 포함",
    "quote_person_introduction": "안녕하세요. 로카프입니다.우리 주변에는 아직 컴퓨터 견적구성을 어떻게 할 지 몰라 고민에 빠지는 분들이 많이 계십니다.성능은 괜찮을까? 고장은 나지 않을까? 가격은 괜찮은건가? 이런 고민들을 한 번쯤은 해보셨을 겁니다.용도에 알맞는 성능과 합리적인 가격, 최우선으로 안정성과 신뢰도 높은 부품들로 구성된 견적을 추천해드리겠습니다.컴퓨터를 처음 알아보시는 분들의 입장에서 생각하고 견적을 구성해드리는 견적맨이 되겠습니다.",
    "quotations_quotations_description": "[CPU]인텔 코어i3-12세대 12100F (엘더레이크) (정품)상세보기[메인보드]ASUS PRIME H610M-K D4 인텍앤컴퍼니상세보기[메모리]삼성전자 DDR4-3200 (16GB) PC4-25600 x 2 개상세보기[그래픽카드]갤럭시 GALAX 지포스 GTX 1650 BLACK EX PLUS OC D6 4GB상세보기[SSD]SK하이닉스 Gold P31 M2 NVMe (1TB)상세보기[데스크탑 HDD]Toshiba 1TB P300 HDWD110 (SATA3/7200/64M)상세보기[케이스]DAVEN D4 MESH BLACK (미들타워)상세보기[파워서플라이]SF-500R12ST MEGA 80PLUS STANDARD 230V EU상세보기[CPU쿨러]DEEPCOOL AG400상세보기[소프트웨어]Microsoft Windows 11 Home (처음사용자용 한글)상세보기[키보드]마이크로닉스 MANIC EX580L 기계식 키보드 (블랙갈축)상세보기[모니터]삼성전자 S27C310상세보기[마우스]로지텍 코리아 G102 LIGHTSYNC (블랙)상세보기[조립PC관련][견적왕] 조립 서비스 + 1년 출장 A/S상세보기CPU는 인텔의 4코어 8쓰레드 제품으로 사무용도나 가벼운 캐주얼 게임 플레이용도로 충분한 제품입니다. 또한, 발열이 심하지 않아 동봉되는 인텔 정품 쿨러로도 충분합니다.메인보드는 값싸게 인텔 시스템을 구성할 때 제격인 H610M-K D4 제품입니다. 가격 부담은 적으면서도 필수적으로 갖추어야 할 것들은 모두 갖춘 실속 있는 제품입니다.메모리는 신뢰성이 높고 불량률이 낮은 삼성 DDR4 메모리입니다. 기본 표준클럭 3200클럭으로 동작해 따로 설정이 필요하지 않은 제품입니다.그래픽카드는 GDDR6 메모리 4GB가 구성된 GTX 1650입니다. HDMI포트 1개, DP포트 1개, DVI-D포트 1개가 구성되어있어 다중모니터 구성에 좋습니다.SSD는 PCIe 3.0 방식의 SSD에서는 이견이 없는 최고의 SSD입니다. 성능이면 성능, 발열이면 발열 모두 최고입니다.데스크탑 HDD는 안정성 높은 CMR 방식의 구조를 택해 SMR 방식의 HDD에 비해 안정성이 높은 TOSHIBA P300 HDD입니다.케이스는 전면팬 3개와 후면팬 1개가 제공되며 기본팬 LED ON/OFF 기능이 제공되는 D4 MESH BLACK입니다. LED ON/OFF 기능이 있어 사용자의 취향에 맞춰 설정할 수 있는 장점이 있으며 CPU쿨러와 그래픽카드 호환성도 좋습니다.파워서플라이는 고주파 발생에도 A/S 걱정이 없는 슈퍼플라워사의 500W 제품입니다.CPU쿨러는 싱글타워공랭쿨러 가운데 출중한 쿨링성능과 뛰어난 가성비를 지닌 DEEPCOOL AG400입니다. 높이가 150mm에 불과해서 케이스와의 호환성도 매우 좋습니다.소프트웨어는 처음사용자용 제품이라 추후 PC를 바꾸시더라도 다시 윈도우를 구매하실 필요 없이 기존 시리얼키로 인증하신 뒤 재사용이 가능합니다. 단, 시리얼키 하나 당 PC 1대만 사용이 가능한 점은 동일합니다.",
    "quote_feedback": "요청하신 사무용도로써 사용하기에 알맞으며 윈도우 처음사용자용을 포함해서 견적을 구성해봤습니다.본체의 경우 예산 100만원 범위 안으로 구성되었고, GTX 1650 그래픽카드도 포함되었습니다.모니터는 삼성 27인치 FHD 모니터, 키보드와 마우스는 무난한 제품들로 선택했습니다.SSD와 HDD, 메모리 조건도 충족시켜 구성했습니다."
}