{
    "quote_number": "1566",
    "quote_title": "2023년 6월 추천견적 - 극 가성비 FHD 게이밍(GTX 1650)",
    "date_create": "2023.6.14",
    "cpu_gpu_combinations": "코어i3-12100F + GTX 1650 조합",
    "quotation_summary": " 1. 롤, 발로란트 등의 저사양 게임 풀옵션 용!2. 모니터까지 포함해서 100만원 미만으로 구성하셔야 하는 경우!3. 정말 잠깐동안 가성비로 써야하는 경우!4. 초등학교 고학년 아이들에게 딱!# 롤 풀옵션# 발로란트 풀옵션# 가성비 게이밍# FHD 가성비 게이밍",
    "quote_person_introduction": "안녕하세요! 견적왕 견적맨 총괄 매니저 로비오트입니다!퀘이사존 유저랭킹 1등을 계속해서 유지하고 있고견적게시판에서만 주로 활동하는 유저로그 누구보다 제품의 장단점, 성능적인 파악을 정확하게 하고 있습니다.물건을 판매하려는 견적이 아닌 실질적인 소비자 기준으로 구성을 하고 있으며기본적으로 A/S가 좋지 않은 곳은 걸러서 구성하고 있습니다.또한 블랙컨슈머로 인한 A/S이슈는 고려하지도듣지도 보지도 않고 있으니 이런 부분도 걸러 듣고 견적을 작성하고 있습니다!",
    "quotations_quotations_description": "[CPU]인텔 코어i3-12세대 12100F (엘더레이크) (정품)상세보기[메인보드]ASUS PRIME H610M-K D4 인텍앤컴퍼니상세보기[메모리]마이크론 Crucial DDR4 8G PC4-25600 CL22 x 2 개상세보기[그래픽카드]이엠텍 지포스 GTX 1650 MIRACLE NEW D6 4GB상세보기[SSD]SK하이닉스 GOLD P31 M2 NVMe (500GB)상세보기[케이스]DARKFLASH DK200 RGB 강화유리 블랙 (미들타워)상세보기[파워서플라이]SF-500R12ST MEGA 80PLUS STANDARD 230V EU상세보기[조립PC관련][견적왕] 조립 서비스 + 1년 출장 A/S상세보기CPU는 4코어 CPU이지만 캐쥬얼 게임은 나름 쓸만!\n인텔 6,7세대 i7보다 좋음!메인보드는 12100F까지는 충분!\n믿고쓰는 Asus!메모리는 라이프 워런티 지원!\n수율 좋은 DDR4 메모리!그래픽카드는 GTX 1650 이라면 롤, 발로란트는 충분히 풀옵션!\n확실한 AS! 이엠텍 유통!SSD는 이천 특산물! SK 하이닉스!\nPCIe 3.0의 끝판왕!파워서플라이는 GTX 1660 SUPER 라면충분한 용량의 500w!\n무한 고주파 교체 AS의 슈퍼플라워!",
    "quote_feedback": "매번 극 가성비 FHD 게이밍 셋팅에 추천되는 구성입니다!GTX 1650이기에 캐쥬얼 게임 풀옵션으로 충분히 고주사율 플레이가 가능 합니다!"
}