{
    "quote_number": "1614",
    "quote_title": "350만원대 디아블로4 타르코프 라이젠 7800X3D + RTX 4080 윈도우 포함 게이밍 컴퓨터 견적",
    "date_create": "2024.3.12",
    "cpu_gpu_combinations": "라이젠7 7800X3D + RTX 4080 SUPER 조합",
    "quotation_summary": " 라이젠 7800X3D / RTX 4080 SUPER / RAM 32GB / SSD 2TB# 디아블로4# 타르코프# QHD 게이밍# 윈도우 포함",
    "quote_person_introduction": "안녕하세요. 로카프입니다.우리 주변에는 아직 컴퓨터 견적구성을 어떻게 할 지 몰라 고민에 빠지는 분들이 많이 계십니다.성능은 괜찮을까? 고장은 나지 않을까? 가격은 괜찮은건가? 이런 고민들을 한 번쯤은 해보셨을 겁니다.용도에 알맞는 성능과 합리적인 가격, 최우선으로 안정성과 신뢰도 높은 부품들로 구성된 견적을 추천해드리겠습니다.컴퓨터를 처음 알아보시는 분들의 입장에서 생각하고 견적을 구성해드리는 견적맨이 되겠습니다.",
    "quotations_quotations_description": "[CPU]AMD 라이젠7-5세대 7800X3D (라파엘) (멀티팩(정품))상세보기[메인보드]ASRock B650 Pro RS 대원씨티에스상세보기[메모리]OLOy DDR5-6000 CL32 BLADE RGB MIRROR 패키지 (32GB(16Gx2))하이닉스 A다이 언락 제품!상세보기[그래픽카드]ZOTAC GAMING 지포스 RTX 4080 SUPER Trinity OC D6X 16GB White상세보기[SSD]Western Digital WD BLACK SN850X M.2 NVMe (2TB)상세보기[케이스]DARKFLASH DLX21 RGB MESH 강화유리 화이트 (미들타워)상세보기[파워서플라이]SuperFlower SF-850F14HG LEADEX III GOLD WHITE (PCIE 5)상세보기[CPU쿨러]PentaWave Z06D (WHITE)상세보기[소프트웨어]Microsoft Windows 11 Home (처음사용자용 한글)상세보기[조립PC관련][견적왕] 조립 서비스 + 1년 출장 A/S상세보기CPU는 3D V캐시 구성으로 압도적인 게이밍 성능을 자랑하며 공랭쿨러로도 사용이 가능한 7800X3D입니다. 8코어 16쓰레드 구조로 방송하시는 데도 충분한 성능을 발휘하는 제품입니다.메인보드는 840A급 드라이버모스펫 채용으로 전원부 성능이 매우 뛰어나 라이젠 7000시리즈 어떤 CPU와도 구성 할 수 있는 제품입니다. 또한, ATX 사이즈 메인보드로 확장성이 좋으며 화이트 색상의 방열판이 적용되어 화이트감성 컴퓨터를 구상하실 때 제격입니다.메모리는 조텍코리아에서 유통하고있는 OLOy 튜닝메모리입니다. 화이트방열판이 적용되어 화이트감성 PC 구성 시 제격이며 6000클럭의 고클럭 메모리로 메모리클럭이 중요한 게임에서 빛을 발합니다.그래픽카드는 QHD 게이밍도 끄떡없는 극강의 성능을 자랑하는 RTX 4080 SUPER입니다. 더불어 ZOTAC사 제품으로 A/S 걱정에서 자유로울 수 있으며, 구매 후 14일 이내 제품 등록 시 무상 3년 보증에 추가로 2년 확대보증 서비스를 제공하여 오래도록 사용할 수 있습니다. 화이트 색상 제품으로 화이트 감성 PC 구성에 제격입니다.SSD는 최대읽기속도 7,300MB/s 최대쓰기속도 6,600MB/s를 자랑하는 최상위권 PCIe 4.0 SSD인 SN850X입니다. WD BLACK SSD 대시보드를 통해 게임모드 이용 시 SSD의 저전력모드를 비활성화시켜 최고의 퍼포먼스를 발휘할 수 있습니다.케이스는 많은 소비자들로부터 꾸준한 사랑을 받고있는 DLX 21 MESH입니다. 140mm 전면팬 3개와 140mm 후면팬 1개 기본구성에 상단 3열 수랭쿨러 호환도 문제없으며 호환길이 CPU공랭쿨러 180mm / 그래픽카드 400mm의 뛰어난 호환성도 장점입니다.파워서플라이는 고주파 증상에도 원활한 A/S가 가능한 강력한 이점을 지닌 SuperFlower 사의 850W 골드 풀모듈러 제품입니다. RTX 4000번대 그래픽카드에 대응해서 12VHPWR 케이블도 포함되어있어 깔끔한 선정리가 가능하며 화이트 제품으로 화이트감성 PC와 잘 어울립니다.CPU쿨러는 듀얼타워공랭쿨러 라인업에 혜성처럼 등장하여 뛰어난 쿨링성능을 자랑하는 Z06D입니다. 높이가 158mm로 대부분의 케이스에 문제없이 호환가능하며 합리적인 가격과 5년의 보증기간을 보장하는 제품입니다.소프트웨어는 처음사용자용 제품이라 추후 PC를 바꾸시더라도 다시 윈도우를 구매하실 필요 없이 기존 시리얼키로 인증하신 뒤 재사용이 가능합니다. 단, 시리얼키 하나 당 PC 1대만 사용이 가능한 점은 동일합니다.",
    "quote_feedback": "RTX 4080 단종으로 인해 ﻿24.02.01 부로 견적서 구성 그래픽카드가 RTX 4080 SUPER로 변경되었습니다.의뢰자님께서 호환성 문제 없게 견적 구성 잘해주셨습니다.다만 게이밍 비중이 높으시다면 7800X3D 구성을 고려해보시면 좋을 것 같습니다."
}