{
    "quote_number": "1618",
    "quote_title": "100만원 오버워치2 라이젠 5600 + RX 7600 FHD 게이밍 컴퓨터 견적",
    "date_create": "2024.1.9",
    "cpu_gpu_combinations": "라이젠5 5600 + RX 7600 조합",
    "quotation_summary": " 라이젠 5600 / RX 7600 / RAM 16GB / SSD 1TB# FHD 게이밍# 오버워치2",
    "quote_person_introduction": "안녕하세요. 로카프입니다.우리 주변에는 아직 컴퓨터 견적구성을 어떻게 할 지 몰라 고민에 빠지는 분들이 많이 계십니다.성능은 괜찮을까? 고장은 나지 않을까? 가격은 괜찮은건가? 이런 고민들을 한 번쯤은 해보셨을 겁니다.용도에 알맞는 성능과 합리적인 가격, 최우선으로 안정성과 신뢰도 높은 부품들로 구성된 견적을 추천해드리겠습니다.컴퓨터를 처음 알아보시는 분들의 입장에서 생각하고 견적을 구성해드리는 견적맨이 되겠습니다.",
    "quotations_quotations_description": "[CPU]AMD 라이젠5-4세대 5600 (버미어) (멀티팩(정품))상세보기[메인보드]ASUS PRIME B550M-A 대원CTS상세보기[메모리]삼성전자 DDR4-3200 (8GB) PC4-25600 x 2 개상세보기[그래픽카드]SAPPHIRE 라데온 RX 7600 PULSE OC D6 8GB상세보기[SSD]SK하이닉스 Gold P31 M2 NVMe (1TB)상세보기[케이스]DAVEN D4 MESH BLACK (미들타워)상세보기[파워서플라이]SuperFlower SF-600R12ST MEGA 80PLUS STANDARD 230V EU상세보기[CPU쿨러]PCCOOLER PALADIN 400상세보기[조립PC관련][견적왕] 조립 서비스 + 1년 출장 A/S상세보기CPU는 6코어 12쓰레드 구조로 A520 메인보드와 싱글타워공랭쿨러 구성만으로도 쾌적하게 작동합니다. 또한 출시때부터 초가성비 견적을 구성할 때 많이 추천되고 있는 라이젠 5600입니다.메인보드는 B550 보드 중에서 가격적으로 큰 부담이 없으며, 5600/5600X를 충분히 뒷받침해줄 수 있는 전원부 구성을 가진 메인보드입니다. 또한, B550 칩셋이므로 PCIe 4.0을 지원하고 있습니다.메모리는 신뢰성이 높고 불량률이 낮은 삼성 DDR4 메모리입니다. 기본 표준클럭 3200클럭으로 동작해 따로 설정이 필요하지 않은 제품입니다.그래픽카드는 최고의 A/S서비스를 제공하는 것으로 잘 알려진 이엠텍에서 유통중인 사파이어 RX 7600입니다. HDMI 2.1 포트 1개와 DP 2.1 포트 3개가 제공되어 다중 모니터 구성하기 좋으며 제로팬 기능이 있어 GPU 온도가 52℃ 이하로 떨어지면 팬 회전을 멈춰 소음 수준을 낮게 유지합니다.SSD는 PCIe 3.0 방식의 SSD에서는 이견이 없는 최고의 SSD입니다. 성능이면 성능, 발열이면 발열 모두 최고입니다.케이스는 전면팬 3개와 후면팬 1개가 제공되며 기본팬 LED ON/OFF 기능이 제공되는 D4 MESH BLACK입니다. LED ON/OFF 기능이 있어 사용자의 취향에 맞춰 설정할 수 있는 장점이 있으며 CPU쿨러와 그래픽카드 호환성도 좋습니다.파워서플라이는 슈퍼플라워사의 무상보증기간 5년 600W 스탠다드 파워입니다. 구입 후 3개월 이내 제품 불량시 새제품 교체 가능하며, 6개월 이내 불량 시 왕복 택배비를 지원합니다. 1년 이내 불량 발생 시 빠른 교체가 필요한 경우 고객센터 문의를 통해 선출교 요청도 가능하겠습니다.CPU쿨러는 2~3만원대 쿨러 중 가성비가 뛰어난 제품으로, AM4소켓 CPU 구성시 발생할 수 있는 무뽑기 파손증상 방지키트가 구성품에 포함되어 있습니다.",
    "quote_feedback": "의뢰자님의 요청대로 카드가 100만원에 맞춰 견적을 구성해드렸습니다.크게 변경된 부분은 내장그래픽 구성에서 그래픽카드가 있는 구성으로 바뀌어 그래픽적인 성능향상이 큰 점.메모리는 무거운 작업을 하시거나 RAM사용량이 많은 게임을 하지 않으신다면 16GB로 충분합니다.SSD 저장용량은 1TB로 2배가 늘었습니다."
}