{
    "quote_number": "1659",
    "quote_title": "테스트",
    "date_create": "2023.6.19",
    "cpu_gpu_combinations": "#NAME?",
    "quotation_summary": " 테스트# 테스트",
    "quote_person_introduction": "견적맨 정보",
    "quotations_quotations_description": "[CPU쿨러]PentaWave Z06D (BLACK)상세보기[CPU]AMD 라이젠7-5세대 7800X3D (라파엘) (멀티팩(정품))상세보기[파워서플라이]SuperFlower SF-850F14HG LEADEX III GOLD BLACK (PCIE 5)상세보기[메인보드]ASRock B650 PG Lightning 대원씨티에스상세보기CPU쿨러는 테스트",
    "quote_feedback": "테스트"
}