{
    "quote_number": "1680",
    "quote_title": "160만원대 디아블로4 로스트아크 i5 13600KF + RTX 4060Ti FHD 게이밍 컴퓨터 견적",
    "date_create": "2024.2.23",
    "cpu_gpu_combinations": "코어i5-13600KF + RTX 4060 Ti 조합",
    "quotation_summary": " i5 13600KF / RTX 4060Ti / RAM 32GB / SSD 1TB# FHD 게이밍# 디아블로4# 로아# 배그",
    "quote_person_introduction": "안녕하세요. 로카프입니다.우리 주변에는 아직 컴퓨터 견적구성을 어떻게 할 지 몰라 고민에 빠지는 분들이 많이 계십니다.성능은 괜찮을까? 고장은 나지 않을까? 가격은 괜찮은건가? 이런 고민들을 한 번쯤은 해보셨을 겁니다.용도에 알맞는 성능과 합리적인 가격, 최우선으로 안정성과 신뢰도 높은 부품들로 구성된 견적을 추천해드리겠습니다.컴퓨터를 처음 알아보시는 분들의 입장에서 생각하고 견적을 구성해드리는 견적맨이 되겠습니다.",
    "quotations_quotations_description": "[CPU]인텔 코어i5-13세대 13600KF (랩터레이크) (정품)상세보기[메인보드]MSI MAG B760M 박격포 맥스 WIFI상세보기[메모리]TeamGroup DDR5-5600 CL46 Elite 서린 (16GB) x 2 개상세보기[그래픽카드]이엠텍 지포스 RTX 4060 Ti STORM X Dual OC D6 8GB상세보기[SSD]마이크론 Crucial T500 M.2 NVMe 대원씨티에스 (1TB)상세보기[케이스]DARKFLASH DK290 Air MESH RGB 강화유리 블랙 (미들타워)상세보기[파워서플라이]쿨러마스터 MWE 700 BRONZE V2 230V상세보기[CPU쿨러]PentaWave Z06D (BLACK)상세보기[조립PC관련][견적왕] 조립 서비스 + 1년 출장 A/S상세보기CPU는 듀얼타워공랭쿨러와 B760 메인보드 구성으로 사용이 가능한 13600KF입니다. 고성능을 발휘하는 P코어 6개 효율성 높은 E코어 8개로 이루어진 빅리틀 구조의 CPU이며 따라서 윈도우11 사용이 권장됩니다.메인보드는 900A급 드라이버모스펫 채용으로 전원부 성능이 매우 탁월하며 EZ 디버그 LED 기능 탑재로 컴퓨터 고장 발생시 대략적으로 고장부품을 구별해낼 수 있습니다. 또한, WIFI 제품으로 무선랜 기능과 블루투스 기능을 탑재한 것이 특징입니다.메모리는 라이프워런티정책으로 제품 단종 시까지 서비스 지원하는 팀그룹 JEDEC 표준 일반램입니다.그래픽카드는 이엠텍사의 4060Ti 입니다. PCIe 4.0 x8 인터페이스이기때문에 3.0 인터페이스 메인보드에 구성 시 성능저하가 발생합니다. 따라서 4.0 인터페이스를 지원하는 메인보드와 구성하시는 걸 권장합니다. 이엠텍사의 A/S는 많은 사용자들로부터 좋은 평가를 받고 있는 만큼 안심하고 사용할 수 있는 그래픽카드입니다.SSD는 최대읽기속도 7,300MB/s 최대쓰기속도 6,800MB/s를 자랑하는 최상위권 PCIe 4.0 SSD인 T500입니다. 보증기간 5년 제공하며 파이슨 컨트롤러가 적용되어 있습니다.케이스는 120mm팬 6개와 수직받침대형태의 그래픽카드지지대가 기본구성되어있는 DK290입니다. 제원 상 CPU쿨러 최대호환가능높이는 165mm이며 그래픽카드 최대호환가능길이는 340mm입니다. 상단의 LED 컨트롤 버튼으로 LED모드 및 기본팬 RPM 속도 조정이 가능합니다.파워서플라이는 700W 제품으로 시스템에 안정적으로 전원 공급가능한 용량이며, 쿨러마스터 제품 역시 A/S 정책이 좋습니다.CPU쿨러는 듀얼타워공랭쿨러 라인업에 혜성처럼 등장하여 뛰어난 쿨링성능을 자랑하는 Z06D입니다. 높이가 158mm로 대부분의 케이스에 문제없이 호환가능하며 합리적인 가격과 5년의 보증기간을 보장하는 제품입니다.",
    "quote_feedback": "호환성 문제없게 견적 구성해주셔서 그대로 구매하셔도 되겠습니다.약간만 수정 보탠다면WIFI 기능이 꼭 필요하신 것이 아니라면 그냥 박격포제품으로 구매하셔도 무방하며케이스는 기본팬 6개 제공, LED ON/OFF 스위치 역시 제공하면서 가격부담은 덜 수 있는 제품입니다."
}