{
    "quote_number": "1696",
    "quote_title": "80만원대 거상 롤 오버워치 라이젠 5600 + RX 6600 FHD 게이밍 컴퓨터 견적",
    "date_create": "2024.1.9",
    "cpu_gpu_combinations": "라이젠5 5600 + RX 6600 조합",
    "quotation_summary": " 라이젠 5600 / RX 6600 / RAM 32GB / SSD 1TB# FHD 게이밍# 거상# 오버워치# 롤",
    "quote_person_introduction": "안녕하세요. 로카프입니다.우리 주변에는 아직 컴퓨터 견적구성을 어떻게 할 지 몰라 고민에 빠지는 분들이 많이 계십니다.성능은 괜찮을까? 고장은 나지 않을까? 가격은 괜찮은건가? 이런 고민들을 한 번쯤은 해보셨을 겁니다.용도에 알맞는 성능과 합리적인 가격, 최우선으로 안정성과 신뢰도 높은 부품들로 구성된 견적을 추천해드리겠습니다.컴퓨터를 처음 알아보시는 분들의 입장에서 생각하고 견적을 구성해드리는 견적맨이 되겠습니다.",
    "quotations_quotations_description": "[CPU]AMD 라이젠5-4세대 5600 (버미어) (멀티팩(정품))상세보기[메인보드]ASUS PRIME B550M-A 대원CTS상세보기[메모리]삼성전자 DDR4-3200 (16GB) PC4-25600 x 2 개상세보기[그래픽카드]ASRock 라데온 RX 6600 CHALLENGER D D6 8GB 대원씨티에스상세보기[SSD]삼성전자 970 EVO Plus M.2 2280 (1TB)상세보기[케이스]마이크로닉스 EM1-Woofer 강화유리 화이트 (미니타워)상세보기[파워서플라이]SuperFlower SF-600R12ST MEGA 80PLUS STANDARD 230V EU상세보기[CPU쿨러]PCCOOLER PALADIN 400상세보기[조립PC관련][견적왕] 조립 서비스 + 1년 출장 A/S상세보기CPU는 6코어 12쓰레드 구조로 A520 메인보드와 싱글타워공랭쿨러 구성만으로도 쾌적하게 작동합니다. 또한 출시때부터 초가성비 견적을 구성할 때 많이 추천되고 있는 라이젠 5600입니다.메인보드는 B550 보드 중에서 가격적으로 큰 부담이 없으며, 5600/5600X를 충분히 뒷받침해줄 수 있는 전원부 구성을 가진 메인보드입니다. 또한, B550 칩셋이므로 PCIe 4.0을 지원하고 있습니다.메모리는 신뢰성이 높고 불량률이 낮은 삼성 DDR4 메모리입니다. 기본 표준클럭 3200클럭으로 동작해 따로 설정이 필요하지 않은 제품입니다.그래픽카드는 FHD 게이밍 시 가성비가 매우 좋은 RX 6600입니다. HDMI 2.1 포트 1개와 DP 1.4 포트 3개가 제공되어 다중 모니터 구성하기 좋으며 제로팬 기능이 있어 부하가 낮아질 경우 팬 회전을 멈춰 소음 수준을 낮게 유지합니다. 권장파워용량 500W 이상으로 파워용량 부담도 적습니다.SSD는 PCIe 3.0 규격 제품 가운데 전통의 강자인 삼성 970 EVO Plus입니다. 해당 규격 제품 가운데 탑급의 성능을 발휘하며 안정성과 신뢰성이 매우 높은 제품입니다.케이스는 스피커 유닛 중 하나인 우퍼를 닮은 독특한 형상의 케이스인 EM1-Woofer입니다. 미니타워 케이스로 전면 160mm 팬, 후면 120mm 팬을 각각 1개씩 기본제공하며 그래픽카드는 최대길이 320mm / CPU쿨러는 최대높이 160mm까지 지원합니다. LED ON/OFF 버튼이 있어 사용자 선택에 따라 케이스팬 LED를 켜고 끌 수 있습니다.파워서플라이는 슈퍼플라워사의 무상보증기간 5년 600W 스탠다드 파워입니다. 구입 후 3개월 이내 제품 불량시 새제품 교체 가능하며, 6개월 이내 불량 시 왕복 택배비를 지원합니다. 1년 이내 불량 발생 시 빠른 교체가 필요한 경우 고객센터 문의를 통해 선출교 요청도 가능하겠습니다.CPU쿨러는 2~3만원대 쿨러 중 가성비가 뛰어난 제품으로, AM4소켓 CPU 구성시 발생할 수 있는 무뽑기 파손증상 방지키트가 구성품에 포함되어 있습니다.",
    "quote_feedback": "약간의 금액상승이 있지만 성능을 좀 더 챙겨 견적을 재구성해봤습니다.메인보드는 PCIe 4.0 그래픽카드 슬롯을 지원하는 B550칩셋 메인보드로 구성했습니다.파워는 600W 용량으로 구성하셔도 충분하겠으며 CPU쿨러 역시 싱글타워공랭쿨러로 충분하겠습니다.마지막으로 현재 RX 6500XT와 RX 6600의 가격차이가 적어 RX 6600을 선택하여 좀 더 높은 성능을 챙겨봤습니다."
}