{
    "quote_number": "1747",
    "quote_title": "190만원 3D 지브러쉬 작업 배그 i5 13600K + RTX 4060Ti 윈도우포함 FHD 게이밍 컴퓨터 견적",
    "date_create": "2024.3.6",
    "cpu_gpu_combinations": "코어i7-13600K + RTX 4060 Ti 조합",
    "quotation_summary": " i5 13600K / RTX 4060Ti / RAM 32GB / SSD 1TB / 윈도우포함# 3D# 지브러쉬# 작업용# 배그# FHD 게이밍",
    "quote_person_introduction": "안녕하세요. 로카프입니다.우리 주변에는 아직 컴퓨터 견적구성을 어떻게 할 지 몰라 고민에 빠지는 분들이 많이 계십니다.성능은 괜찮을까? 고장은 나지 않을까? 가격은 괜찮은건가? 이런 고민들을 한 번쯤은 해보셨을 겁니다.용도에 알맞는 성능과 합리적인 가격, 최우선으로 안정성과 신뢰도 높은 부품들로 구성된 견적을 추천해드리겠습니다.컴퓨터를 처음 알아보시는 분들의 입장에서 생각하고 견적을 구성해드리는 견적맨이 되겠습니다.",
    "quotations_quotations_description": "[CPU]인텔 코어i5-13세대 13600K (랩터레이크) (정품)상세보기[메인보드]MSI MAG B760M 박격포 II상세보기[메모리]TeamGroup DDR5-5600 CL46 Elite 서린 (16GB) x 2 개상세보기[그래픽카드]ZOTAC GAMING 지포스 RTX 4060 Ti TWIN Edge D6 8GB상세보기[SSD]마이크론 Crucial T500 M.2 NVMe 대원씨티에스 (1TB)상세보기[케이스]DARKFLASH DF2100 MESH RGB 강화유리 화이트 (미들타워)상세보기[파워서플라이]topower Guardian TOP-700DG Single Rail 80PLUS BRONZE WHITE상세보기[CPU쿨러]JONSBO TG-360 ARGB (WHITE)상세보기[소프트웨어]Microsoft Windows 11 Home (처음사용자용 한글)상세보기[조립PC관련][견적왕] 조립 서비스 + 1년 출장 A/S상세보기[조립PC관련]수랭 쿨러 조립 추가 비용상세보기CPU는 듀얼타워공랭쿨러와 B760 메인보드 구성으로 사용이 가능한 13600K입니다. 고성능을 발휘하는 P코어 6개 효율성 높은 E코어 8개로 이루어진 빅리틀 구조의 CPU이며 따라서 윈도우11 사용이 권장됩니다. 또한 내장그래픽이 탑재된 제품으로 퀵싱크 기능 활용이 가능합니다.메인보드는 인텔 i5 CPU와 구성하기 좋은 B760칩셋을 사용한 메인보드입니다. DDR5 지원 메인보드로 900A급 드라이버모스펫 채용으로 전원부 성능이 매우 탁월하며 EZ 디버그 LED 기능 탑재로 컴퓨터 고장 발생시 대략적으로 고장부품을 구별해낼 수 있습니다.메모리는 라이프워런티정책으로 제품 단종 시까지 서비스 지원하는 팀그룹 JEDEC 표준 일반램입니다.그래픽카드는 ZOTAC사의 4060Ti 입니다. PCIe 4.0 x8 인터페이스이기때문에 3.0 인터페이스 메인보드에 구성 시 성능저하가 발생합니다. 따라서 4.0 인터페이스를 지원하는 메인보드와 구성하시는 걸 권장합니다. ZOTAC사 제품으로 A/S 걱정에서 자유로울 수 있으며, 구매 후 14일 이내 제품 등록 시 무상 3년 보증에 추가로 2년 확대보증 서비스를 제공하여 오래도록 사용할 수 있습니다.SSD는 최대읽기속도 7,300MB/s 최대쓰기속도 6,800MB/s를 자랑하는 최상위권 PCIe 4.0 SSD인 T500입니다. 보증기간 5년 제공하며 파이슨 컨트롤러가 적용되어 있습니다.케이스는 23년 5월에 새로 출시된 DF2100입니다. 그래픽카드 최대 400mm, CPU쿨러 최대 165mm까지 호환가능한 넉넉한 사이즈로 전면 140mm 팬 3개와 후면 120mm 팬 1개가 기본 구성되어있습니다. 좌측면은 스윙도어 타입 강화유리 패널이 적용되어 내부 관리가 편하며 쿨링팬 LED ON/OFF 스위치가 있어 사용자의 취향에 맞춰 켜고 끌 수 있습니다.파워서플라이는 topower사의 700W 브론즈등급 화이트색상 제품입니다. A/S보증기간 7년을 제공하고 화이트 색상 제품이라 화이트감성 PC에 알맞는 제품입니다.CPU쿨러는 3열 일체형 수랭쿨러로 히든 케이블 시스템을 통해 외부 케이블 노출 없이 각각의 팬 쿨러간 직접 연결되어 깔끔한 외관으로 완성할 수 있는 제품입니다. 메인보드에 하나의 PWM 및 ARGB 케이블 연결을 통해 모든 팬을 간편하게 제어할 수 있습니다. 5년의 보증기간(쿨링팬 3년)과 누수보증이 되는 제품으로 안심하고 사용가능한 제품입니다.소프트웨어는 처음사용자용 제품이라 추후 PC를 바꾸시더라도 다시 윈도우를 구매하실 필요 없이 기존 시리얼키로 인증하신 뒤 재사용이 가능합니다. 단, 시리얼키 하나 당 PC 1대만 사용이 가능한 점은 동일합니다.",
    "quote_feedback": "구성해오신 견적도 호환문제 없이 부품 선택해주셔서 그대로 구매하셔도 좋습니다."
}