{
    "quote_number": "1767",
    "quote_title": "130만원대 롤 풀옵 디아블로4 로아 배그 라이젠 7600 + RTX 4060Ti FHD 게이밍 컴퓨터 견적",
    "date_create": "2024.3.5",
    "cpu_gpu_combinations": "라이젠5 7600 + RTX 4060 Ti 조합",
    "quotation_summary": " 라이젠 7600 / RTX 4060Ti / RAM 32GB / SSD 1TB# FHD 게이밍# 롤 풀옵# 스팀게임# 디아4",
    "quote_person_introduction": "안녕하세요. 로카프입니다.우리 주변에는 아직 컴퓨터 견적구성을 어떻게 할 지 몰라 고민에 빠지는 분들이 많이 계십니다.성능은 괜찮을까? 고장은 나지 않을까? 가격은 괜찮은건가? 이런 고민들을 한 번쯤은 해보셨을 겁니다.용도에 알맞는 성능과 합리적인 가격, 최우선으로 안정성과 신뢰도 높은 부품들로 구성된 견적을 추천해드리겠습니다.컴퓨터를 처음 알아보시는 분들의 입장에서 생각하고 견적을 구성해드리는 견적맨이 되겠습니다.",
    "quotations_quotations_description": "[CPU]AMD 라이젠5-5세대 7600 (라파엘) (멀티팩(정품))상세보기[메인보드]GIGABYTE B650M AORUS ELITE AX ICE 피씨디렉트상세보기[메모리]TeamGroup DDR5-5600 CL46 Elite 서린 (16GB) x 2 개상세보기[그래픽카드]ZOTAC GAMING 지포스 RTX 4060 Ti TWIN Edge D6 8GB상세보기[SSD]마이크론 Crucial T500 M.2 NVMe 대원씨티에스 (1TB)상세보기[케이스]DAVEN D6 MESH 강화유리 화이트 (미들타워)상세보기[파워서플라이]SuperFlower SF-600R12ST MEGA 80PLUS STANDARD 230V EU상세보기[CPU쿨러]DARKFLASH Ellsworth S21 (화이트)상세보기[조립PC관련][견적왕] 조립 서비스 + 1년 출장 A/S상세보기CPU는 6코어 12쓰레드 구조로 A620 메인보드와 싱글타워공랭쿨러 구성만으로도 쾌적하게 작동하여 가성비 있게 견적을 구성할 때 많이 추천되고 있는 라이젠 7600입니다.메인보드는 720A급의 전원부성능을 가졌으며 WIFI와 블루투스기능을 탑재한 B650칩셋의 제품입니다. 전체적으로 전원부 방열판과 M.2 SSD 방열판이 잘 구성되어있으며 기판까지 화이트색상이 적용된 디자인을 가지고있습니다.메모리는 라이프워런티정책으로 제품 단종 시까지 서비스 지원하는 팀그룹 JEDEC 표준 일반램입니다.그래픽카드는 ZOTAC사의 4060Ti 입니다. PCIe 4.0 x8 인터페이스이기때문에 3.0 인터페이스 메인보드에 구성 시 성능저하가 발생합니다. 따라서 4.0 인터페이스를 지원하는 메인보드와 구성하시는 걸 권장합니다. ZOTAC사 제품으로 A/S 걱정에서 자유로울 수 있으며, 구매 후 14일 이내 제품 등록 시 무상 3년 보증에 추가로 2년 확대보증 서비스를 제공하여 오래도록 사용할 수 있습니다.SSD는 최대읽기속도 7,300MB/s 최대쓰기속도 6,800MB/s를 자랑하는 최상위권 PCIe 4.0 SSD인 T500입니다. 보증기간 5년 제공하며 파이슨 컨트롤러가 적용되어 있습니다.케이스는 기본팬 6개를 제공하며 CPU쿨러 최대 173mm, 그래픽카드 최대 330mm까지 지원가능한 D6 MESH 제품입니다. 케이스 LED 제어 스위치가 있어 사용자의 취향에 맞춰 RGB를 켜고 끌 수 있으며 상단 280mm 수랭쿨러까지 구성가능합니다. 화이트색상 제품으로 화이트감성 PC 구성에 알맞습니다.파워서플라이는 슈퍼플라워사의 무상보증기간 5년 600W 스탠다드 파워입니다. 구입 후 3개월 이내 제품 불량시 새제품 교체 가능하며, 6개월 이내 불량 시 왕복 택배비를 지원합니다. 1년 이내 불량 발생 시 빠른 교체가 필요한 경우 고객센터 문의를 통해 선출교 요청도 가능하겠습니다.CPU쿨러는 2~3만원대 쿨러 중 가성비가 뛰어난 제품으로, AM4소켓 CPU 구성시 발생할 수 있는 무뽑기 파손증상 방지키트가 구성품에 포함되어 있습니다. 화이트 색상으로 화이트 감성 PC와도 잘 어울립니다.",
    "quote_feedback": "메모리는라이프워런티정책으로 A/S정책이 좋은 제품 구성 추천드립니다.그래픽카드는 금액차이가 적어 RTX 4060Ti를 보셔도 좋겠습니다.케이스는 기본팬 6개 제공하며 LED ON/OFF 스위치가 있어 사용자 선택에 따라 켜고 끌 수 있습니다.파워는 600W 용량으로도 충분하겠습니다."
}