{
    "quote_number": "1788",
    "quote_title": "500만원 스테이블 디퓨전 그림 AI 인공지능 라이젠 7950X + RTX 4090 작업용 컴퓨터 견적",
    "date_create": "2024.3.27",
    "cpu_gpu_combinations": "라이젠9 7950X + RTX 4090 조합",
    "quotation_summary": " 라이젠 7950X / RTX 4090 / RAM 64GB / SSD 2TB# 스테이블 디퓨전# 그림# AI# 인공지능# 작업용# AVX-512 명령어 지원",
    "quote_person_introduction": "안녕하세요. 로카프입니다.우리 주변에는 아직 컴퓨터 견적구성을 어떻게 할 지 몰라 고민에 빠지는 분들이 많이 계십니다.성능은 괜찮을까? 고장은 나지 않을까? 가격은 괜찮은건가? 이런 고민들을 한 번쯤은 해보셨을 겁니다.용도에 알맞는 성능과 합리적인 가격, 최우선으로 안정성과 신뢰도 높은 부품들로 구성된 견적을 추천해드리겠습니다.컴퓨터를 처음 알아보시는 분들의 입장에서 생각하고 견적을 구성해드리는 견적맨이 되겠습니다.",
    "quotations_quotations_description": "[CPU]AMD 라이젠9-5세대 7950X (라파엘) (멀티팩(정품))상세보기[메인보드]ASRock B650 PG Lightning 대원씨티에스상세보기[메모리]TeamGroup DDR5-4800 CL40 Elite 서린 (32GB) x 2 개상세보기[그래픽카드]GIGABYTE 지포스 RTX 4090 Gaming OC D6X 24GB 제이씨현상세보기[SSD]Western Digital WD BLACK SN850X M.2 NVMe (2TB)상세보기[케이스]DARKFLASH DLX21 RGB MESH 강화유리 블랙 (미들타워)상세보기[파워서플라이]SuperFlower SF-1000F14PE LEADEX VI PRO PLATINUM BLACK (PCIE 5)상세보기[CPU쿨러]DARKFLASH NEBULA DN-360 ARGB (블랙)상세보기[조립PC관련][견적왕] 조립 서비스 + 1년 출장 A/S상세보기[조립PC관련]수랭 쿨러 조립 추가 비용상세보기CPU는 16코어 32쓰레드 구조로 많은 코어수를 활용하여 뛰어난 작업 성능을 발휘하는 라이젠 7950X입니다. 또한 AVX-512 명령어를 지원해 복잡하고 많은 연산이 요구되는 금융 분석, 시뮬레이션, 모델링과 같은 고성능 컴퓨팅/딥러닝 연산 영역에서 더욱 뛰어납니다.메인보드는 840A급 드라이버모스펫 채용으로 전원부 성능이 매우 뛰어나 라이젠 7000시리즈 어떤 CPU와도 구성 할 수 있는 제품입니다. 또한, ATX 사이즈 메인보드로 확장성 역시 매우 좋습니다.메모리는 TeamGroup 제품으로 라이프워런티정책덕분에 A/S 걱정을 덜 수 있으며 32GB 고용량 제품입니다.그래픽카드는 RTX 4000번대 최상위 제품인 RTX 4090입니다. GIGABYTE 그래픽카드는 구입 후 30일 이내 홈페이지 등록 시 3년무상보증에 1년을 더 연장하여 총 4년의 무상 서비스를 제공합니다.SSD는 최대읽기속도 7,300MB/s 최대쓰기속도 6,600MB/s를 자랑하는 최상위권 PCIe 4.0 SSD인 SN850X입니다. WD BLACK SSD 대시보드를 통해 게임모드 이용 시 SSD의 저전력모드를 비활성화시켜 최고의 퍼포먼스를 발휘할 수 있습니다.케이스는 많은 소비자들로부터 꾸준한 사랑을 받고있는 DLX 21 MESH입니다. 140mm 전면팬 3개와 140mm 후면팬 1개 기본구성에 상단 3열 수랭쿨러 호환도 문제없으며 호환길이 CPU공랭쿨러 180mm / 그래픽카드 400mm의 뛰어난 호환성도 장점입니다.파워서플라이는 RTX 4090의 권장파워용량 1000W를 충족하는 플래티넘등급의 슈퍼플라워 제품입니다. 12VHPWR 커넥터를 지원하며 고주파 증상에도 원활한 A/S를 받을 수 있을만큼 정책이 매우 좋습니다.CPU쿨러는 3열 일체형 수랭쿨러로 워터블록은 구리 베이스로 제작되어 탁월한 열 전도성을 자랑하며 5년의 보증기간(쿨링팬 3년)과 누수보증이 되는 제품으로 안심하고 사용가능한 제품입니다.",
    "quote_feedback": "스테이블 디퓨전이면 그림 인공지능 소프트웨어네요.GPU 연산이 주가 되겠지만 CPU도 16코어 32쓰레드 구성의AVX-512 명령어를 지원해 시뮬레이션, 모델링 등에서 유리한 7950X로 선택했습니다.메모리는 32GB 2장으로 총 64GB로 좀 더 용량 높여드렸으며그래픽카드는 가장 고가의 부품인만큼 A/S 퀄리티가 좋은 이엠텍, 조텍, 갤럭시, inno3D 제품 구성 추천드립니다.SSD는 좀 더 고성능의 스펙을 지닌 제품 선택했으며파워는 그래픽카드 권장파워용량 1000W를 충족하는 제품입니다.CPU쿨러는 가성비 좋은 3열수랭쿨러로 마무리했습니다."
}