{
    "quote_number": "1835",
    "quote_title": "3-1. 2023년 9월 월간견적 가성비 게이밍 (5600 + GTX 1660 S)",
    "date_create": "2024.3.8",
    "cpu_gpu_combinations": "라이젠5 5600 + GTX 1660 SUPER 조합",
    "quotation_summary": " # 가성비 게이밍# FHD 가성비 게이밍# FHD 게이밍# 롤# 발로란트# 배그# P의 거짓",
    "quote_person_introduction": "안녕하세요! 견적왕 견적맨 총괄 매니저 로비오트입니다!퀘이사존 유저랭킹 1등을 계속해서 유지하고 있고견적게시판에서만 주로 활동하는 유저로그 누구보다 제품의 장단점, 성능적인 파악을 정확하게 하고 있습니다.물건을 판매하려는 견적이 아닌 실질적인 소비자 기준으로 구성을 하고 있으며기본적으로 A/S가 좋지 않은 곳은 걸러서 구성하고 있습니다.또한 블랙컨슈머로 인한 A/S이슈는 고려하지도듣지도 보지도 않고 있으니 이런 부분도 걸러 듣고 견적을 작성하고 있습니다!",
    "quotations_quotations_description": "[CPU]AMD 라이젠5-4세대 5600 (버미어) (멀티팩(정품))상세보기[메인보드]MSI A520M-A PRO상세보기[메모리]마이크론 Crucial DDR4 8G PC4-25600 CL22 x 2 개상세보기[그래픽카드]ARKTEK 지포스 GTX 1660 SUPER D6 6GB상세보기[SSD]SK하이닉스 GOLD P31 M2 NVMe (500GB)상세보기[케이스]DAVEN D6 MESH 강화유리 블랙 (미들타워)상세보기[파워서플라이]FSP HYPER K PRO 600W 80PLUS Standard 230V EU상세보기[CPU쿨러]잘만 CNPS9X PERFORMA (BLACK)상세보기[조립PC관련][견적왕] 조립 서비스 + 1년 출장 A/S상세보기CPU는 가성비의 6코어 CPU!\n게이밍용으론 아직도 극한의 갓성비!메인보드는 5600 한정 가성비 메인보드!\nAS는 걸리지만 가심비는 최고!메모리는 라이프 워런티 지원!\n수율 좋은 DDR4 메모리!그래픽카드는 가성비 좋은 GTX 1660 SUPER!\nSTOCM 유통으로 AS 퀄리티 무난~SSD는 이천 특산물! SK 하이닉스!\nPCIe 3.0의 끝판왕!케이스는 LED On/Off가 가능한 가성비 케이스!파워서플라이는 FPS 가성비 파워!\n동급 기준 최고의 선택지!CPU쿨러는 가성비 좋은 공냉쿨러!\n인텔은 13400F까지, 라이젠은 7600까지!",
    "quote_feedback": "2023년 09월 월간 견적"
}