{
    "quote_number": "1842",
    "quote_title": "5-2. 2023년 09월 월간견적 FHD 최상급 / QHD 극 가성비 (13400F + RTX 4060 Ti)",
    "date_create": "2024.3.4",
    "cpu_gpu_combinations": "코어i5-13400F + RTX 4060 Ti 조합",
    "quotation_summary": " # FHD 풀옵션 게이밍# 스팀 게임# AAA급 게이밍# RTX 4060 Ti 게이밍# 배그 풀옵# 로아 풀옵# 디아4 풀옵# 스타필드 권장사양",
    "quote_person_introduction": "안녕하세요! 견적왕 견적맨 총괄 매니저 로비오트입니다!퀘이사존 유저랭킹 1등을 계속해서 유지하고 있고견적게시판에서만 주로 활동하는 유저로그 누구보다 제품의 장단점, 성능적인 파악을 정확하게 하고 있습니다.물건을 판매하려는 견적이 아닌 실질적인 소비자 기준으로 구성을 하고 있으며기본적으로 A/S가 좋지 않은 곳은 걸러서 구성하고 있습니다.또한 블랙컨슈머로 인한 A/S이슈는 고려하지도듣지도 보지도 않고 있으니 이런 부분도 걸러 듣고 견적을 작성하고 있습니다!",
    "quotations_quotations_description": "[CPU]인텔 코어i5-13세대 13400F (랩터레이크) (정품)상세보기[메인보드]ASRock B760M PG LIGHTNING D5 에즈윈상세보기[메모리]ADATA DDR5-5600 CL46-45-45 (16GB) x 2 개상세보기[그래픽카드]ZOTAC GAMING 지포스 RTX 4060 Ti TWIN Edge D6 8GB상세보기[SSD]SK하이닉스 Gold P31 M2 NVMe (1TB)상세보기[케이스]DARKFLASH DK1000 MESH 강화유리 블랙 (미들타워)상세보기[파워서플라이]FSP HYPER K PRO 600W 80PLUS Standard 230V EU상세보기[CPU쿨러]잘만 CNPS9X PERFORMA (BLACK)상세보기[조립PC관련][견적왕] 조립 서비스 + 1년 출장 A/S상세보기CPU는 인텔 13세대 i5 CPU!\nE코어가 추가된 가성비 멀티 성능 CPU!메인보드는 13500까지 커버 가능한 DDR5 기준 가성비 메인보드!\n에즈윈 유통으로 AS 정책도 매우 좋음!메모리는 하이닉스 선별 IC 제품!\n인식률 좋고 제품 안정성도 좋고!그래픽카드는 RTX 3060 Ti 대비 큰 성능차이는 없으나\n더욱 뛰어난 전성비!SSD는 이천 특산물! SK 하이닉스!\nPCIe 3.0의 끝판왕!케이스는 기본팬 풍속 조절 가능!\n그래픽카드 지지대까지 무료 증정!파워서플라이는 FPS 가성비 파워!\n동급 기준 최고의 선택지!CPU쿨러는 가성비 좋은 공냉쿨러!\n인텔은 13400F까지, 라이젠은 7600까지!",
    "quote_feedback": "2023년 09월 월간견적"
}