{
    "quote_number": "1907",
    "quote_title": "2023년 11월 월간견적 - FHD 최상급 게이밍 (AMD)",
    "date_create": "2024.3.4",
    "cpu_gpu_combinations": "라이젠5 7500F + RTX 4060 Ti 조합",
    "quotation_summary": " # FHD 최상급 게이밍# FHD 게이밍# 로아# 디아4# 배그# AAA게임# 풀옵션# 월간견적# 추천견적",
    "quote_person_introduction": "안녕하세요! 견적왕 견적맨 총괄 매니저 로비오트입니다!퀘이사존 유저랭킹 1등을 계속해서 유지하고 있고견적게시판에서만 주로 활동하는 유저로그 누구보다 제품의 장단점, 성능적인 파악을 정확하게 하고 있습니다.물건을 판매하려는 견적이 아닌 실질적인 소비자 기준으로 구성을 하고 있으며기본적으로 A/S가 좋지 않은 곳은 걸러서 구성하고 있습니다.또한 블랙컨슈머로 인한 A/S이슈는 고려하지도듣지도 보지도 않고 있으니 이런 부분도 걸러 듣고 견적을 작성하고 있습니다!",
    "quotations_quotations_description": "[CPU]AMD 라이젠5-5세대 7500F (라파엘) (멀티팩(정품))상세보기[메인보드]ASRock A620M-HDV/M.2+ 에즈윈상세보기[메모리]ADATA DDR5-5600 CL46-45-45 (16GB) x 2 개상세보기[그래픽카드]ZOTAC GAMING 지포스 RTX 4060 Ti TWIN Edge D6 8GB상세보기[SSD]Western Digital WD BLACK SN850X M.2 NVMe (1TB)상세보기[케이스]DAVEN D6 MESH 강화유리 블랙 (미들타워)상세보기[파워서플라이]SuperFlower SF-600R12ST MEGA 80PLUS STANDARD 230V EU상세보기[CPU쿨러]잘만 CNPS9X PERFORMA (BLACK)상세보기[쿨러.튜닝.조명.액세서리]케이엘시스템 KLcom M.2 2280 방열판 (BLACK)상세보기[조립PC관련][견적왕] 조립 서비스 + 1년 출장 A/S상세보기CPU는 7600 이랑 2-3% 성능차이\n거의 동급 수준의 가성비 게이밍 CPU!메인보드는 7900까지 충분히 커버 가능한 탄탄한 전원부!\nA620에서 M.2 3장을 사용 할 수 있는 갓성비!메모리는 하이닉스 선별 IC 제품!\n인식률 좋고 제품 안정성도 좋고!그래픽카드는 RTX 3060 Ti 대비 큰 성능차이는 없으나\n더욱 뛰어난 전성비!SSD는 PCie 4.0 기반 가장 빠른 SSD!\n믿음의 WD 제품!케이스는 LED On/Off가 가능한 가성비 케이스!파워서플라이는 CWT OEM 제품!\n고주파 무한 교체 AS의 슈퍼플라워!CPU쿨러는 가성비 좋은 공냉쿨러!\n인텔은 13400F까지, 라이젠은 7600까지!",
    "quote_feedback": "2023년 11월 월간견적 - FHD 최상급 게이밍 (AMD)"
}