{
    "quote_number": "1911",
    "quote_title": "2023년 11월 월간견적 - QHD 가성비 게이밍 (AMD + RX 7800XT)",
    "date_create": "2024.3.4",
    "cpu_gpu_combinations": "라이젠5 7500F + RX 7800 XT 조합",
    "quotation_summary": " # QHD 게이밍# QHD 가성비 게이밍# RX 7800XT 게이밍# 월간견적# 추천견적# QHD AAA 게이밍",
    "quote_person_introduction": "안녕하세요! 견적왕 견적맨 총괄 매니저 로비오트입니다!퀘이사존 유저랭킹 1등을 계속해서 유지하고 있고견적게시판에서만 주로 활동하는 유저로그 누구보다 제품의 장단점, 성능적인 파악을 정확하게 하고 있습니다.물건을 판매하려는 견적이 아닌 실질적인 소비자 기준으로 구성을 하고 있으며기본적으로 A/S가 좋지 않은 곳은 걸러서 구성하고 있습니다.또한 블랙컨슈머로 인한 A/S이슈는 고려하지도듣지도 보지도 않고 있으니 이런 부분도 걸러 듣고 견적을 작성하고 있습니다!",
    "quotations_quotations_description": "[CPU]AMD 라이젠5-5세대 7500F (라파엘) (멀티팩(정품))상세보기[메인보드]ASRock B650M PG Lightning 에즈윈상세보기[메모리]TeamGroup DDR5-5600 CL46 Elite (16GB) x 2 개상세보기[그래픽카드]SAPPHIRE 라데온 RX 7800 XT PULSE D6 16GB상세보기[SSD]Western Digital WD BLACK SN850X M.2 NVMe (1TB)상세보기[케이스]DARKFLASH DK1000 MESH 강화유리 블랙 (미들타워)상세보기[파워서플라이]맥스엘리트 MAXELITE MAXWELL BARON 700W 80PLUS BRONZE 플랫상세보기[CPU쿨러]잘만 CNPS9X PERFORMA (BLACK)상세보기[조립PC관련][견적왕] 조립 서비스 + 1년 출장 A/S상세보기CPU는 7600 이랑 2-3% 성능차이\n거의 동급 수준의 가성비 게이밍 CPU!메인보드는 6페이즈 Dr.mos 300A 전원부!\n7800x3d까지 넉넉하게 커버!메모리는 하이닉스 칩셋 사용!~\n안정성 높은 DDR5 메모리!그래픽카드는 팬 깍는 장인 사파이어!\n이엠텍 유통! 신뢰의 AS!SSD는 PCie 4.0 기반 가장 빠른 SSD!\n믿음의 WD 제품!케이스는 기본팬 풍속 조절 가능!\n그래픽카드 지지대까지 무료 증정!파워서플라이는 700w 기준 가성비 좋은 브론즈 파워!CPU쿨러는 가성비 좋은 공냉쿨러!\n인텔은 13400F까지, 라이젠은 7600까지!",
    "quote_feedback": "2023년 11월 월간견적 - QHD 가성비 게이밍 (AMD + RX 7800XT)"
}