{
    "quote_number": "1950",
    "quote_title": "2023년 12월 월간견적 PC - QHD 상급 게이밍 (인텔)",
    "date_create": "2024.3.31",
    "cpu_gpu_combinations": "코어i5-13600KF + RTX 4080 SUPER 조합",
    "quotation_summary": " # QHD 최상위 게이밍# QHD 게이밍# 풀옵션 게이밍# 월간견적# 추천견적",
    "quote_person_introduction": "안녕하세요! 견적왕 견적맨 총괄 매니저 로비오트입니다!퀘이사존 유저랭킹 1등을 계속해서 유지하고 있고견적게시판에서만 주로 활동하는 유저로그 누구보다 제품의 장단점, 성능적인 파악을 정확하게 하고 있습니다.물건을 판매하려는 견적이 아닌 실질적인 소비자 기준으로 구성을 하고 있으며기본적으로 A/S가 좋지 않은 곳은 걸러서 구성하고 있습니다.또한 블랙컨슈머로 인한 A/S이슈는 고려하지도듣지도 보지도 않고 있으니 이런 부분도 걸러 듣고 견적을 작성하고 있습니다!",
    "quotations_quotations_description": "[CPU]인텔 코어i5-13세대 13600KF (랩터레이크) (정품)상세보기[메인보드]MSI MAG B760M 박격포 II상세보기[메모리]ESSENCORE KLEVV DDR5-5600 CL46 (16GB) x 2 개상세보기[그래픽카드]ZOTAC GAMING 지포스 RTX 4080 SUPER Trinity D6X 16GB Black상세보기[SSD]Western Digital WD BLACK SN850X M.2 NVMe (1TB)상세보기[케이스]DARKFLASH DLX21 RGB MESH 강화유리 블랙 (미들타워)상세보기[파워서플라이]SuperFlower SF-850F14HG LEADEX III GOLD BLACK (PCIE 5)상세보기[CPU쿨러]Thermalright Peerless Assassin 120 SE 서린상세보기[조립PC관련][견적왕] 조립 서비스 + 1년 출장 A/S상세보기CPU는 인텔 하이앤드 게이밍 CPU의 시작!\n4070 ti 이상은 13600K부터!메인보드는 박격포 리뉴얼 모델!메모리는 하이닉스 A다이 메모리\n인식률 호환성 안정성 굳!그래픽카드는 조텍만의 특별한 3+2 AS!\n4080 SUPER 기준 가성비 갓갓!SSD는 PCie 4.0 기반 가장 빠른 SSD!\n믿음의 WD 제품!케이스는 구관이 명관!\n베스트셀러 케이스!파워서플라이는 PCie 5.0 케이블 동봉!\n믿음 AS! 슈퍼플라워!",
    "quote_feedback": "2023년 12월 월간견적 PC - QHD 상급 게이밍 (인텔)"
}