{
    "quote_number": "1966",
    "quote_title": "180만원 롤 로아 스타 배그 옵치 어도비 i5 13500 + RTX 4060Ti 윈도우포함 게임 및 작업용 컴퓨터 견적",
    "date_create": "2024.3.15",
    "cpu_gpu_combinations": "코어i5-13500 + RTX 4060 Ti 조합",
    "quotation_summary": " i5 13500 / RTX 4060Ti / RAM 32GB / SSD 1TB + HDD 2TB / 윈도우포함# 윈도우포함# FHD 게이밍# 포토샵# 프리미어 프로# 로스트아크# 배틀그라운드# 오버워치# 롤",
    "quote_person_introduction": "안녕하세요. 로카프입니다.우리 주변에는 아직 컴퓨터 견적구성을 어떻게 할 지 몰라 고민에 빠지는 분들이 많이 계십니다.성능은 괜찮을까? 고장은 나지 않을까? 가격은 괜찮은건가? 이런 고민들을 한 번쯤은 해보셨을 겁니다.용도에 알맞는 성능과 합리적인 가격, 최우선으로 안정성과 신뢰도 높은 부품들로 구성된 견적을 추천해드리겠습니다.컴퓨터를 처음 알아보시는 분들의 입장에서 생각하고 견적을 구성해드리는 견적맨이 되겠습니다.",
    "quotations_quotations_description": "[CPU]인텔 코어i5-13세대 13500 (랩터레이크) (정품)상세보기[메인보드]ASRock B760M PG SONIC WiFi D5 에즈윈상세보기[메모리]ADATA DDR5-5600 CL46-45-45 (16GB) x 2 개상세보기[그래픽카드]ZOTAC GAMING 지포스 RTX 4060 Ti TWIN Edge D6 8GB상세보기[SSD]Western Digital WD BLACK SN850X M.2 NVMe (1TB)상세보기[데스크탑 HDD]Toshiba 2TB P300 HDWD120 (SATA3/7200/64M)상세보기[케이스]DAVEN KAISER AIR 강화유리 블랙 (미들타워)상세보기[파워서플라이]SuperFlower SF-600R12ST MEGA 80PLUS STANDARD 230V EU상세보기[CPU쿨러]Thermalright Peerless Assassin 120 SE ARGB 서린상세보기[소프트웨어]Microsoft Windows 11 Home (처음사용자용 한글)상세보기[조립PC관련][견적왕] 조립 서비스 + 1년 출장 A/S상세보기CPU는 고성능을 발휘하는 P코어 6개 효율성 높은 E코어 8개로 이루어진 빅리틀 구조의 CPU인 13500이며 따라서 윈도우11 사용이 권장됩니다. 12400F보다 보다 나은 멀티성능을 보여주며 내장그래픽 탑재 모델로 프리미어 프로 작업 시 퀵싱크 기능을 통해 작업능률 향상을 도모할 수 있습니다.메인보드는 B760M 스틸레전드 WIFI와 구성 거의 동일한 PG SONIC WIFI입니다. 방열판 색상이 대체적으로 화이트라 화이트감성 PC 구성 시에도 고려해볼만한 제품입니다.메모리는 라이프워런티정책으로 A/S정책 좋은 ADATA 5600클럭 JEDEC 표준 일반램입니다.그래픽카드는 ZOTAC사의 4060Ti 입니다. PCIe 4.0 x8 인터페이스이기때문에 3.0 인터페이스 메인보드에 구성 시 성능저하가 발생합니다. 따라서 4.0 인터페이스를 지원하는 메인보드와 구성하시는 걸 권장합니다. ZOTAC사 제품으로 A/S 걱정에서 자유로울 수 있으며, 구매 후 14일 이내 제품 등록 시 무상 3년 보증에 추가로 2년 확대보증 서비스를 제공하여 오래도록 사용할 수 있습니다.SSD는 최대읽기속도 7,300MB/s 최대쓰기속도 6,300MB/s를 자랑하는 최상위권 PCIe 4.0 SSD인 SN850X입니다. WD BLACK SSD 대시보드를 통해 게임모드 이용 시 SSD의 저전력모드를 비활성화시켜 최고의 퍼포먼스를 발휘할 수 있습니다.데스크탑 HDD는 안정성 높은 CMR 방식의 구조를 택해 SMR 방식의 HDD에 비해 안정성이 높은 TOSHIBA P300 HDD입니다.케이스는 쉽게 측면을 여닫을 수 있도록 스윙도어 설계가 적용되었으며 CPU쿨러 최대 160mm, 그래픽카드 최대 340mm까지 지원가능한 KAISER AIR 강화유리 제품입니다. LED팬 4개를 기본제공하고있으며 LED제어스위치가 있어 사용자의 취향에 맞춰 켜고 끌 수 있습니다.파워서플라이는 슈퍼플라워사의 무상보증기간 5년 600W 스탠다드 파워입니다. 구입 후 3개월 이내 제품 불량시 새제품 교체 가능하며, 6개월 이내 불량 시 왕복 택배비를 지원합니다. 1년 이내 불량 발생 시 빠른 교체가 필요한 경우 고객센터 문의를 통해 선출교 요청도 가능하겠습니다.CPU쿨러는 듀얼타워공랭쿨러 가운데 탁월한 쿨링성능과 정숙성을 보여주는 Peerless Assassin 120 SE 제품입니다. ARGB 기능이 포함된 제품이라 사용자의 취향에 따라 색상 조정도 가능합니다.소프트웨어는 처음사용자용 제품이라 추후 PC를 바꾸시더라도 다시 윈도우를 구매하실 필요 없이 기존 시리얼키로 인증하신 뒤 재사용이 가능합니다. 단, 시리얼키 하나 당 PC 1대만 사용이 가능한 점은 동일합니다.",
    "quote_feedback": "RTX 4060Ti 그래픽카드 구성으로 대부분의 게임들을 FHD해상도에서 쾌적하게 즐기실 수 있고내장그래픽이 있는 i5 13500 CPU이기에 영상편집 작업 시 퀵싱크 기능 활용도 가능합니다.2TB HDD 포함해드렸기때문에 작업물 저장공간도 충분합니다."
}