{
    "quote_number": "1970",
    "quote_title": "50만원대 문서작업 영상시청 웹서핑 라이젠 4650G 윈도우포함 사무용 컴퓨터 견적",
    "date_create": "2023.12.14",
    "cpu_gpu_combinations": "라이젠5 PRO 4650G +  조합",
    "quotation_summary": " 라이젠 4650G / 내장 그래픽 / RAM 16GB / SSD 500GB / 윈도우 포함# 윈도우포함# 사무용# 영상시청# 문서작업# 웹서핑# 내장그래픽",
    "quote_person_introduction": "안녕하세요. 로카프입니다.우리 주변에는 아직 컴퓨터 견적구성을 어떻게 할 지 몰라 고민에 빠지는 분들이 많이 계십니다.성능은 괜찮을까? 고장은 나지 않을까? 가격은 괜찮은건가? 이런 고민들을 한 번쯤은 해보셨을 겁니다.용도에 알맞는 성능과 합리적인 가격, 최우선으로 안정성과 신뢰도 높은 부품들로 구성된 견적을 추천해드리겠습니다.컴퓨터를 처음 알아보시는 분들의 입장에서 생각하고 견적을 구성해드리는 견적맨이 되겠습니다.",
    "quotations_quotations_description": "[CPU]AMD 라이젠5 PRO 르누아르 4650G (정품 멀티팩)(쿨러포함)상세보기[메인보드]ASUS PRIME A320M-K 대원CTS상세보기[메모리]삼성전자 DDR4-3200 (8GB) PC4-25600 x 2 개상세보기[SSD]SK하이닉스 GOLD P31 M2 NVMe (500GB)상세보기[케이스]DARKFLASH DK110 (미들타워)상세보기[파워서플라이]쿨러마스터 MWE 500 BRONZE V2 230V상세보기[소프트웨어]Microsoft Windows 11 Home (처음사용자용 한글)상세보기[조립PC관련][견적왕] 조립 서비스 + 1년 출장 A/S상세보기CPU는 내장그래픽을 탑재하여 사무용도 견적구성 시 뛰어난 가성비를 보여주는 라이젠 4650G입니다. 6코어 12쓰레드 설계로 탁월한 멀티태스킹 성능을 보여줍니다.메인보드는 라이젠 내장그래픽 CPU와 가성비있게 구성하기 좋은 A320 메인보드입니다. 모니터 출력포트로 HDMI와 VGA포트 2개를 제공하고 있으며 M.2 SSD 장착도 가능합니다.메모리는 신뢰성이 높고 불량률이 낮은 삼성 DDR4 메모리입니다. 기본 표준클럭 3200클럭으로 동작해 따로 설정이 필요하지 않은 제품입니다.SSD는 PCIe 3.0 방식의 SSD에서는 이견이 없는 최고의 SSD입니다. 성능이면 성능, 발열이면 발열 모두 최고입니다.케이스는 darkFlash DK110으로 최대 160mm길이의 CPU쿨러와 285mm길이의 그래픽카드까지 호환가능한 제품입니다. 시디롬 장착가능한 베이가 하나 있어 ODD 사용환경에도 적합합니다.파워서플라이는 500W 제품으로 시스템에 안정적으로 전원 공급가능한 용량이며, 쿨러마스터 제품 역시 A/S 정책이 좋습니다.소프트웨어는 처음사용자용 제품이라 추후 PC를 바꾸시더라도 다시 윈도우를 구매하실 필요 없이 기존 시리얼키로 인증하신 뒤 재사용이 가능합니다. 단, 시리얼키 하나 당 PC 1대만 사용이 가능한 점은 동일합니다.",
    "quote_feedback": "금액부담이 크지않으면서 사무용도로 쓰기에 적절한 성능을 가진 4650G 내장그래픽 견적입니다.DDR4 규격 메모리는 삼성 혹은 마이크론 제품 보시는 게 좋으며윈도우11 처음사용자용을 함께 구성했으므로 추후 PC 교체 시 인증을 옮겨서 지속적으로 사용하실 수 있습니다."
}