{
    "quote_number": "1985",
    "quote_title": "2024년 1월 월간 견적 - 고가 사무용(인텔)",
    "date_create": "2024.1.11",
    "cpu_gpu_combinations": "코어i5-12400 +  조합",
    "quotation_summary": " # 고가 사무용# 사무용# 캐드# 포토샵# 쇼핑몰 관리# 개발# 코딩# 추천견적# 월간견적",
    "quote_person_introduction": "안녕하세요! 견적왕 견적맨 총괄 매니저 로비오트입니다!퀘이사존 유저랭킹 1등을 계속해서 유지하고 있고견적게시판에서만 주로 활동하는 유저로그 누구보다 제품의 장단점, 성능적인 파악을 정확하게 하고 있습니다.물건을 판매하려는 견적이 아닌 실질적인 소비자 기준으로 구성을 하고 있으며기본적으로 A/S가 좋지 않은 곳은 걸러서 구성하고 있습니다.또한 블랙컨슈머로 인한 A/S이슈는 고려하지도듣지도 보지도 않고 있으니 이런 부분도 걸러 듣고 견적을 작성하고 있습니다!",
    "quotations_quotations_description": "[CPU]인텔 코어i5-12세대 12400 (엘더레이크) (정품)상세보기[메인보드]ASRock H610M-HDV/M.2 R2.0 D4 대원씨티에스상세보기[메모리]삼성전자 DDR4-3200 (8GB) PC4-25600 x 2 개상세보기[SSD]마이크론 Crucial P3 Plus 대원씨티에스 (500GB)상세보기[케이스]DAVEN 라피네 (미니타워)상세보기[파워서플라이]SF-500R12ST MEGA 80PLUS STANDARD 230V EU상세보기[조립PC관련][견적왕] 조립 서비스 + 1년 출장 A/S상세보기CPU는 6코어 12쓰레드 바탕의 인텔 12세대 i5!\n인텔 기준 가성비도 괜찮고! 성능도 충분하고!메인보드는 HDMI , DVI , VGA까지!\n가성비 좋은 H610 메인보드!메모리는 가성비 삼성 메모리!\nDDR4에선 완벽한 모델!SSD는 QLC이지만 가성비는 좋은 SSD!케이스는 가성비 사무용 케이스!\n컴팩트한 사이즈, 준수한 구성!파워서플라이는 GTX 1660 SUPER 라면충분한 용량의 500w!\n무한 고주파 교체 AS의 슈퍼플라워!",
    "quote_feedback": "2024년 1월 월간 견적 - 고가 사무용(인텔)"
}