{
    "quote_number": "1989",
    "quote_title": "2024년 1월 월간 견적 - 가성비 FHD 게이밍 (인텔+RX6600)",
    "date_create": "2024.3.31",
    "cpu_gpu_combinations": "코어i5-12400F + RX 6600 조합",
    "quotation_summary": " # 가성비 게이밍# FHD 가성비# 로아# 로스트아크# AAA 게이밍# AAA 가성비 게이밍# 더 파이널스",
    "quote_person_introduction": "안녕하세요! 견적왕 견적맨 총괄 매니저 로비오트입니다!퀘이사존 유저랭킹 1등을 계속해서 유지하고 있고견적게시판에서만 주로 활동하는 유저로그 누구보다 제품의 장단점, 성능적인 파악을 정확하게 하고 있습니다.물건을 판매하려는 견적이 아닌 실질적인 소비자 기준으로 구성을 하고 있으며기본적으로 A/S가 좋지 않은 곳은 걸러서 구성하고 있습니다.또한 블랙컨슈머로 인한 A/S이슈는 고려하지도듣지도 보지도 않고 있으니 이런 부분도 걸러 듣고 견적을 작성하고 있습니다!",
    "quotations_quotations_description": "[CPU]인텔 코어i5-12세대 12400F (엘더레이크) (정품)상세보기[메인보드]ASRock B760M Pro-A 대원씨티에스상세보기[메모리]마이크론 Crucial DDR4 8G PC4-25600 CL22 x 2 개상세보기[그래픽카드]ASRock 라데온 RX 6600 CHALLENGER D D6 8GB 대원씨티에스상세보기[SSD]마이크론 Crucial P5 Plus M.2 NVMe 대원CTS (500GB)상세보기[케이스]DAVEN D6 MESH 강화유리 블랙 (미들타워)상세보기[파워서플라이]SuperFlower SF-600R12ST MEGA 80PLUS STANDARD 230V EU상세보기[CPU쿨러]DEEPCOOL AG400상세보기[조립PC관련][견적왕] 조립 서비스 + 1년 출장 A/S상세보기CPU는 디아4에서는 5600x 보다 12400F\n13400F는 가성비가 없지~메인보드는 13500 , 14500까지 넉넉하게 커버 가능한 전원부!\n가성비 좋은 DDR5 B760 메인보드!메모리는 라이프 워런티 지원!\n수율 좋은 DDR4 메모리!그래픽카드는 RX 6600은 극 가성비 GPU!\n애즈락의 그래픽카드는 언제나 가성비 좋은 선택지!SSD는 PCie 4.0 가성비 SSD!\nPM9a1 대비 더 안정적인 펌웨어!케이스는 LED On/Off가 가능한 가성비 케이스!파워서플라이는 CWT OEM 제품!\n고주파 무한 교체 AS의 슈퍼플라워!CPU쿨러는 3만원 미만 공냉쿨러는 AG400으로!\n가장 좋은 성능의 가성비 공냉 쿨러!",
    "quote_feedback": "2024년 1월 월간 견적 - 가성비 FHD 게이밍 (인텔+RX6600)"
}