{
    "quote_number": "2002",
    "quote_title": "210만원대 배그 P의거짓 로스트아크 라이젠 7500F + RTX 4070Ti FHD QHD 게이밍 컴퓨터 견적",
    "date_create": "2024.3.15",
    "cpu_gpu_combinations": "라이젠5 7500F + RTX 4070 Ti SUPER 조합",
    "quotation_summary": " 라이젠 7500F / RTX 4070Ti SUPER / RAM 32GB / SSD 1TB + HDD 8TB# FHD 게이밍# QHD 게이밍# AAA급 게임 플레이# 로스트아크# P의 거짓# 배틀그라운드",
    "quote_person_introduction": "안녕하세요. 로카프입니다.우리 주변에는 아직 컴퓨터 견적구성을 어떻게 할 지 몰라 고민에 빠지는 분들이 많이 계십니다.성능은 괜찮을까? 고장은 나지 않을까? 가격은 괜찮은건가? 이런 고민들을 한 번쯤은 해보셨을 겁니다.용도에 알맞는 성능과 합리적인 가격, 최우선으로 안정성과 신뢰도 높은 부품들로 구성된 견적을 추천해드리겠습니다.컴퓨터를 처음 알아보시는 분들의 입장에서 생각하고 견적을 구성해드리는 견적맨이 되겠습니다.",
    "quotations_quotations_description": "[CPU]AMD 라이젠5-5세대 7500F (라파엘) (멀티팩(정품))상세보기[메인보드]ASRock B650M PG Lightning 에즈윈상세보기[메모리]ADATA DDR5-5600 CL46-45-45 (16GB) x 2 개상세보기[그래픽카드]ZOTAC 지포스 RTX 4070 Ti SUPER Trinity D6X 16GB Black상세보기[SSD]Western Digital WD BLACK SN850X M.2 NVMe (1TB)상세보기[데스크탑 HDD]Western Digital WD BLUE 5640/128M (WD80EAZZ, 8TB)상세보기[케이스]DAVEN APEX Black (미들타워)상세보기[파워서플라이]NEWZEN SKULL 750SM MODULAR ATX 3.0 80PLUS GOLD (PCIE5)상세보기[CPU쿨러]PCCOOLER PALADIN EX400 ARGB상세보기[쿨러.튜닝.조명.액세서리]케이엘시스템 KLcom M.2 2280 방열판 (BLACK)상세보기[조립PC관련][견적왕] 조립 서비스 + 1년 출장 A/S상세보기CPU는 6코어 12쓰레드 구조로 라이젠 7600과 성능 차이가 크지않으면서 내장그래픽이 없어 금액부담 덜 수 있는 제품입니다.메인보드는 B650칩셋 제품으로 PBO와 커브옵티마이저 기능 사용이 가능하며 드라이버모스펫을 사용한 B650M PG Lightning입니다. 3개의 5V ARGB 헤더가 구성되어 있어 각종 ARGB 부품을 연결하는 데 있어 용이합니다.메모리는 라이프워런티정책으로 A/S정책 좋은 ADATA 5600클럭 JEDEC 표준 일반램입니다.그래픽카드는 RTX 4070Ti 대비 약 5% 정도 게임성능 좀 더 좋으며 QHD 게이밍도 노려볼 수 있을만큼 성능이 매우 좋은 4070 Ti SUPER입니다. 더불어 ZOTAC사 제품으로 A/S 걱정에서 자유로울 수 있으며, 구매 후 14일 이내 제품 등록 시 무상 3년 보증에 추가로 2년 확대보증 서비스를 제공하여 오래도록 사용할 수 있습니다.SSD는 최대읽기속도 7,300MB/s 최대쓰기속도 6,300MB/s를 자랑하는 최상위권 PCIe 4.0 SSD인 SN850X입니다. WD BLACK SSD 대시보드를 통해 게임모드 이용 시 SSD의 저전력모드를 비활성화시켜 최고의 퍼포먼스를 발휘할 수 있습니다.데스크탑 HDD는 CMR 방식의 보다 안정적인 기록방식을 적용한 WD사의 8TB 하드디스크입니다.케이스는 기본팬 4개를 제공하고 CPU쿨러최대호환가능높이 185mm, 그래픽카드최대호환가능길이 350mm 제원의 DAVEN APEX입니다. 좌측면 스윙도어 형태이며 LED ON/OFF 스위치가 있어 사용자 취향에 따라 켜고 끌 수 있습니다.파워서플라이는 무상보증10년 고주파증상도 원활한 A/S받을 수 있는 SKULL 제품으로 750W 골드급 ATX3.0 제품입니다. 12VHPWR 커넥터도 지원합니다.CPU쿨러는 2~3만원대 쿨러 중 가성비가 좋은 제품으로 ARGB 기능이 있어 메인보드 5V ARGB 헤더에 연결해서 색상 조정이 가능한 제품입니다. AUTO RGB 기능도 제공하고 있어 5V ARGB 헤더가 없는 메인보드 구성 시에도 고정 LED로 점등됩니다. 단, PALADIN 400 제품과 달리 무뽑방지킷을 기본으로 제공하지 않는 점 참고하세요.쿨러.튜닝.조명.액세서리는 가격 부담 크지 않은 M.2 SSD 방열판입니다. 메인보드에 M.2 SSD 방열판이 기본적으로 구성되어있지 않거나 갯수가 부족할 때 사용하시면 좋습니다.",
    "quote_feedback": "RTX 4070Ti 단종으로 인해 ﻿24.02.29 부로 견적서 구성 그래픽카드가 RTX 4070Ti SUPER로 변경되었습니다.라이젠 7500F 구성이라 메인보드에서의 금액부담이 크지 않습니다.B650칩셋 제품 가운데 M-ATX 사이즈이면서 그래픽카드 장착슬롯이 비교적 위쪽에 구성된 제품이나A620칩셋 제품가운데 드라이버모스펫 구성된 제품 사용 추천드립니다.메모리는 SK하이닉스 칩 사용한 제품으로 고려해볼만하며그래픽카드로 구매 후 제품 등록 시 3년무상보증에 더해 2년확대보증서비스 제공하는 조텍 제품은 좋은 선택지입니다.RTX 4070Ti SUPER라서 일부 요구사양이 높지 않은 게임들은 QHD 게이밍까지 노려볼 수 있으며넉넉하게 8TB 용량의 HDD가 구성되어 많은 양의 영상이나 사진 저장하기에도 좋습니다."
}