{
    "quote_number": "2018",
    "quote_title": "550만원 3D작업 VR게임 QHD게이밍 4K게이밍 라이젠 7950X3D + RTX 4090 작업 및 게이밍 컴퓨터 견적",
    "date_create": "2024.3.7",
    "cpu_gpu_combinations": "라이젠9 7950X3D + RTX 4090 조합",
    "quotation_summary": " 라이젠 7950X3D / RTX 4090 / RAM 64GB / SSD 2TB + HDD 4TB# 작업용# QHD게이밍# 4K게이밍# VR게임# 3D작업# SSD+HDD구성",
    "quote_person_introduction": "안녕하세요. 로카프입니다.우리 주변에는 아직 컴퓨터 견적구성을 어떻게 할 지 몰라 고민에 빠지는 분들이 많이 계십니다.성능은 괜찮을까? 고장은 나지 않을까? 가격은 괜찮은건가? 이런 고민들을 한 번쯤은 해보셨을 겁니다.용도에 알맞는 성능과 합리적인 가격, 최우선으로 안정성과 신뢰도 높은 부품들로 구성된 견적을 추천해드리겠습니다.컴퓨터를 처음 알아보시는 분들의 입장에서 생각하고 견적을 구성해드리는 견적맨이 되겠습니다.",
    "quotations_quotations_description": "[CPU]AMD 라이젠9-5세대 7950X3D (라파엘) (정품)상세보기[메인보드]MSI MPG B650 엣지 WIFI상세보기[메모리]ADATA DDR5-5600 CL46-45-45 (32GB) x 2 개상세보기[그래픽카드]GIGABYTE 지포스 RTX 4090 AERO OC D6X 24GB 피씨디렉트상세보기[SSD]삼성전자 990 PRO M.2 NVMe (2TB)상세보기[데스크탑 HDD]Toshiba 4TB N300 HDWQ140 (SATA3/7200/128M)상세보기[케이스]BRAVOTEC GUARDIAN 3100M V2 타이탄 글래스 화이트 (빅타워)상세보기[파워서플라이]SuperFlower SF-1000F14XG LEADEX VII GOLD ATX 3.0 (PCIE5)상세보기[CPU쿨러]발키리 GL360 ARGB (WHITE)상세보기[조립PC관련][견적왕] 조립 서비스 + 1년 출장 A/S상세보기[조립PC관련]수랭 쿨러 조립 추가 비용상세보기CPU는 3D V캐시 구성으로 압도적인 게이밍 성능을 자랑하며 16코어 32쓰레드 구조로 작업성능 또한 뛰어난 7950X3D입니다.메인보드는 1120A급의 전원부 성능을 가져 라이젠 7000시리즈 어떤 CPU와도 구성 할 수 있는 제품입니다. 또한, ATX 사이즈 메인보드로 확장성 역시 매우 좋으며 WIFI와 블루투스 기능도 탑재하고 있습니다. EZ M.2 클립이 적용되어있어 M.2 SSD 장착이 간편하며 3개의 M.2 SSD 방열판이 기본구성되어있습니다.메모리는 라이프워런티정책으로 A/S정책 좋은 ADATA 5600클럭 JEDEC 표준 일반램입니다.그래픽카드는 RTX 4000번대 최상위 제품인 RTX 4090이며 화이트색상 제품입니다. 구입 후 30일 이내 홈페이지 등록 시 3년무상보증에 1년을 더 연장하여 총 4년의 무상 서비스를 제공합니다.SSD는 PCIe 4.0 규격 제품 중 끝판왕급 성능을 가지고 있는 삼성전자 990 PRO입니다.데스크탑 HDD는 NAS용 제품으로 안정성이 좋으며 기록방식 역시 CMR방식을 채택한 제품입니다. 보증기간 3년이며 4TB 용량의 HDD입니다.케이스는 그래픽카드 380mm / CPU쿨러 180mm길이까지 호환가능하며 140mm팬 4개가 기본제공되는 3100M입니다. 그래픽 카드 보조 전원 연결을 위한 케이블 홀이 설계되어 있어 더욱 깔끔한 선정리가 가능합니다.파워서플라이는 고주파 증상 발생에도 원활한 A/S가 가능한 SuperFlower사의 1000W 골드등급 제품입니다. 12VHPWR 케이블이 기본구성되어 RTX 4000번대 그래픽카드 구성 시 깔끔한 선정리가 가능합니다. 또한, ATX 3.0 인증 제품으로 최대 235%의 피크전력까지 버틸 수 있어 순간적인 과부하 조건에서도 안정적인 사용이 가능합니다.CPU쿨러는 360수랭쿨러 쿨링성능 최상위권의 발키리 GL360이며 인텔 i5 ~ i9, 라이젠 7000시리즈 X붙은 CPU들과 구성하기에 알맞는 제품입니다.",
    "quote_feedback": "작업성능과 게임성능 고루 좋은 라이젠 7950X3D + RTX 4090 조합의 견적입니다.CPU는 16코어 32쓰레드이면서 3D V캐시를 탑재하고 있어 작업과 게임 모두에 있어 좋은 제품이며그래픽카드는 VRAM 24GB 용량의 RTX 4090이라 VRAM이 많이 필요한 작업이나 QHD/4K게이밍까지도 가능합니다.메모리는 32GB 2장 총 64GB 용량으로 게임을 하기에는 넉넉한 용량이며SSD는 PCIe4.0 규격 최상위권 2TB 제품과 HDD로 안정성 높은 4TB 제품 구성해서 작업물 저장공간도 충분하겠습니다."
}