{
    "quote_number": "2059",
    "quote_title": "80만원대 롤 피파 발로란트 문명 라이젠 5600 + RX 6600 모니터포함 FHD 게이밍 컴퓨터 견적",
    "date_create": "2024.2.23",
    "cpu_gpu_combinations": "라이젠5 5600 + RX 6600 조합",
    "quotation_summary": " 라이젠 5600 / RX 6600 / RAM 16GB / SSD 500GB / 모니터포함# FHD 게이밍# 모니터포함# LoL# 피파# 발로란트# 스팀게임",
    "quote_person_introduction": "안녕하세요. 로카프입니다.우리 주변에는 아직 컴퓨터 견적구성을 어떻게 할 지 몰라 고민에 빠지는 분들이 많이 계십니다.성능은 괜찮을까? 고장은 나지 않을까? 가격은 괜찮은건가? 이런 고민들을 한 번쯤은 해보셨을 겁니다.용도에 알맞는 성능과 합리적인 가격, 최우선으로 안정성과 신뢰도 높은 부품들로 구성된 견적을 추천해드리겠습니다.컴퓨터를 처음 알아보시는 분들의 입장에서 생각하고 견적을 구성해드리는 견적맨이 되겠습니다.",
    "quotations_quotations_description": "[CPU]AMD 라이젠5-4세대 5600 (버미어) (멀티팩(정품))상세보기[메인보드]ASUS PRIME A520M-A II 대원CTS상세보기[메모리]마이크론 Crucial DDR4 8G PC4-25600 CL22 x 2 개상세보기[그래픽카드]ASRock 라데온 RX 6600 CHALLENGER D D6 8GB 대원씨티에스상세보기[SSD]SK하이닉스 GOLD P31 M2 NVMe (500GB)상세보기[케이스]DARKFLASH DK290 Air MESH RGB 강화유리 블랙 (미들타워)상세보기[파워서플라이]SuperFlower SF-600R12ST MEGA 80PLUS STANDARD 230V EU상세보기[CPU쿨러]DARKFLASH Ellsworth S21 ARGB (블랙)상세보기[모니터]필립스 242E 게이밍 144 프리싱크 무결점상세보기[조립PC관련][견적왕] 조립 서비스 + 1년 출장 A/S상세보기CPU는 6코어 12쓰레드 구조로 A520 메인보드와 싱글타워공랭쿨러 구성만으로도 쾌적하게 작동합니다. 또한 출시때부터 초가성비 견적을 구성할 때 많이 추천되고 있는 라이젠 5600입니다.메인보드는 A520 메인보드로 전원부 방열판이 구성되어 있으며 가격부담을 덜 수 있어 르누아르 내장그래픽 CPU, 세잔 내장그래픽 CPU, 5600 등과 가성비 견적을 구성할 때 좋은 선택지가 되는 제품입니다.메모리는 삼성전자 제품보다 소폭 저렴하면서 성능은 동일하고 라이프 워런티 A/S 정책으로 사후서비스면에서 메리트가 있는 제품입니다.그래픽카드는 FHD 게이밍 시 가성비가 매우 좋은 RX 6600입니다. HDMI 2.1 포트 1개와 DP 1.4 포트 3개가 제공되어 다중 모니터 구성하기 좋으며 제로팬 기능이 있어 부하가 낮아질 경우 팬 회전을 멈춰 소음 수준을 낮게 유지합니다. 권장파워용량 500W 이상으로 파워용량 부담도 적습니다.SSD는 PCIe 3.0 방식의 SSD에서는 이견이 없는 최고의 SSD입니다. 성능이면 성능, 발열이면 발열 모두 최고입니다.케이스는 120mm팬 6개와 수직받침대형태의 그래픽카드지지대가 기본구성되어있는 DK290입니다. 제원 상 CPU쿨러 최대호환가능높이는 165mm이며 그래픽카드 최대호환가능길이는 340mm입니다. 상단의 LED 컨트롤 버튼으로 LED모드 및 기본팬 RPM 속도 조정이 가능합니다.파워서플라이는 슈퍼플라워사의 무상보증기간 5년 600W 스탠다드 파워입니다. 구입 후 3개월 이내 제품 불량시 새제품 교체 가능하며, 6개월 이내 불량 시 왕복 택배비를 지원합니다. 1년 이내 불량 발생 시 빠른 교체가 필요한 경우 고객센터 문의를 통해 선출교 요청도 가능하겠습니다.CPU쿨러는 2~3만원대 쿨러 중 가성비가 뛰어난 제품으로, AM4소켓 CPU 구성시 발생할 수 있는 무뽑기 파손증상 방지키트가 구성품에 포함되어 있습니다.",
    "quote_feedback": "모니터를 포함하더라도 100만원 안으로 맞출 수 있을 정도로현재 가성비가 매우 좋은 라이젠 5600 + RX 6600 조합의 견적입니다.CPU쿨러는 무뽑방지킷을 제공하는 제품 선택했으며모니터는 24인치 FHD 고주사율 제품 포함해드렸습니다."
}