{
    "quote_number": "2075",
    "quote_title": "인텔기반 언리얼 엔진 작업 견적!",
    "date_create": "2024.1.2",
    "cpu_gpu_combinations": "코어i7-14700K + RTX 4070 조합",
    "quotation_summary": " # 언리얼 엔진# 게임제작# 코딩# 프로그레밍# 영상작업# 그래픽작업# 3D 작업",
    "quote_person_introduction": "안녕하세요! 견적왕 견적맨 총괄 매니저 로비오트입니다!퀘이사존 유저랭킹 1등을 계속해서 유지하고 있고견적게시판에서만 주로 활동하는 유저로그 누구보다 제품의 장단점, 성능적인 파악을 정확하게 하고 있습니다.물건을 판매하려는 견적이 아닌 실질적인 소비자 기준으로 구성을 하고 있으며기본적으로 A/S가 좋지 않은 곳은 걸러서 구성하고 있습니다.또한 블랙컨슈머로 인한 A/S이슈는 고려하지도듣지도 보지도 않고 있으니 이런 부분도 걸러 듣고 견적을 작성하고 있습니다!",
    "quotations_quotations_description": "[CPU]인텔 코어i7-14세대 14700K (랩터레이크 리프레시) (정품)상세보기[메인보드]GIGABYTE Z790 AORUS ELITE X 피씨디렉트상세보기[메모리]TeamGroup DDR5-5600 CL46 Elite 서린 (32GB) x 2 개상세보기[그래픽카드]GIGABYTE 지포스 RTX 4070 WINDFORCE OC D6X 12GB 피씨디렉트상세보기[SSD]마이크론 Crucial P5 Plus M.2 NVMe 대원CTS (500GB)상세보기[SSD]마이크론 Crucial T500 M.2 NVMe 대원씨티에스 (2TB)상세보기[케이스]DARKFLASH DF2100 MESH RGB 강화유리 블랙 (미들타워)상세보기[파워서플라이]NEWZEN SKULL 750SM MODULAR ATX 3.0 80PLUS GOLD (PCIE5)상세보기[CPU쿨러]발키리 GL360 ARGB (BLACK)상세보기[조립PC관련][견적왕] 조립 서비스 + 1년 출장 A/S상세보기[조립PC관련]수랭 쿨러 조립 추가 비용상세보기CPU는 인텔 14세대 제품중 거의 유일하게 잘나온 제품!메인보드는 고주파 관련 이슈 해결 완료!\n1000A 이상의 탄탄한 전원부!메모리는 하이닉스 칩셋 기반의 가성비 메모리!그래픽카드는 4070은 3팬이 더 좋음!\n그중에서 가성비 킹!SSD는 PCie 4.0 가성비 SSD!\nPM9a1 대비 더 안정적인 펌웨어!SSD는 최신형 PCIE 4.0 SSD!\n전성비 최고! 안정성 좋은 파이슨 E25 컨트롤러!케이스는 DLX21과 똑같은 확장성!\n하지만 조금더 가성비!파워서플라이는 AS 10년! 고주파 AS 대응!\nATX 3.0 정식 지원!CPU쿨러는 AS 5년 지원!\n새로운 끝판왕 모델 수냉!",
    "quote_feedback": "우선 언리얼 권장 기준으로 그래픽카드는 RTX 3070 Ti 이상이라RTX 4070 정도까지는 구성을 해주시는 걸 추천드립니다.그중에서도 3팬 제품들이 2팬 제품 대비해서 발열 및 소음 억제가 좋은 편인데기가바이트 윈드포스 3팬 제품이 발열 및 소음 억제가 비슷한 가격대의 다른 3팬 제품보다 월등히 좋은 부분입니다.13700K의 경우 전력소비량이 14700K 대비 -100w 정도 낮은 부분이라Z790-P WIFI 그리고 가성비 수냉쿨러 구성이라면 충분하겠으나14700K의 경우에는Z790 Elite X 그리고 수냉 최상위 모델 구성이 필요합니다.SSD의 경우에는 언리얼 권장이 OS 및 프로그램 설치용 SSD와 컴파일 작업용 SSD를 나눠서 사용하는 걸 권장하고 있으며P5 PLUS 같은 가성비 PCIe 4.0 제품 500GB를 메인으로 OS 및 프로그렘 설치를 해주시고서브로 성능이 좋은 PCie 4.0 1티어 제품을 구성하시면 좋을 것 같습니다.P41의 경우 속도 관련 이슈가 있는 부분이고가성비도 떨어지는 부분이라동급 제품인 SN850X으로 변경해서 구성하시는 걸 추천드립니다.마지막으로 파워의 경우 지금 구성하시려는 제품은 AS 7년인 부분이고ATX 3.0 정식 지원이 아닌 부분입니다.차라리 ATX 3.0 정식 지원 + CWT OEM 모델이라 안정성이 좋은SKULL 750SM ATX3.0 제품을 추천드리며AS 10년 , AS발생시 새제품 교환 및 제품 선출고 서비스 , 고주파 관련 AS까지 지원하기에 AS 정책이 매우 좋은 편일 겁니다 ^^"
}