{
    "quote_number": "2096",
    "quote_title": "110만원 웹서핑 오피스 문서작성 영상시청 라이젠 7500F + GTX 1660 SUPER 사무용 컴퓨터 견적",
    "date_create": "2024.3.7",
    "cpu_gpu_combinations": "라이젠5 7500F + GTX 1660 SUPER 조합",
    "quotation_summary": " 라이젠 7500F / GTX 1660 SUPER / RAM 32GB / SSD 1TB + HDD 2TB# 사무용# FHD 게이밍# 문서작성# 웹서핑# 영상시청# SSD+HDD 구성",
    "quote_person_introduction": "안녕하세요. 로카프입니다.우리 주변에는 아직 컴퓨터 견적구성을 어떻게 할 지 몰라 고민에 빠지는 분들이 많이 계십니다.성능은 괜찮을까? 고장은 나지 않을까? 가격은 괜찮은건가? 이런 고민들을 한 번쯤은 해보셨을 겁니다.용도에 알맞는 성능과 합리적인 가격, 최우선으로 안정성과 신뢰도 높은 부품들로 구성된 견적을 추천해드리겠습니다.컴퓨터를 처음 알아보시는 분들의 입장에서 생각하고 견적을 구성해드리는 견적맨이 되겠습니다.",
    "quotations_quotations_description": "[CPU]AMD 라이젠5-5세대 7500F (라파엘) (멀티팩(정품))상세보기[메인보드]ASRock B650M PG Lightning 에즈윈상세보기[메모리]ADATA DDR5-5600 CL46-45-45 (16GB) x 2 개상세보기[그래픽카드]ARKTEK 지포스 GTX 1660 SUPER D6 6GB상세보기[SSD]Western Digital WD BLACK SN850X M.2 NVMe (1TB)상세보기[데스크탑 HDD]Toshiba 2TB P300 HDWD120 (SATA3/7200/64M)상세보기[케이스]DARKFLASH DK290 Air MESH RGB 강화유리 블랙 (미들타워)상세보기[파워서플라이]DARKFLASH SAVEMOST 600W 80PLUS STANDARD상세보기[CPU쿨러]DARKFLASH Ellsworth S21 ARGB (블랙)상세보기[쿨러.튜닝.조명.액세서리]케이엘시스템 KLcom M.2 2280 방열판 (BLACK)상세보기[조립PC관련][견적왕] 조립 서비스 + 1년 출장 A/S상세보기CPU는 6코어 12쓰레드 구조로 라이젠 7600과 성능 차이가 크지않으면서 내장그래픽이 없어 금액부담 덜 수 있는 제품입니다.메인보드는 B650칩셋 제품으로 PBO와 커브옵티마이저 기능 사용이 가능하며 드라이버모스펫을 사용한 B650M PG Lightning입니다. 3개의 5V ARGB 헤더가 구성되어 있어 각종 ARGB 부품을 연결하는 데 있어 용이합니다.메모리는 라이프워런티정책으로 A/S정책 좋은 ADATA 5600클럭 JEDEC 표준 일반램입니다.그래픽카드는 STCOM에서 유통하는 ARKTEK GTX 1660SUPER이며 24년 3월 초 현재 20만원대 중반의 그래픽카드입니다. FHD해상도에서 사양이 낮은 온라인게임들은 무리없이 플레이가능하며 사양이 조금 있는 편인 스팀게임들도 옵션타협해서 즐기실 수 있습니다.SSD는 최대읽기속도 7,300MB/s 최대쓰기속도 6,300MB/s를 자랑하는 최상위권 PCIe 4.0 SSD인 SN850X입니다. WD BLACK SSD 대시보드를 통해 게임모드 이용 시 SSD의 저전력모드를 비활성화시켜 최고의 퍼포먼스를 발휘할 수 있습니다.데스크탑 HDD는 안정성 높은 CMR 방식의 구조를 택해 SMR 방식의 HDD에 비해 안정성이 높은 TOSHIBA P300 HDD입니다.케이스는 120mm팬 6개와 수직받침대형태의 그래픽카드지지대가 기본구성되어있는 DK290입니다. 제원 상 CPU쿨러 최대호환가능높이는 165mm이며 그래픽카드 최대호환가능길이는 340mm입니다. 상단의 LED 컨트롤 버튼으로 LED모드 및 기본팬 RPM 속도 조정이 가능합니다.파워서플라이는 5년보증 새제품교환3년정책의 비용부담 크지 않은 SAVEMOST 600W 스탠다드 제품입니다.CPU쿨러는 2~3만원대 쿨러 중 가성비가 뛰어난 제품으로, AM4소켓 CPU 구성시 발생할 수 있는 무뽑기 파손증상 방지키트가 구성품에 포함되어 있습니다.쿨러.튜닝.조명.액세서리는 가격 부담 크지 않은 M.2 SSD 방열판입니다. 메인보드에 M.2 SSD 방열판이 기본적으로 구성되어있지 않거나 갯수가 부족할 때 사용하시면 좋습니다.",
    "quote_feedback": "단순 웹서핑, 오피스 등의 문서작성, 영상시청 정도로 사용하신다면100만원 초반에 맞춰 구성할 경우 가성비 좋은 7500F + 1660 SUPER 조합 고려해보시면 좋겠습니다.혹은 금액부담을 크게 낮춰 라이젠 4650G나 5600G 내장그래픽 구성을 보셔도 좋겠습니다."
}