{
    "quote_number": "2130",
    "quote_title": "110만원 인텔 FHD 가성비 게이밍 PC",
    "date_create": "2024.4.2",
    "cpu_gpu_combinations": "코어i5-12400F + RTX 4060 Ti 조합",
    "quotation_summary": " 1. 가격 대비 성능을 최우선으로 고려하여 견적 구성하였습니다2. A/S 평가가 좋고 품질 좋은 제품들로 구성하였습니다# 110만원 게이밍 PC# 인텔 게이밍 PC# FHD 게이밍 PC# 가성비 게이밍 PC",
    "quote_person_introduction": "저렴한 제품으로 가격 맞추기가 아닌 가격 대비 뛰어난 성능과 안정성 A/S 등을 고려하여 합리적인 구매 하실 수 있도록 도움 드리겠습니다",
    "quotations_quotations_description": "[CPU]인텔 코어i5-12세대 12400F (엘더레이크)(벌크)상세보기[메인보드]ASRock B760M PG LIGHTNING/D4 에즈윈상세보기[메모리]ESSENCORE KLEVV DDR4-3200 CL22 (16GB) x 2 개상세보기[그래픽카드]ZOTAC GAMING 지포스 RTX 4060 Ti TWIN Edge D6 8GB상세보기[SSD]장우컴퍼니 PM9A1 M.2 NVMe 병행수입 (1TB) 삼성전자상세보기[케이스]1stPlayer T7-P 블랙 (미들타워)상세보기[파워서플라이]FSP HYPER K PRO 600W 80PLUS Standard 230V EU상세보기[CPU쿨러]3RSYS TEAMMOST TM40상세보기[조립PC관련][견적왕] 조립 서비스 + 1년 출장 A/S상세보기CPU는 게이밍 기준 14세대와 성능 차이가 크지 않아 가성비로 구성하신다면 인텔 코어i5-12세대 12400F 제품 추천 드립니다메인보드는 합리적인 가격에 DR.MOS 350A 전원부를 탑재한 ASRock B760M PG LIGHTNING/D4 제품 추천 드립니다메모리는 SK 자회사 제품으로 하이닉스 칩셋을 사용해 뛰어난 성능과 안정성을 제공하는 ESSENCORE KLEVV DDR4-3200 CL22 제품 추천 드립니다그래픽카드는  A/S 3대장 중 하나이고 구매 후 제품 등록 시 보증 기간 2년 추가해 5년 보증 제공하는 ZOTAC GAMING 지포스 RTX 4060 Ti TWIN Edge D6 8GB 제품 추천 드립니다SSD는 삼성 980 PRO OEM 제품으로 뛰어난 성능에 가격까지 저렴한 PM9A1 M.2 NVMe 병행수입 제품 추천 드립니다케이스는 120MM 쿨링팬 6개 기본 제공하고 디자인, 편의성, 가격까지 어느 하나 빠지는 것 없는  1stPlayer T7-P 제품 추천 드립니다파워서플라이는 브론즈급 효율과 뛰어난 안정성을 제공하는 1티어 파워 FSP HYPER K PRO 600W 80PLUS Standard 230V EU 제품 추천 드립니다CPU쿨러는 싱글 공랭 타워 최상위급 성능에 가격까지 저렴한 갓성비 쿨러 3RSYS TEAMMOST TM40 제품 추천 드립니다",
    "quote_feedback": "저렴한 제품으로 가격 맞추기가 아닌 가격 대비 뛰어난 성능과 우수한 품질 A/S 등을 고려하여 견적 구성했습니다"
}