{
    "quote_number": "2147",
    "quote_title": "260만원 로스트아크 배틀그라운드 검은사막 스팀게임 라이젠 7800X3D + RTX 4070Ti 화이트감성 QHD 게이밍 컴퓨터 견적",
    "date_create": "2024.3.5",
    "cpu_gpu_combinations": "라이젠7 7800X3D + RTX 4070 Ti SUPER 조합",
    "quotation_summary": " 라이젠 7800X3D / RTX 4070Ti SUPER / RAM 32GB / SSD 2TB + HDD 2TB# QHD 게이밍# FHD 게이밍# 화이트감성# 스팀게임# 로아# 배그# 검은사막# RPG# SSD+HDD 구성",
    "quote_person_introduction": "안녕하세요. 로카프입니다.우리 주변에는 아직 컴퓨터 견적구성을 어떻게 할 지 몰라 고민에 빠지는 분들이 많이 계십니다.성능은 괜찮을까? 고장은 나지 않을까? 가격은 괜찮은건가? 이런 고민들을 한 번쯤은 해보셨을 겁니다.용도에 알맞는 성능과 합리적인 가격, 최우선으로 안정성과 신뢰도 높은 부품들로 구성된 견적을 추천해드리겠습니다.컴퓨터를 처음 알아보시는 분들의 입장에서 생각하고 견적을 구성해드리는 견적맨이 되겠습니다.",
    "quotations_quotations_description": "[CPU]AMD 라이젠7-5세대 7800X3D (라파엘) (멀티팩(정품))상세보기[메인보드]GIGABYTE B650M AORUS ELITE AX ICE 피씨디렉트상세보기[그래픽카드]ZOTAC 지포스 RTX 4070 Ti SUPER Trinity OC D6X 16GB White상세보기[데스크탑 HDD]Toshiba 2TB P300 HDWD120 (SATA3/7200/64M)상세보기[케이스]DARKFLASH DRX70 MESH RGB 강화유리 화이트 (미들타워)상세보기[파워서플라이]NEWZEN SKULL 750SM MODULAR ATX 3.0 80PLUS GOLD WHITE (PCIE5)상세보기[CPU쿨러]Thermalright Peerless Assassin 120 SE WHITE ARGB 서린상세보기[이벤트특가][SSD + RAM] 마이크론 Crucial T500 2TB + Crucial DDR5-5600 (32GB(16Gx2)) 패키지 대원씨티에스상세보기[조립PC관련][견적왕] 조립 서비스 + 1년 출장 A/S상세보기CPU는 3D V캐시 구성으로 압도적인 게이밍 성능을 자랑하며 공랭쿨러로도 사용이 가능한 7800X3D입니다. 8코어 16쓰레드 구조로 방송하시는 데도 충분한 성능을 발휘하는 제품입니다.메인보드는 720A급의 전원부성능을 가졌으며 WIFI와 블루투스기능을 탑재한 B650칩셋의 제품입니다. 전체적으로 전원부 방열판과 M.2 SSD 방열판이 잘 구성되어있으며 기판까지 화이트색상이 적용된 디자인을 가지고있습니다.그래픽카드는 RTX 4070Ti 대비 약 5% 정도 게임성능 좀 더 좋으며 QHD 게이밍도 노려볼 수 있을만큼 성능이 매우 좋은 4070 Ti SUPER입니다. 더불어 ZOTAC사 제품으로 A/S 걱정에서 자유로울 수 있으며, 구매 후 14일 이내 제품 등록 시 무상 3년 보증에 추가로 2년 확대보증 서비스를 제공하여 오래도록 사용할 수 있습니다.데스크탑 HDD는 안정성 높은 CMR 방식의 구조를 택해 SMR 방식의 HDD에 비해 안정성이 높은 TOSHIBA P300 HDD입니다.케이스는 전면 먼지필터 분리가 간편해 청소가 용이하고 나사없이 측면 강화유리 탈부착이 가능한 DRX70입니다. 케이스팬 4개를 제공하고 CPU쿨러 최대호환가능높이 180mm, 그래픽카드 최대호환가능길이 355mm로 내부공간도 넓은 편입니다.파워서플라이는 고주파증상도 원활한 A/S받을 수 있는 SKULL 제품으로 12VHPWR 케이블도 있어 RTX 4000번대 상위 제품 구성 시 깔끔하게 연결가능합니다.CPU쿨러는 듀얼타워공랭쿨러 가운데 탁월한 쿨링성능과 정숙성을 보여주는 Peerless Assassin 120 SE 제품입니다. 더불어 해당 제품은 ARGB 기능 탑재로 RGB 컨트롤이 가능합니다.",
    "quote_feedback": "RTX 4070Ti 단종으로 인해 ﻿24.02.29 부로 견적서 구성 그래픽카드가 RTX 4070Ti SUPER로 변경되었습니다.3D V캐시 적용으로 다량의 캐시메모리기 탑재되어 게임성능이 매우 좋은 7800X3D와QHD 게이밍까지 노려볼 수 있는 RTX 4070Ti SUPER 조합의 견적입니다.7800X3D CPU가 구성되어있으므로 특히 로스트아크, 검은사막과 같은 국산 MMORPG 게임에서의 성능이 매우 좋으며메모리는 JEDEC 표준 일반램으로 16GB 2장 총 32GB 구성해드렸습니다.그래픽카드는 A/S퀄리티가 좋은 이엠텍, 조텍, 갤럭시, inno3D 제품 사용 추천드리며SSD는 PCIe4.0 규격의 스펙 좋은 2TB 제품 선택했습니다.2TB HDD도 구성해서 사진이나 영상파일 저장량이 많아도 저장공간 충분하도록 했으며CPU쿨러는 상급 듀얼타워공랭쿨러로 사용가능하겠습니다."
}