{
    "quote_number": "2151",
    "quote_title": "130만원 디아2 레저렉션 라이젠 5600 + RTX 4060 모니터포함 FHD 게이밍 컴퓨터 견적",
    "date_create": "2024.3.18",
    "cpu_gpu_combinations": "라이젠5 5600 + RTX 4060 조합",
    "quotation_summary": " 라이젠 5600 / RTX 4060 / RAM 32GB / SSD 500GB / 모니터포함# FHD 게이밍# 디아블로2 레저렉션# 롤# 발로란트",
    "quote_person_introduction": "안녕하세요. 로카프입니다.우리 주변에는 아직 컴퓨터 견적구성을 어떻게 할 지 몰라 고민에 빠지는 분들이 많이 계십니다.성능은 괜찮을까? 고장은 나지 않을까? 가격은 괜찮은건가? 이런 고민들을 한 번쯤은 해보셨을 겁니다.용도에 알맞는 성능과 합리적인 가격, 최우선으로 안정성과 신뢰도 높은 부품들로 구성된 견적을 추천해드리겠습니다.컴퓨터를 처음 알아보시는 분들의 입장에서 생각하고 견적을 구성해드리는 견적맨이 되겠습니다.",
    "quotations_quotations_description": "[CPU]AMD 라이젠5-4세대 5600 (버미어) (멀티팩(정품))상세보기[메인보드]ASUS PRIME B550M-A 대원CTS상세보기[메모리]마이크론 Crucial DDR4-3200 CL22 (16GB) x 2 개상세보기[그래픽카드]이엠텍 지포스 RTX 4060 STORM X Dual OC D6 8GB상세보기[SSD]SK하이닉스 GOLD P31 M2 NVMe (500GB)상세보기[케이스]DARKFLASH DK290 Air MESH RGB 강화유리 블랙 (미들타워)상세보기[파워서플라이]DARKFLASH SAVEMOST 600W 80PLUS STANDARD상세보기[CPU쿨러]DARKFLASH Ellsworth S21 ARGB (블랙)상세보기[모니터]알파스캔 AOC 27G2SP 게이밍 165 프리싱크 무결점상세보기[조립PC관련][견적왕] 조립 서비스 + 1년 출장 A/S상세보기CPU는 6코어 12쓰레드 구조로 A520 메인보드와 싱글타워공랭쿨러 구성만으로도 쾌적하게 작동합니다. 또한 출시때부터 초가성비 견적을 구성할 때 많이 추천되고 있는 라이젠 5600입니다.메인보드는 B550 보드 중에서 가격적으로 큰 부담이 없으며, 5600/5600X를 충분히 뒷받침해줄 수 있는 전원부 구성을 가진 메인보드입니다. 또한, B550 칩셋이므로 PCIe 4.0을 지원하고 있습니다.메모리는 삼성전자 제품보다 소폭 저렴하면서 성능은 동일하고 라이프 워런티 A/S 정책으로 사후서비스면에서 메리트가 있는 제품입니다.그래픽카드는 A/S퀄리티 1티어인 이엠텍사 RTX 4060입니다. RTX 4060은 PCIe4.0x8 인터페이스 제품이므로 PCIe3.0 환경에서는 일부 성능하락이 있는 점 참고하세요.SSD는 PCIe 3.0 방식의 SSD에서는 이견이 없는 최고의 SSD입니다. 성능이면 성능, 발열이면 발열 모두 최고입니다.케이스는 120mm팬 6개와 수직받침대형태의 그래픽카드지지대가 기본구성되어있는 DK290입니다. 제원 상 CPU쿨러 최대호환가능높이는 165mm이며 그래픽카드 최대호환가능길이는 340mm입니다. 상단의 LED 컨트롤 버튼으로 LED모드 및 기본팬 RPM 속도 조정이 가능합니다.파워서플라이는 5년보증 새제품교환3년정책의 비용부담 크지 않은 SAVEMOST 600W 스탠다드 제품입니다.CPU쿨러는 2~3만원대 쿨러 중 가성비가 뛰어난 제품으로, AM4소켓 CPU 구성시 발생할 수 있는 무뽑기 파손증상 방지키트가 구성품에 포함되어 있습니다.",
    "quote_feedback": "i5 12400F + RTX 4060 조합 대비 좀 더 가성비 챙겨서 구성한다면 라이젠 5600 + RTX 4060 조합 고려해보실 수 있겠으며모니터포함 130만원 안쪽으로 맞춰드렸습니다.그래픽카드는 가장 고가의 부품인만큼 A/S퀄리티도 신경써서 선택했으며모니터는 27인치 FHD IPS 고주사율 제품 포함했습니다."
}