{
    "quote_number": "2167",
    "quote_title": "340만원 유니티 언리얼 미디 라이젠 7950X + RTX 4070Ti 윈도우포함 작업용 컴퓨터 견적",
    "date_create": "2024.4.9",
    "cpu_gpu_combinations": "라이젠9 7950X + RTX 4070 Ti SUPER 조합",
    "quotation_summary": " 라이젠 7950X / RTX 4070Ti SUPER / RAM 64GB / SSD 1TB + 2TB / 윈도우포함# 작업용# 윈도우포함# 3D작업# 언리얼# 유니티# 미디# SSD 2장 구성",
    "quote_person_introduction": "안녕하세요. 로카프입니다.우리 주변에는 아직 컴퓨터 견적구성을 어떻게 할 지 몰라 고민에 빠지는 분들이 많이 계십니다.성능은 괜찮을까? 고장은 나지 않을까? 가격은 괜찮은건가? 이런 고민들을 한 번쯤은 해보셨을 겁니다.용도에 알맞는 성능과 합리적인 가격, 최우선으로 안정성과 신뢰도 높은 부품들로 구성된 견적을 추천해드리겠습니다.컴퓨터를 처음 알아보시는 분들의 입장에서 생각하고 견적을 구성해드리는 견적맨이 되겠습니다.",
    "quotations_quotations_description": "[CPU]AMD 라이젠9-5세대 7950X (라파엘) (멀티팩(정품))상세보기[메인보드]ASRock B650 PG Lightning 대원씨티에스상세보기[메모리]ADATA DDR5-5600 CL46-45-45 (32GB) x 2 개상세보기[그래픽카드]ZOTAC 지포스 RTX 4070 Ti SUPER Trinity D6X 16GB Black상세보기[SSD]Western Digital WD BLACK SN850X M.2 NVMe (2TB)상세보기[SSD]Western Digital WD BLACK SN850X M.2 NVMe (1TB)상세보기[케이스]Antec P20CE ELITE 6FAN METAL MESH SOLID (미들타워)상세보기[파워서플라이]SuperFlower SF-850F14HG LEADEX III GOLD BLACK (PCIE 5)상세보기[CPU쿨러]쿨러마스터 MASTERLIQUID 360 ATMOS (BLACK)상세보기[소프트웨어]Microsoft Windows 11 Home (처음사용자용 한글)상세보기[쿨러.튜닝.조명.액세서리]케이엘시스템 KLcom M.2 2280 방열판 (BLACK)상세보기[조립PC관련][견적왕] 조립 서비스 + 1년 출장 A/S상세보기[조립PC관련]수랭 쿨러 조립 추가 비용상세보기CPU는 16코어 32쓰레드 구조로 많은 코어수를 활용하여 뛰어난 작업 성능을 발휘하는 라이젠 7950X입니다. 또한 AVX-512 명령어를 지원해 복잡하고 많은 연산이 요구되는 금융 분석, 시뮬레이션, 모델링과 같은 고성능 컴퓨팅/딥러닝 연산 영역에서 더욱 뛰어납니다.메인보드는 840A급 드라이버모스펫 채용으로 전원부 성능이 매우 뛰어나 라이젠 7000시리즈 어떤 CPU와도 구성 할 수 있는 제품입니다. 또한, ATX 사이즈 메인보드로 확장성 역시 매우 좋습니다.메모리는 라이프워런티정책으로 A/S정책 좋은 ADATA 5600클럭 JEDEC 표준 일반램입니다.그래픽카드는 RTX 4070Ti 대비 약 5% 정도 게임성능 좀 더 좋으며 QHD 게이밍도 노려볼 수 있을만큼 성능이 매우 좋은 4070 Ti SUPER입니다. 더불어 ZOTAC사 제품으로 A/S 걱정에서 자유로울 수 있으며, 구매 후 14일 이내 제품 등록 시 무상 3년 보증에 추가로 2년 확대보증 서비스를 제공하여 오래도록 사용할 수 있습니다.SSD는 최대읽기속도 7,300MB/s 최대쓰기속도 6,600MB/s를 자랑하는 최상위권 PCIe 4.0 SSD인 SN850X입니다. WD BLACK SSD 대시보드를 통해 게임모드 이용 시 SSD의 저전력모드를 비활성화시켜 최고의 퍼포먼스를 발휘할 수 있습니다.SSD는 최대읽기속도 7,300MB/s 최대쓰기속도 6,300MB/s를 자랑하는 최상위권 PCIe 4.0 SSD인 SN850X입니다. WD BLACK SSD 대시보드를 통해 게임모드 이용 시 SSD의 저전력모드를 비활성화시켜 최고의 퍼포먼스를 발휘할 수 있습니다.케이스는 보증기간 2년의 전면 120mm팬 3개, 후면 120mm팬 1개, 하단 120mm팬 2개 총 6개 기본제공하는 제품입니다. 측면이 솔리드 스틸패널로 되어있어 강화유리를 선호하지 않는 분들께 좋은 선택지가 되겠으며 CPU쿨러 최대호환가능높이 170mm, 그래픽카드 최대호환가능길이 375mm 제원의 제품입니다.파워서플라이는 고주파 증상 발생에도 원활한 A/S가 가능한 SuperFlower사의 850W 골드등급 제품입니다. 12VHPWR 케이블이 기본구성되어 RTX 4000번대 그래픽카드 구성 시 깔끔한 선정리가 가능합니다.CPU쿨러는 360수랭쿨러 쿨링성능 최상위권의 쿨러마스터 360 ATMOS이며 인텔 i5 ~ i9, 라이젠 7000시리즈 X붙은 CPU들과 구성하기에 알맞는 제품입니다.소프트웨어는 처음사용자용 제품이라 추후 PC를 바꾸시더라도 다시 윈도우를 구매하실 필요 없이 기존 시리얼키로 인증하신 뒤 재사용이 가능합니다. 단, 시리얼키 하나 당 PC 1대만 사용이 가능한 점은 동일합니다.쿨러.튜닝.조명.액세서리는 가격 부담 크지 않은 M.2 SSD 방열판입니다. 메인보드에 M.2 SSD 방열판이 기본적으로 구성되어있지 않거나 갯수가 부족할 때 사용하시면 좋습니다.",
    "quote_feedback": "RTX 4070Ti 단종으로 인해 ﻿24.02.29 부로 견적서 구성 그래픽카드가 RTX 4070Ti SUPER로 변경되었습니다.16코어 32쓰레드 라이젠 7950X와 VRAM 16GB 용량의 RTX 4070Ti SUPER가 구성되어있는 견적으로CPU 성능과 GPU 성능 모두 좋은 조합입니다.메모리는 32GB 2장 총 64GB 용량 구성으로 작업용도에 맞춰 일반적인 게임용도 견적보다 좀 더 많이 구성해드렸으며SSD는 PCIe4.0 규격의 스펙 좋은 제품으로 1TB와 2TB 총 2장입니다.파워는 850W 용량이면 충분히 여유있겠으며CPU쿨러는 360 3열수랭쿨러 중 쿨링성능 좋은 제품으로 마무리했습니다."
}