{
    "quote_number": "2188",
    "quote_title": "240만원 머신러닝 딥러닝 라이젠 7900X + RTX 4060Ti 16GB 윈도우포함 작업용 컴퓨터 견적",
    "date_create": "2024.4.9",
    "cpu_gpu_combinations": "라이젠9 7900X + RTX 4060 Ti 조합",
    "quotation_summary": " 라이젠 7900X / RTX 4060Ti 16GB / RAM 64GB / SSD 1TB / 윈도우포함# 작업용# 윈도우포함# 그래픽카드 업그레이드 고려# 머신러닝# 딥러닝",
    "quote_person_introduction": "안녕하세요. 로카프입니다.우리 주변에는 아직 컴퓨터 견적구성을 어떻게 할 지 몰라 고민에 빠지는 분들이 많이 계십니다.성능은 괜찮을까? 고장은 나지 않을까? 가격은 괜찮은건가? 이런 고민들을 한 번쯤은 해보셨을 겁니다.용도에 알맞는 성능과 합리적인 가격, 최우선으로 안정성과 신뢰도 높은 부품들로 구성된 견적을 추천해드리겠습니다.컴퓨터를 처음 알아보시는 분들의 입장에서 생각하고 견적을 구성해드리는 견적맨이 되겠습니다.",
    "quotations_quotations_description": "[CPU]AMD 라이젠9-5세대 7900X (라파엘) (멀티팩(정품))상세보기[메인보드]ASRock B650 PG Lightning 대원씨티에스상세보기[메모리]ADATA DDR5-5600 CL46-45-45 (32GB) x 2 개상세보기[그래픽카드]MSI 지포스 RTX 4060 Ti 벤투스 2X 블랙 OC D6 16GB상세보기[SSD]Western Digital WD BLACK SN850X M.2 NVMe (1TB)상세보기[케이스]DARKFLASH DLX21 RGB MESH 강화유리 블랙 (미들타워)상세보기[파워서플라이]SuperFlower SF-850F14HG LEADEX III GOLD BLACK (PCIE 5)상세보기[CPU쿨러]쿨러마스터 MASTERLIQUID 360 ATMOS (BLACK)상세보기[소프트웨어]Microsoft Windows 11 Home (처음사용자용 한글)상세보기[조립PC관련][견적왕] 조립 서비스 + 1년 출장 A/S상세보기[조립PC관련]수랭 쿨러 조립 추가 비용상세보기CPU는 12코어 24쓰레드 구조로 많은 코어수를 활용하여 뛰어난 작업 성능을 발휘하는 라이젠 7900X입니다. 또한 AVX-512 명령어를 지원해 복잡하고 많은 연산이 요구되는 금융 분석, 시뮬레이션, 모델링과 같은 고성능 컴퓨팅/딥러닝 연산 영역에서 더욱 뛰어납니다.메인보드는 840A급 드라이버모스펫 채용으로 전원부 성능이 매우 뛰어나 라이젠 7000시리즈 어떤 CPU와도 구성 할 수 있는 제품입니다. 또한, ATX 사이즈 메인보드로 확장성 역시 매우 좋습니다.메모리는 라이프워런티정책으로 A/S정책 좋은 ADATA 5600클럭 JEDEC 표준 일반램입니다.그래픽카드는 RTX 4060Ti 가운데 VRAM 16GB 용량 버전의 제품입니다. 작업 가운데 VRAM 용량이 많이 필요하거나 모바일게임 다클라 구동용 견적 구성 시 선택해볼만합니다.SSD는 최대읽기속도 7,300MB/s 최대쓰기속도 6,300MB/s를 자랑하는 최상위권 PCIe 4.0 SSD인 SN850X입니다. WD BLACK SSD 대시보드를 통해 게임모드 이용 시 SSD의 저전력모드를 비활성화시켜 최고의 퍼포먼스를 발휘할 수 있습니다.케이스는 많은 소비자들로부터 꾸준한 사랑을 받고있는 DLX 21 MESH입니다. 140mm 전면팬 3개와 140mm 후면팬 1개 기본구성에 상단 3열 수랭쿨러 호환도 문제없으며 호환길이 CPU공랭쿨러 180mm / 그래픽카드 400mm의 뛰어난 호환성도 장점입니다.파워서플라이는 고주파 증상 발생에도 원활한 A/S가 가능한 SuperFlower사의 850W 골드등급 제품입니다. 12VHPWR 케이블이 기본구성되어 RTX 4000번대 그래픽카드 구성 시 깔끔한 선정리가 가능합니다.CPU쿨러는 360수랭쿨러 쿨링성능 최상위권의 쿨러마스터 360 ATMOS이며 인텔 i5 ~ i9, 라이젠 7000시리즈 X붙은 CPU들과 구성하기에 알맞는 제품입니다.소프트웨어는 처음사용자용 제품이라 추후 PC를 바꾸시더라도 다시 윈도우를 구매하실 필요 없이 기존 시리얼키로 인증하신 뒤 재사용이 가능합니다. 단, 시리얼키 하나 당 PC 1대만 사용이 가능한 점은 동일합니다.",
    "quote_feedback": "윈도우포함 현재기준 4070Ti 포함 시 질문자님께서 적어주신 예산범위 내로 구성되도록라이젠 7900X 기반 견적 구성 도와드렸습니다.그래픽카드 제외하고도 320만원 예산이시면 CPU 좀 더 높여서 7950X 보셔도 되며,한컴 오피스는 한글과컴퓨터 홈페이지에서 구매진행하셔도 되겠습니다.메인보드는 충분한 전원부 성능을 가졌으며 ATX 사이즈로추후 두께 두꺼운 그래픽카드 구성도 용이한 제품입니다.메모리는 작업용도를 고려하여 32GB 2장 총 64GB 구성해드렸으며그래픽카드 업그레이드 전까지 당장 사용하실 그래픽카드가 필요하시다면 VRAM 용량많은 4060Ti 16GB 고려해볼 수 있겠습니다.SSD는 PCIe4.0 규격의 스펙 좋은 1TB 제품이며내부공간 넉넉한 케이스와 850W 파워 구성이므로 RTX 4080까지 업그레이드 가능하겠습니다.CPU쿨러는 360수랭쿨러 가운데 쿨링성능 신경써서 선택했습니다.윈도우는 처음사용자용 제품으로 포함해서 추후 PC 교체 시재구매하실 필요없이 인증 옮겨서 지속적으로 사용하실 수 있습니다."
}