{
    "quote_number": "2192",
    "quote_title": "500만원 스팀게임 로스트아크 검은사막 리마스터옵션 MMORPG 라이젠 7800X3D + RTX 4090 윈도우포함 화이트감성 QHD 게이밍 4K 게이밍 컴퓨터 견적",
    "date_create": "2024.3.15",
    "cpu_gpu_combinations": "라이젠7 7800X3D + RTX 4090 조합",
    "quotation_summary": " 라이젠 7800X3D / RTX 4090 / RAM 32GB / SSD 1TB / 윈도우포함 / 외장ODD 포함# 4K 게이밍# QHD 게이밍# 윈도우포함# 화이트감성# 스팀게임# 검은사막 리마스터옵션# 로아# WOW# MMORPG# 외장ODD 포함",
    "quote_person_introduction": "안녕하세요. 로카프입니다.우리 주변에는 아직 컴퓨터 견적구성을 어떻게 할 지 몰라 고민에 빠지는 분들이 많이 계십니다.성능은 괜찮을까? 고장은 나지 않을까? 가격은 괜찮은건가? 이런 고민들을 한 번쯤은 해보셨을 겁니다.용도에 알맞는 성능과 합리적인 가격, 최우선으로 안정성과 신뢰도 높은 부품들로 구성된 견적을 추천해드리겠습니다.컴퓨터를 처음 알아보시는 분들의 입장에서 생각하고 견적을 구성해드리는 견적맨이 되겠습니다.",
    "quotations_quotations_description": "[CPU]AMD 라이젠7-5세대 7800X3D (라파엘) (멀티팩(정품))상세보기[메인보드]ASRock B650E 스틸레전드 WiFi 대원씨티에스상세보기[메모리]ADATA DDR5-5600 CL46-45-45 (16GB) x 2 개상세보기[그래픽카드]GIGABYTE 지포스 RTX 4090 AERO OC D6X 24GB 피씨디렉트상세보기[SSD]Western Digital WD BLACK SN850X M.2 NVMe (1TB)상세보기[케이스]DARKFLASH DLX21 RGB MESH 강화유리 화이트 (미들타워)상세보기[파워서플라이]SuperFlower SF-1000F14XG LEADEX VII GOLD WHITE ATX 3.0 (PCIE5)상세보기[CPU쿨러]발키리 GL360 ARGB (WHITE)상세보기[ODD]Lite-On USB 외장형 DVD-RW ES-1상세보기[소프트웨어]Microsoft Windows 11 Home (처음사용자용 한글)상세보기[조립PC관련][견적왕] 조립 서비스 + 1년 출장 A/S상세보기[조립PC관련]수랭 쿨러 조립 추가 비용상세보기CPU는 3D V캐시 구성으로 압도적인 게이밍 성능을 자랑하며 공랭쿨러로도 사용이 가능한 7800X3D입니다. 8코어 16쓰레드 구조로 방송하시는 데도 충분한 성능을 발휘하는 제품입니다.메인보드는 960A급 드라이버모스펫 채용으로 전원부 성능이 매우 뛰어나 라이젠 7000시리즈 어떤 CPU와도 구성 할 수 있는 제품입니다. 또한, ATX 사이즈 메인보드로 확장성 역시 매우 좋으며 WIFI와 블루투스 기능도 탑재하고 있습니다. 기판일부와 방열판색상이 화이트라서 화이트감성 PC 구성과도 잘 어울립니다.메모리는 라이프워런티정책으로 A/S정책 좋은 ADATA 5600클럭 JEDEC 표준 일반램입니다.그래픽카드는 RTX 4000번대 최상위 제품인 RTX 4090이며 화이트색상 제품입니다. 구입 후 30일 이내 홈페이지 등록 시 3년무상보증에 1년을 더 연장하여 총 4년의 무상 서비스를 제공합니다.SSD는 최대읽기속도 7,300MB/s 최대쓰기속도 6,300MB/s를 자랑하는 최상위권 PCIe 4.0 SSD인 SN850X입니다. WD BLACK SSD 대시보드를 통해 게임모드 이용 시 SSD의 저전력모드를 비활성화시켜 최고의 퍼포먼스를 발휘할 수 있습니다.케이스는 많은 소비자들로부터 꾸준한 사랑을 받고있는 DLX 21 MESH입니다. 140mm 전면팬 3개와 140mm 후면팬 1개 기본구성에 상단 3열 수랭쿨러 호환도 문제없으며 호환길이 CPU공랭쿨러 180mm / 그래픽카드 400mm의 뛰어난 호환성도 장점입니다.파워서플라이는 고주파 증상 발생에도 원활한 A/S가 가능한 SuperFlower사의 1000W 골드등급 제품입니다. 12VHPWR 케이블이 기본구성되어 RTX 4000번대 그래픽카드 구성 시 깔끔한 선정리가 가능합니다. 또한, ATX 3.0 인증 제품으로 최대 235%의 피크전력까지 버틸 수 있어 순간적인 과부하 조건에서도 안정적인 사용이 가능합니다.CPU쿨러는 360수랭쿨러 쿨링성능 최상위권의 발키리 GL360이며 인텔 i5 ~ i9, 라이젠 7000시리즈 X붙은 CPU들과 구성하기에 알맞는 제품입니다.소프트웨어는 처음사용자용 제품이라 추후 PC를 바꾸시더라도 다시 윈도우를 구매하실 필요 없이 기존 시리얼키로 인증하신 뒤 재사용이 가능합니다. 단, 시리얼키 하나 당 PC 1대만 사용이 가능한 점은 동일합니다.",
    "quote_feedback": "단순게임용도라면 CPU는 3D V캐시 적용된 라이젠 7800X3D 구성 추천드립니다.캐시메모리 용량이 매우 커 게이밍에 특화되어있으며 특히 로스트아크, 검은사막과 같은 국산 RPG게임에서의 성능이 좋습니다.메인보드는 WIFI기능을 탑재했고 ATX사이즈로 두께 두꺼운 그래픽카드도 구성 용이한 제품이며메모리는 16GB 2장 총 32GB 용량 구성해드렸습니다.그래픽카드는 A/S퀄리티 좋은 이엠텍, 조텍, 갤럭시, inno3D 제품 사용 추천드리며파워는 1000W 용량이면 RTX 4090 그래픽카드 구성에 알맞는 구성입니다.외장 ODD가 포함된 구성으로 CD, DVD 사용이 필요한 경우에 이용하실 수 있습니다.윈도우는 특별한 이유가 있으신 게 아니라면 Home버전으로, 10 금액대가 많이 높아져 11로 알아보셔도 되겠으며처음사용자용 제품으로 포함하여 추후 PC 교체 시 재구매하실 필요 없이 인증 옮겨서 지속적으로 사용가능하도록 했습니다."
}