{
    "quote_number": "2203",
    "quote_title": "160만원 스팀게임 시티즈 스카이라인 2 라이젠 7500F + RX 7800 XT FHD 게이밍 컴퓨터 견적",
    "date_create": "2024.3.15",
    "cpu_gpu_combinations": "라이젠5 7500F + RX 7800 XT 조합",
    "quotation_summary": " 라이젠 7500F / RX 7800XT / RAM 32GB / SSD 1TB# FHD 게이밍# 스팀게임# 시티즈# 시스카# 경영 시뮬레이션",
    "quote_person_introduction": "안녕하세요. 로카프입니다.우리 주변에는 아직 컴퓨터 견적구성을 어떻게 할 지 몰라 고민에 빠지는 분들이 많이 계십니다.성능은 괜찮을까? 고장은 나지 않을까? 가격은 괜찮은건가? 이런 고민들을 한 번쯤은 해보셨을 겁니다.용도에 알맞는 성능과 합리적인 가격, 최우선으로 안정성과 신뢰도 높은 부품들로 구성된 견적을 추천해드리겠습니다.컴퓨터를 처음 알아보시는 분들의 입장에서 생각하고 견적을 구성해드리는 견적맨이 되겠습니다.",
    "quotations_quotations_description": "[CPU]AMD 라이젠5-5세대 7500F (라파엘) (멀티팩(정품))상세보기[메인보드]ASRock B650M PG Lightning 에즈윈상세보기[메모리]ADATA DDR5-5600 CL46-45-45 (16GB) x 2 개상세보기[그래픽카드]SAPPHIRE 라데온 RX 7800 XT PULSE D6 16GB상세보기[SSD]Western Digital WD BLACK SN850X M.2 NVMe (1TB)상세보기[케이스]DAVEN APEX Black (미들타워)상세보기[파워서플라이]쿨러마스터 G800 GOLD상세보기[CPU쿨러]PCCOOLER PALADIN EX400 (BLACK)상세보기[쿨러.튜닝.조명.액세서리]케이엘시스템 KLcom M.2 2280 방열판 (BLACK)상세보기[조립PC관련][견적왕] 조립 서비스 + 1년 출장 A/S상세보기CPU는 6코어 12쓰레드 구조로 라이젠 7600과 성능 차이가 크지않으면서 내장그래픽이 없어 금액부담 덜 수 있는 제품입니다.메인보드는 B650칩셋 제품으로 PBO와 커브옵티마이저 기능 사용이 가능하며 드라이버모스펫을 사용한 B650M PG Lightning입니다. 3개의 5V ARGB 헤더가 구성되어 있어 각종 ARGB 부품을 연결하는 데 있어 용이합니다.메모리는 라이프워런티정책으로 A/S정책 좋은 ADATA 5600클럭 JEDEC 표준 일반램입니다.그래픽카드는 RTX 4070 대비 전반적인 게임 프레임이 좀 더 높으며 특히 DX12 API 게임에서 더욱 두드러지는 7800XT입니다. 이엠텍에서 유통하는 사파이어사 제품으로 A/S퀄리티도 매우 좋습니다.SSD는 최대읽기속도 7,300MB/s 최대쓰기속도 6,300MB/s를 자랑하는 최상위권 PCIe 4.0 SSD인 SN850X입니다. WD BLACK SSD 대시보드를 통해 게임모드 이용 시 SSD의 저전력모드를 비활성화시켜 최고의 퍼포먼스를 발휘할 수 있습니다.케이스는 기본팬 4개를 제공하고 CPU쿨러최대호환가능높이 185mm, 그래픽카드최대호환가능길이 350mm 제원의 DAVEN APEX입니다. 좌측면 스윙도어 형태이며 LED ON/OFF 스위치가 있어 사용자 취향에 따라 켜고 끌 수 있습니다.파워서플라이는 800W 골드등급의 제품으로 시스템에 안정적으로 전원 공급가능한 용량이며, 쿨러마스터 제품 역시 A/S 정책이 좋습니다.CPU쿨러는 PALADIN 400의 염가형 버전이라고 보시면 되겠으며, 무뽑방지킷은 기본제공하고 있지 않은 점 참고하시기 바랍니다.쿨러.튜닝.조명.액세서리는 가격 부담 크지 않은 M.2 SSD 방열판입니다. 메인보드에 M.2 SSD 방열판이 기본적으로 구성되어있지 않거나 갯수가 부족할 때 사용하시면 좋습니다.",
    "quote_feedback": "적어주신 사용용도와 예산 고려하여라이젠 7500F + RX 7800 XT 조합의 견적 구성 도와드렸습니다.메모리는 16GB 2장 총 32GB로 요청하신대로 구성해드렸으며그래픽카드는 3060보다 게임성능 좀 더 좋고 VRAM 용량도 16GB로 더 많은 7800 XT 선택했습니다.SSD는 PCIe4.0 규격의 스펙 좋은 1TB 제품으로파워는 용량 넉넉하게 구성 도와드렸으며 CPU쿨러는 싱글타워공랭쿨러로 충분하겠습니다."
}