{
    "quote_number": "2219",
    "quote_title": "110만원 롤 메이플 서든 배그 라이젠 5600 + RTX 3060 12GB 윈도우포함 FHD 게이밍 컴퓨터 견적",
    "date_create": "2024.3.21",
    "cpu_gpu_combinations": "라이젠5 5600 + RTX 3060 조합",
    "quotation_summary": " 라이젠 5600 / RTX 3060 12GB / RAM 32GB / SSD 500GB / 윈도우포함# FHD 게이밍# 배틀그라운드# 서든어택# 롤# 메이플스토리",
    "quote_person_introduction": "안녕하세요. 로카프입니다.우리 주변에는 아직 컴퓨터 견적구성을 어떻게 할 지 몰라 고민에 빠지는 분들이 많이 계십니다.성능은 괜찮을까? 고장은 나지 않을까? 가격은 괜찮은건가? 이런 고민들을 한 번쯤은 해보셨을 겁니다.용도에 알맞는 성능과 합리적인 가격, 최우선으로 안정성과 신뢰도 높은 부품들로 구성된 견적을 추천해드리겠습니다.컴퓨터를 처음 알아보시는 분들의 입장에서 생각하고 견적을 구성해드리는 견적맨이 되겠습니다.",
    "quotations_quotations_description": "[CPU]AMD 라이젠5-4세대 5600 (버미어) (멀티팩(정품))상세보기[메인보드]ASUS PRIME A520M-A II 대원CTS상세보기[메모리]마이크론 Crucial DDR4-3200 CL22 (16GB) x 2 개상세보기[그래픽카드]MSI 지포스 RTX 3060 벤투스 2X OC D6 12GB상세보기[SSD]SK하이닉스 GOLD P31 M2 NVMe (500GB)상세보기[케이스]DAVEN AQUARIUM 블랙 (미들타워)상세보기[파워서플라이]SuperFlower SF-600R12ST MEGA 80PLUS STANDARD 230V EU상세보기[CPU쿨러]DARKFLASH Ellsworth S21 ARGB (블랙)상세보기[소프트웨어]Microsoft Windows 11 Home (처음사용자용 한글)상세보기[조립PC관련][견적왕] 조립 서비스 + 1년 출장 A/S상세보기CPU는 6코어 12쓰레드 구조로 A520 메인보드와 싱글타워공랭쿨러 구성만으로도 쾌적하게 작동합니다. 또한 출시때부터 초가성비 견적을 구성할 때 많이 추천되고 있는 라이젠 5600입니다.메인보드는 A520 메인보드로 전원부 방열판이 구성되어 있으며 가격부담을 덜 수 있어 르누아르 내장그래픽 CPU, 세잔 내장그래픽 CPU, 5600 등과 가성비 견적을 구성할 때 좋은 선택지가 되는 제품입니다.메모리는 삼성전자 제품보다 소폭 저렴하면서 성능은 동일하고 라이프 워런티 A/S 정책으로 사후서비스면에서 메리트가 있는 제품입니다.그래픽카드는 FHD 게이밍을 무리없이 즐길 수 있으며 VRAM이 12GB인 것이 특징인 RTX 3060입니다. VRAM이 많이 필요하면서 가격부담이 적은 제품을 찾을 때 제격입니다.SSD는 PCIe 3.0 방식의 SSD에서는 이견이 없는 최고의 SSD입니다. 성능이면 성능, 발열이면 발열 모두 최고입니다.케이스는 흔히 어항케이스라고 불리우는 디자인이 적용된 DAVEN AQUARIUM입니다. CPU쿨러 최대호환가능높이 163mm, 그래픽카드 최대호환가능길이 415mm 제원을 가졌으며 ATX 사이즈 메인보드까지 호환가능한 미들타워 제품입니다. 측면 120mm 기본팬 3개, 후면 120mm 기본팬 1개 총 4개를 제공하며 ARGB를 지원하여 메인보드 제조사 프로그램을 통해 색상 조정이 가능합니다.파워서플라이는 국내 유통중인 파워중 A/S정책이 가장 좋은 슈퍼플라워사의 600W 파워입니다. 고주파 증상 발생 시에도 원활한 A/S 진행이 가능합니다!CPU쿨러는 2~3만원대 쿨러 중 가성비가 뛰어난 제품으로, AM4소켓 CPU 구성시 발생할 수 있는 무뽑기 파손증상 방지키트가 구성품에 포함되어 있습니다.소프트웨어는 처음사용자용 제품이라 추후 PC를 바꾸시더라도 다시 윈도우를 구매하실 필요 없이 기존 시리얼키로 인증하신 뒤 재사용이 가능합니다. 단, 시리얼키 하나 당 PC 1대만 사용이 가능한 점은 동일합니다.",
    "quote_feedback": "CPU는 가성비있게 구성가능한 라이젠 5600으로 메인보드에서의 금액부담이 크지 않으며DDR4 규격 메모리는 삼성 혹은 마이크론 제품 보시는 게 좋습니다.메모리는 16GB 2장 총 32GB 용량 구성해드렸으며SSD는 단순게임용도라면 PCIe3.0 규격의 발열적은 제품 사용하셔도 괜찮습니다.그래픽카드는 RTX 3060의 경우 VRAM용량이 8GB인 제품과 12GB인 제품이 있으며VRAM 용량이 좀 더 많은 12GB 제품의 성능이 좀 더 좋습니다.파워는 600W 용량 제품 사용하시면 충분하겠으며CPU쿨러는 AM4소켓 CPU구성이므로 무뽑방지킷 있는 싱글타워공랭쿨러 선택했습니다."
}