{
    "quote_number": "2223",
    "quote_title": "220만원 스팀게임 배틀그라운드 로스트아크 오버워치 발로란트 라이젠 7500F + RTX 4070 윈도우포함 모니터포함 화이트감성 FHD 게이밍 컴퓨터 견적",
    "date_create": "2024.3.15",
    "cpu_gpu_combinations": "라이젠5 7500F + RTX 4070 조합",
    "quotation_summary": " 라이젠 7500F / RTX 4070 / RAM 32GB / SSD 2TB / 윈도우포함 / 모니터포함# FHD 게이밍# 화이트감성# 윈도우포함# 모니터포함# 스팀게임# 배그# 발로란트# 옵치# 로아",
    "quote_person_introduction": "안녕하세요. 로카프입니다.우리 주변에는 아직 컴퓨터 견적구성을 어떻게 할 지 몰라 고민에 빠지는 분들이 많이 계십니다.성능은 괜찮을까? 고장은 나지 않을까? 가격은 괜찮은건가? 이런 고민들을 한 번쯤은 해보셨을 겁니다.용도에 알맞는 성능과 합리적인 가격, 최우선으로 안정성과 신뢰도 높은 부품들로 구성된 견적을 추천해드리겠습니다.컴퓨터를 처음 알아보시는 분들의 입장에서 생각하고 견적을 구성해드리는 견적맨이 되겠습니다.",
    "quotations_quotations_description": "[CPU]AMD 라이젠5-5세대 7500F (라파엘) (멀티팩(정품))상세보기[메인보드]ASRock B650M-HDV/M.2 대원씨티에스상세보기[그래픽카드]ASUS DUAL 지포스 RTX 4070 O12G OC D6X 12GB White상세보기[케이스]DAVEN APEX White (미들타워)상세보기[파워서플라이]topower Guardian TOP-700DG Single Rail 80PLUS BRONZE WHITE상세보기[CPU쿨러]DARKFLASH Ellsworth S21 (화이트)상세보기[소프트웨어]Microsoft Windows 11 Home (처음사용자용 한글)상세보기[이벤트특가][SSD + RAM] 마이크론 Crucial T500 2TB + Crucial DDR5-5600 (32GB(16Gx2)) 패키지 대원씨티에스상세보기[모니터]필립스 272E 게이밍 144 프리싱크 무결점상세보기[조립PC관련][견적왕] 조립 서비스 + 1년 출장 A/S상세보기CPU는 6코어 12쓰레드 구조로 라이젠 7600과 성능 차이가 크지않으면서 내장그래픽이 없어 금액부담 덜 수 있는 제품입니다.메인보드는 B650칩셋 제품으로 PBO와 커브옵티마이저 기능 사용이 가능하며 드라이버모스펫이 사용되어 전원부 성능 역시 좋은 제품입니다. 전원부 방열판과 M.2 SSD 방열판이 잘 구성되어있고 일체형 I/O쉴드가 적용되어 조립편의성도 좋습니다. 단, 5V ARGB 헤더가 없는 점 참고하시기 바랍니다.그래픽카드는 FHD 게이밍 끝판왕인 RTX 4070입니다. 보조전원은 8핀포트 1개 구성이며 화이트색상 제품이므로 화이트감성 PC에 알맞는 제품입니다. 길이 267mm, 두께 51.13mm라서 케이스 호환성도 좋습니다.케이스는 기본팬 4개를 제공하고 CPU쿨러최대호환가능높이 185mm, 그래픽카드최대호환가능길이 350mm 제원의 DAVEN APEX입니다. 좌측면 스윙도어 형태이며 LED ON/OFF 스위치가 있어 사용자 취향에 따라 켜고 끌 수 있습니다.파워서플라이는 topower사의 700W 브론즈등급 화이트색상 제품입니다. A/S보증기간 7년을 제공하고 화이트 색상 제품이라 화이트감성 PC에 알맞는 제품입니다.CPU쿨러는 2~3만원대 쿨러 중 가성비가 뛰어난 제품으로, AM4소켓 CPU 구성시 발생할 수 있는 무뽑기 파손증상 방지키트가 구성품에 포함되어 있습니다. 화이트 색상으로 화이트 감성 PC와도 잘 어울립니다.소프트웨어는 처음사용자용 제품이라 추후 PC를 바꾸시더라도 다시 윈도우를 구매하실 필요 없이 기존 시리얼키로 인증하신 뒤 재사용이 가능합니다. 단, 시리얼키 하나 당 PC 1대만 사용이 가능한 점은 동일합니다.",
    "quote_feedback": "하시는 게임들이 CPU보다는 그래픽카드가 성능에 영향을 더 끼치는 게임이라면CPU를 라이젠 7500F로 구성하고 그래픽카드를 RTX 4070으로 크게 높여 구성하는 방향도 좋겠습니다.메모리는 16GB 2장 총 32GB 용량 구성해드렸으며그래픽카드는 A/S퀄리티 좋은 이엠텍, 조텍, 갤럭시, inno3D 제품 사용 추천드립니다.SSD는 PCIe4.0 규격의 스펙 좋은 2TB 제품 선택했으며파워는 700W 용량 제품이면 충분하겠습니다.CPU쿨러는 싱글타워공랭쿨러로도 충분히 사용가능하겠습니다.윈도우는 처음사용자용 제품으로 포함해서 추후 PC 교체 시재구매할 필요없이 인증 옮겨서 지속적으로 사용할 수 있도록 했습니다."
}