{
    "quote_number": "2242",
    "quote_title": "2024년 2월 월간 견적 - 상급 QHD 게이밍(AMD)",
    "date_create": "2024.3.8",
    "cpu_gpu_combinations": "라이젠7 7800X3D + RTX 4080 SUPER 조합",
    "quotation_summary": " # QHD 게이밍# 월간 견적# 추천 견적# AAA급 게이밍# QHD 게이밍# TL# 쓰론 앤 리버티# 배그# 오버워치# 더 파이널스# QHD 상옵# QHD 최상옵",
    "quote_person_introduction": "안녕하세요! 견적왕 견적맨 총괄 매니저 로비오트입니다!퀘이사존 유저랭킹 1등을 계속해서 유지하고 있고견적게시판에서만 주로 활동하는 유저로그 누구보다 제품의 장단점, 성능적인 파악을 정확하게 하고 있습니다.물건을 판매하려는 견적이 아닌 실질적인 소비자 기준으로 구성을 하고 있으며기본적으로 A/S가 좋지 않은 곳은 걸러서 구성하고 있습니다.또한 블랙컨슈머로 인한 A/S이슈는 고려하지도듣지도 보지도 않고 있으니 이런 부분도 걸러 듣고 견적을 작성하고 있습니다!",
    "quotations_quotations_description": "[CPU]AMD 라이젠7-5세대 7800X3D (라파엘) (멀티팩(정품))상세보기[메인보드]ASRock B650M PG Riptide 대원씨티에스상세보기[메모리]ADATA DDR5-5600 CL46-45-45 (16GB) x 2 개상세보기[그래픽카드]ZOTAC GAMING 지포스 RTX 4080 SUPER Trinity D6X 16GB Black상세보기[SSD]마이크론 Crucial T500 M.2 NVMe 대원씨티에스 (1TB)상세보기[케이스]DARKFLASH DLX21 RGB MESH 강화유리 블랙 (미들타워)상세보기[파워서플라이]SuperFlower SF-850F14HG LEADEX III GOLD BLACK (PCIE 5)상세보기[CPU쿨러]Thermalright Peerless Assassin 120 SE 서린상세보기[조립PC관련][견적왕] 조립 서비스 + 1년 출장 A/S상세보기CPU는 게이밍의 신흥 강자\n7800x3D!메인보드는 12페이즈의 가성비 메인보드!\nB650 최고의 가성비 메인보드!메모리는 하이닉스 선별 IC 제품!\n인식률 좋고 제품 안정성도 좋고!그래픽카드는 조텍만의 특별한 3+2 AS!\n4080 SUPER 기준 가성비 갓갓!SSD는 전성비 최고의 신형 PCIe 4.0 모델!\n안정성 좋은 파이슨 E25 컨트롤러!케이스는 구관이 명관!\n베스트셀러 케이스!파워서플라이는 PCie 5.0 케이블 동봉!\n믿음 AS! 슈퍼플라워!CPU쿨러는 가성비 좋아진\n공냉 준 끝판왕!",
    "quote_feedback": "2024년 2월 월간 견적 - 상급 QHD 게이밍(AMD)"
}