{
    "quote_number": "2254",
    "quote_title": "[20만원대] 초저가 단순 사무용PC 3000G",
    "date_create": "2024.1.23",
    "cpu_gpu_combinations": "애슬론 3000G +  조합",
    "quotation_summary": " 간단한 문서작업, 웹서핑, 유튜브 시청 등 간단한 작업을 위한 사무용 PC# [20만원대] 초저가 단순 사무용PC 3000G",
    "quote_person_introduction": "안녕하세요! 견적왕 견적맨 Mr.홍금보 입니다.퀘이사존 다년간 좋은 인지도로 굳게 자리 잡았으며,저렴하다고 제품이 다 좋거나 가성비가 좋은건 아닙니다!합리적인 구매를 하실 수 있게 검증된 제품으로만 판매를 하고 구성을 하고 있으며,기본적으로 A/S가 좋지 않은 곳은 걸러서 구성하고 있습니다.믿고 맡겨주신다면, 그에 부응하도록 최선을 다할것을 굳게 약속 드리겠습니다!",
    "quotations_quotations_description": "[CPU]AMD 애슬론 3000G (레이븐 릿지)(벌크,쿨러)상세보기[메인보드]ASUS PRIME A320M-K 대원CTS상세보기[메모리]마이크론 Crucial DDR4 8G PC4-25600 CL22 x 2 개상세보기[케이스]DAVEN 라피네 (미니타워)상세보기[파워서플라이]쿨러마스터 MWE 500 BRONZE V2 230V상세보기[조립PC관련][견적왕] 조립 서비스 + 1년 출장 A/S상세보기CPU는 초저가 단순 사무용 CPU메인보드는 HDMI , D-SUB 지원메모리는 저렴한 가성비 RAM케이스는 심플하고 저렴한 사무용 케이스!파워서플라이는 가격도 성능도 준수한 파워!",
    "quote_feedback": "단순 인터넷 서핑 또는 문서작업을 하시는 용도의 초저가 사무용 PC입니다."
}