{
    "quote_number": "2274",
    "quote_title": "250만원 스팀게임 팰월드 팔월드 로스트아크 배틀그라운드 i5 13600KF + RTX 4070 SUPER 윈도우포함 모니터포함 FHD 게이밍 컴퓨터 견적",
    "date_create": "2024.3.22",
    "cpu_gpu_combinations": "코어i5-13600KF + RTX 4070 SUPER 조합",
    "quotation_summary": " i5 13600KF / RTX 4070 SUPER / RAM 32GB / SSD 2TB / 윈도우포함 / 모니터포함# FHD 게이밍# 윈도우포함# 모니터포함# 스팀게임# 팔월드# 팰월드# 배그# 로아# 옵치",
    "quote_person_introduction": "안녕하세요. 로카프입니다.우리 주변에는 아직 컴퓨터 견적구성을 어떻게 할 지 몰라 고민에 빠지는 분들이 많이 계십니다.성능은 괜찮을까? 고장은 나지 않을까? 가격은 괜찮은건가? 이런 고민들을 한 번쯤은 해보셨을 겁니다.용도에 알맞는 성능과 합리적인 가격, 최우선으로 안정성과 신뢰도 높은 부품들로 구성된 견적을 추천해드리겠습니다.컴퓨터를 처음 알아보시는 분들의 입장에서 생각하고 견적을 구성해드리는 견적맨이 되겠습니다.",
    "quotations_quotations_description": "[CPU]인텔 코어i5-13세대 13600KF (랩터레이크) (정품)상세보기[메인보드]MSI MAG B760M 박격포 II상세보기[메모리]OLOy DDR5-6000 CL32 BLADE RGB MIRROR 패키지 (32GB(16Gx2))하이닉스 A다이 언락 제품!상세보기[그래픽카드]ZOTAC GAMING 지포스 RTX 4070 SUPER TWIN Edge OC D6X 12GB상세보기[SSD]마이크론 Crucial T500 M.2 NVMe 대원씨티에스 (2TB)상세보기[케이스]DAVEN APEX Black (미들타워)상세보기[파워서플라이]NEWZEN SKULL 750SM MODULAR ATX 3.0 80PLUS GOLD (PCIE5)상세보기[CPU쿨러]Thermalright Peerless Assassin 120 SE 서린상세보기[소프트웨어]Microsoft Windows 11 Home (처음사용자용 한글)상세보기[모니터]크로스오버 271GV3F 패스트 165 아이세이브 게이밍 IPS 무결점상세보기[조립PC관련][견적왕] 조립 서비스 + 1년 출장 A/S상세보기CPU는 듀얼타워공랭쿨러와 B760 메인보드 구성으로 사용이 가능한 13600KF입니다. 고성능을 발휘하는 P코어 6개 효율성 높은 E코어 8개로 이루어진 빅리틀 구조의 CPU이며 따라서 윈도우11 사용이 권장됩니다.메인보드는 인텔 i5 CPU와 구성하기 좋은 B760칩셋을 사용한 메인보드입니다. DDR5 지원 메인보드로 900A급 드라이버모스펫 채용으로 전원부 성능이 매우 탁월하며 EZ 디버그 LED 기능 탑재로 컴퓨터 고장 발생시 대략적으로 고장부품을 구별해낼 수 있습니다.메모리는 조텍코리아에서 유통하고있는 OLOy 튜닝메모리입니다. 화이트방열판이 적용되어 화이트감성 PC 구성 시 제격이며 6000클럭의 고클럭 메모리로 메모리클럭이 중요한 게임에서 빛을 발합니다.그래픽카드는 RTX 4070과 RTX 4070 Ti 제품 사이에 위치한 라인업이며 길이 234.1mm, 두께 40.2mm의 제원을 가지고 있습니다. 보조전원 커넥터는 12VHPWR 규격이며 구매 후 14일 이내 제품 등록 시 무상 3년 보증에 추가로 2년 확대보증 서비스를 제공하여 오래도록 사용할 수 있습니다.SSD는 232단 TLC NAND가 적용된 최대읽기속도 7,400MB/s 최대쓰기속도 7,000MB/s를 자랑하는 최상위권 PCIe 4.0 SSD인 T500입니다.케이스는 기본팬 4개를 제공하고 CPU쿨러최대호환가능높이 185mm, 그래픽카드최대호환가능길이 350mm 제원의 DAVEN APEX입니다. 좌측면 스윙도어 형태이며 LED ON/OFF 스위치가 있어 사용자 취향에 따라 켜고 끌 수 있습니다.파워서플라이는 무상보증10년 고주파증상도 원활한 A/S받을 수 있는 SKULL 제품으로 750W 골드급 ATX3.0 제품입니다. 12VHPWR 커넥터도 지원합니다.CPU쿨러는 듀얼타워공랭쿨러 가운데 탁월한 쿨링성능과 정숙성을 보여주는 Peerless Assassin 120 SE 제품입니다.소프트웨어는 처음사용자용 제품이라 추후 PC를 바꾸시더라도 다시 윈도우를 구매하실 필요 없이 기존 시리얼키로 인증하신 뒤 재사용이 가능합니다. 단, 시리얼키 하나 당 PC 1대만 사용이 가능한 점은 동일합니다.모니터는 가성비 좋은 27인치 FHD IPS 165Hz 스펙의 무결점정책 제품입니다. 모니터 자체 내장스피커가 있으며,  DP1.2 포트 1개와 HDMI 1.4 포트 1개가 구성되어 있습니다.",
    "quote_feedback": "CPU는 게이밍용도에서 공랭쿨러 구성으로 사용가능한 i5 13600KF 선택했으며메모리는 16GB 2장 총 32GB 용량의 6000클럭 튜닝램 구성해드렸습니다.SSD는 PCIe4.0 규격의 스펙 좋은 2TB 제품이며파워는 12VHPWR 케이블 구성되어있는 750W 용량 제품입니다.CPU쿨러는 상급 듀얼타워공랭쿨러로 사용가능하겠으며그래픽카드는 A/S퀄리티 좋은 이엠텍, 조텍, 갤럭시, inno3D 제품 사용 추천드립니다.윈도우는 처음사용자용 제품으로 포함해서 추후 PC 교체 시재구매할 필요없이 인증 옮겨서 지속적으로 사용할 수 있도록 했습니다.모니터는 가성비로 27인치 FHD IPS 고주사율 스펙의 제품 포함해드렸습니다."
}