{
    "quote_number": "2278",
    "quote_title": "300만원 포토샵 일러스트 에펙 프리미어 3D작업 롤 배그 사펑 i7 14700K + RTX 4070Ti QHD 게이밍 및 작업용 컴퓨터 견적",
    "date_create": "2024.3.5",
    "cpu_gpu_combinations": "코어i7-14700K + RTX 4070 Ti SUPER 조합",
    "quotation_summary": " i7 14700K / RTX 4070Ti SUPER / RAM 64GB / SSD 1TB# QHD 게이밍# 작업용# 롤# 배그# 사이버펑크# GTA5# 프리미어# 에펙# 일러스트# 포토샵# 3D작업# 블렌더# 마야# C4D",
    "quote_person_introduction": "안녕하세요. 로카프입니다.우리 주변에는 아직 컴퓨터 견적구성을 어떻게 할 지 몰라 고민에 빠지는 분들이 많이 계십니다.성능은 괜찮을까? 고장은 나지 않을까? 가격은 괜찮은건가? 이런 고민들을 한 번쯤은 해보셨을 겁니다.용도에 알맞는 성능과 합리적인 가격, 최우선으로 안정성과 신뢰도 높은 부품들로 구성된 견적을 추천해드리겠습니다.컴퓨터를 처음 알아보시는 분들의 입장에서 생각하고 견적을 구성해드리는 견적맨이 되겠습니다.",
    "quotations_quotations_description": "[CPU]인텔 코어i7-14세대 14700K (랩터레이크 리프레시) (정품)상세보기[메인보드]GIGABYTE Z790 AORUS ELITE X 피씨디렉트상세보기[메모리]ADATA DDR5-5600 CL46-45-45 (32GB) x 2 개상세보기[그래픽카드]ZOTAC 지포스 RTX 4070 Ti SUPER Trinity D6X 16GB Black상세보기[SSD]Western Digital WD BLACK SN850X M.2 NVMe (1TB)상세보기[케이스]DARKFLASH DLX21 RGB MESH 강화유리 블랙 (미들타워)상세보기[파워서플라이]SuperFlower SF-850F14HG LEADEX III GOLD BLACK (PCIE 5)상세보기[CPU쿨러]쿨러마스터 MASTERLIQUID 360 ATMOS (BLACK)상세보기[조립PC관련][견적왕] 조립 서비스 + 1년 출장 A/S상세보기[조립PC관련]수랭 쿨러 조립 추가 비용상세보기CPU는 이전세대 같은 라인업의 13700K 대비 E코어 4개, 캐시용량도 약간 더 늘어난 14700K입니다. 내장그래픽이 있는 제품이라 영상 편집 시 퀵싱크 기능 역시 활용가능합니다.메인보드는 1440A급의 전원부성능을 가져 13~14세대 i7 CPU 구성에 적합하며 14세대 인텔 CPU와 함께 출시된 Z790 AORUS ELITE X입니다.메모리는 라이프워런티정책으로 A/S정책 좋은 ADATA 5600클럭 JEDEC 표준 일반램입니다.그래픽카드는 RTX 4070Ti 대비 약 5% 정도 게임성능 좀 더 좋으며 QHD 게이밍도 노려볼 수 있을만큼 성능이 매우 좋은 4070 Ti SUPER입니다. 더불어 ZOTAC사 제품으로 A/S 걱정에서 자유로울 수 있으며, 구매 후 14일 이내 제품 등록 시 무상 3년 보증에 추가로 2년 확대보증 서비스를 제공하여 오래도록 사용할 수 있습니다.SSD는 최대읽기속도 7,300MB/s 최대쓰기속도 6,300MB/s를 자랑하는 최상위권 PCIe 4.0 SSD인 SN850X입니다. WD BLACK SSD 대시보드를 통해 게임모드 이용 시 SSD의 저전력모드를 비활성화시켜 최고의 퍼포먼스를 발휘할 수 있습니다.케이스는 많은 소비자들로부터 꾸준한 사랑을 받고있는 DLX 21 MESH입니다. 140mm 전면팬 3개와 140mm 후면팬 1개 기본구성에 상단 3열 수랭쿨러 호환도 문제없으며 호환길이 CPU공랭쿨러 180mm / 그래픽카드 400mm의 뛰어난 호환성도 장점입니다.파워서플라이는 고주파 증상 발생에도 원활한 A/S가 가능한 SuperFlower사의 850W 골드등급 제품입니다. 12VHPWR 케이블이 기본구성되어 RTX 4000번대 그래픽카드 구성 시 깔끔한 선정리가 가능합니다.CPU쿨러는 360수랭쿨러 쿨링성능 최상위권의 쿨러마스터 360 ATMOS이며 인텔 i5 ~ i9, 라이젠 7000시리즈 X붙은 CPU들과 구성하기에 알맞는 제품입니다.",
    "quote_feedback": "RTX 4070Ti 단종으로 인해 ﻿24.02.29 부로 견적서 구성 그래픽카드가 RTX 4070Ti SUPER로 변경되었습니다.300만원 안쪽으로 다양한 작업과 QHD게이밍 가능한i7 14700K + RTX 4070Ti SUPER 조합의 견적 구성 도와드렸습니다.CPU는 인텔 내장그래픽 있는 제품으로 선택해 영상편집 작업 시 퀵싱크 기능 활용 가능하겠으며메모리는 32GB 2장 총 64GB 용량 구성해드렸습니다.그래픽카드는 예산 고려하여 RTX 4070Ti SUPER로 선택했으며A/S퀄리티 좋은 이엠텍, 조텍, 갤럭시, inno3D 제품 사용 추천드립니다.SSD는 PCIe4.0 규격의 스펙 좋은 1TB 제품이며파워는 12VHPWR 케이블 구성되어있는 850W 용량 제품입니다.CPU쿨러는 360수랭쿨러 쿨링성능 상위권 제품으로 구성해드렸습니다."
}