{
    "quote_number": "2331",
    "quote_title": "AMD 라이젠7-5세대 7800X3D + 지포스 RTX 4070 Ti SUPER",
    "date_create": "2024.1.31",
    "cpu_gpu_combinations": "라이젠7 7800X3D + RTX 4070 Ti SUPER 조합",
    "quotation_summary": " AMD 라이젠7-5세대 7800X3D + 지포스 RTX 4070 Ti SUPER# 게임",
    "quote_person_introduction": "안녕하세요! 인벤에서 주로 활동하고 있는 Skywalkers입니다.가성비와 성능비 그리고 감성비까지 모두 고려해서 가장 합리적인 구성을 찾을 수 있도록 추천을 드리겠습니다.",
    "quotations_quotations_description": "[CPU]AMD 라이젠7-5세대 7800X3D (라파엘) (멀티팩(정품))상세보기[메인보드]ASRock B650M PG Riptide 대원씨티에스상세보기[메모리]ADATA XPG DDR5-6000 CL30 LANCER RGB 블랙 패키지 (32GB(16Gx2))하이닉스 A다이 언락 제품!상세보기[그래픽카드]갤럭시 GALAX 지포스 RTX 4070 Ti SUPER EX GAMER BLACK OC D6X 16GB상세보기[SSD]MSI SPATIUM M480 PRO M.2 NVMe (1TB)상세보기[케이스]3RSYS L700 LITE (미들타워)상세보기[파워서플라이]마이크로닉스 COOLMAX FOCUS II 900W ETA SILVER PCIE5상세보기[CPU쿨러]잘만 Alpha II A36 (BLACK)상세보기[조립PC관련][견적왕] 조립 서비스 + 1년 출장 A/S상세보기[조립PC관련]수랭 쿨러 조립 추가 비용상세보기",
    "quote_feedback": "1. CPU는 포장 박스를 제외하고는 동일한 AMD 라이젠7-5세대 7800X3D (라파엘) (멀티팩(정품))으로 변경2. 메인보드는 600A급 출력의 드라이버 모스펫 전원부가 적용되어 있어서 안정적으로 사용할 수 있는 ASRock B650M PG Riptide 대원씨티에스로 변경3. SSD는 5년 무상AS의 갓성비 젠4 제품인 MSI SPATIUM M480 PRO M.2 NVMe (1TB)로 변경읽기속도 : 7,400(MB/s) / 쓰기속도 : 6,800(MB/s)로 최고 수준의 성능이면서 DDR4 1GB 용량의 디램 버퍼 메모리가 적용되어 있습니다.4. 케이스는 상단 3열 수냉쿨러 장착이 가능하고 원터치 스냅도어와 C타입 포트 등을 적용하고서도 가격을 대폭 인하하여 새롭게 출시한 갓성비 제품인 3RSYS L700 LITE (미들타워)로 변경DLX21과 같은 스펙에 조금 더 개선된 버전이고 가격은 더 저렴해졌다고 보면 되겠습니다.5. 파워는 4000번대 16핀 전용 커넥터가 적용된 그래픽카드의 경우는 12VHPWR 케이블을 지원하는 제품으로 구성하는 것이 보다 안정적으로 사용할 수가 있습니다. 실버 인증에 12VHPWR 케이블이 적용된 마이크로닉스 COOLMAX FOCUS II 900W ETA SILVER PCIE5로 변경참고해서 합리적인 구매하시기 바랍니다."
}