{
    "quote_number": "2350",
    "quote_title": "AMD 라이젠7-5세대 7800X3D",
    "date_create": "2024.1.31",
    "cpu_gpu_combinations": "라이젠7 7800X3D +  조합",
    "quotation_summary": " AMD 라이젠7-5세대 7800X3D# 게임",
    "quote_person_introduction": "안녕하세요! 인벤에서 주로 활동하고 있는 Skywalkers입니다.가성비와 성능비 그리고 감성비까지 모두 고려해서 가장 합리적인 구성을 찾을 수 있도록 추천을 드리겠습니다.",
    "quotations_quotations_description": "[CPU]AMD 라이젠7-5세대 7800X3D (라파엘) (멀티팩(정품))상세보기[메인보드]ASRock B650M PG Riptide 대원씨티에스상세보기[메모리]TeamGroup DDR5-5600 CL46 Elite 패키지 (32GB(16Gx2))상세보기[SSD]마이크론 Crucial T500 M.2 NVMe 대원씨티에스 (2TB)상세보기[케이스]DAVEN D6 MESH 강화유리 블랙 (미들타워)상세보기[파워서플라이]NEWZEN SKULL 750SM MODULAR ATX 3.0 80PLUS GOLD (PCIE5)상세보기[CPU쿨러]Thermalright Peerless Assassin 120 SE 서린상세보기[조립PC관련][견적왕] 조립 서비스 + 1년 출장 A/S상세보기",
    "quote_feedback": "구성한 SSD는 NVMe 규격 중에서는 속도가 가장 느린 젠3 제품입니다.2배 더 빠른 젠4 규격 제품 중에서는 끝판왕이라고 할 수 있는 마이크론 Crucial T500 M.2 NVMe 대원씨티에스 (2TB)로 변경했습니다.나머지 구성은 문제가 없어서 그대로 진행하면 되겠습니다.참고해서 합리적인 구매하시기 바랍니다."
}