{
    "quote_number": "2366",
    "quote_title": "AMD 라이젠5-5세대 7500F (라파엘) + 라데온 RX 7800 XT",
    "date_create": "2024.2.1",
    "cpu_gpu_combinations": "라이젠5 7500F + RX 7800 XT 조합",
    "quotation_summary": " AMD 라이젠5-5세대 7500F (라파엘) + 라데온 RX 7800 XT# 게임",
    "quote_person_introduction": "안녕하세요! 인벤에서 주로 활동하고 있는 Skywalkers입니다.가성비와 성능비 그리고 감성비까지 모두 고려해서 가장 합리적인 구성을 찾을 수 있도록 추천을 드리겠습니다.",
    "quotations_quotations_description": "[CPU]AMD 라이젠5-5세대 7500F (라파엘) (멀티팩(정품))상세보기[메인보드]ASRock B650M PG Lightning + WiFi6E 모듈 패키지 에즈윈상세보기[메모리]TeamGroup DDR5-5600 CL46 Elite 패키지 (32GB(16Gx2))상세보기[그래픽카드]PowerColor 라데온 RX 7800 XT Hellhound D6 16GB상세보기[SSD]Western Digital WD BLACK SN850X M.2 NVMe (1TB)상세보기[케이스]3RSYS S315 Quiet 리버스 블랙 (미니타워)상세보기[파워서플라이]쿨러마스터 G800 GOLD상세보기[CPU쿨러]3RSYS Socoool WCL 360 ARGB (BLACK)상세보기[소프트웨어]Microsoft Windows 11 Home (처음사용자용 한글)상세보기[모니터]크로스오버 27GV5Q 패스트165 WQHD 아이세이브 게이밍 무결점상세보기[쿨러.튜닝.조명.액세서리]잘만 ZM-MH10 ARGB 메모리 방열판 (1PACK) x 2 개상세보기[쿨러.튜닝.조명.액세서리]3RSYS 빙하 G5 메모리방열판 (BLACK) x 2 개상세보기[쿨러.튜닝.조명.액세서리]ALSEYE 헤라클레스 ARGB (BLACK)상세보기[쿨러.튜닝.조명.액세서리]LEADCOOL AH-6 ARGB AND PWM HUB상세보기[쿨러.튜닝.조명.액세서리]몬스타 블러드베슬 38 슬리빙 케이블 (0.38m, 다크메탈)상세보기[조립PC관련][견적왕] 조립 서비스 + 1년 출장 A/S상세보기[조립PC관련]수랭 쿨러 조립 추가 비용상세보기파워서플라이는 안정성과 가성비를 겸비한 골드인증 800W 파워",
    "quote_feedback": "1. 그래픽카드는 트리플 팬이 적용되어 있는 제품 중에서는 가성비가 월등히 좋은 PowerColor 라데온 RX 7800 XT Hellhound D6 16GB로 변경2. 케이스는 동일한 디자인에 고성능 저소음 시스템 팬을 기본으로 장착하고 가격은 더 저렴해서 미니타워 어항케이스 중에서는 가성비 끝판왕이라고 할 수 있는 3RSYS S315 Quiet 리버스 블랙 (미니타워)로 변경3. 이런 어항케이스는 튜닝을 하라고 나온 제품이라 상단에는 3열 수냉쿨러 장착하는 것을 강추합니다. 수냉쿨러와 공랭쿨러의 튜닝에 있어서의 차이는 아주 크죠. 내부의 팬을 모두 동기화시킬 수 있어서 튜닝을 극대화 할 수 있습니다.CPU쿨러는 대장급 성능의 3열 수냉쿨러 중에서도 최상위 권에 있으면서 최근 가격을 대폭 인하해서 갓성비 중에서도 갓성비가 된 3RSYS Socoool WCL 360 ARGB (BLACK)으로 변경4. 슬리빙 케이블은 시스템에 아주 잘 어울리는  몬스타 블러드베슬 38 슬리빙 케이블 (0.38m, 다크메탈)로 추천을 드립니다.참고해서 합리적인 구매하시기 바랍니다."
}