{
    "quote_number": "2370",
    "quote_title": "AMD 라이젠5-4세대 5600 + 지포스 RTX 4060",
    "date_create": "2024.2.1",
    "cpu_gpu_combinations": "라이젠5 5600 + RTX 4060 조합",
    "quotation_summary": " AMD 라이젠5-4세대 5600 + 지포스 RTX 4060# 게임",
    "quote_person_introduction": "안녕하세요! 인벤에서 주로 활동하고 있는 Skywalkers입니다.가성비와 성능비 그리고 감성비까지 모두 고려해서 가장 합리적인 구성을 찾을 수 있도록 추천을 드리겠습니다.",
    "quotations_quotations_description": "[CPU]AMD 라이젠5-4세대 5600 (버미어) (멀티팩(정품))상세보기[메인보드]ASUS PRIME A520M-A II 대원CTS상세보기[메모리]ESSENCORE KLEVV DDR4-3200 CL22 (8GB) x 2 개상세보기[그래픽카드]갤럭시 BOY 지포스 RTX 4060 2X OC V2 D6 8GB상세보기[SSD]ESSENCORE KLEVV CRAS C730 M.2 NVMe (512GB)상세보기[케이스]3RSYS R240 블랙 (미들타워)상세보기[파워서플라이](마이크로닉스) New Performance 600W 80Plus Bronze Change-up /파워상세보기[CPU쿨러]3RSYS TEAMMOST TM40상세보기[모니터]크로스오버 27GFA5 IPS 165 아이세이브 게이밍 무결점상세보기[게이밍헤드셋.스피커.마이크]앱코 S600 (정품)상세보기[조립PC관련][견적왕] 조립 서비스 + 1년 출장 A/S상세보기CPU는 현재 게임 가성비가 가장 좋은 CPU",
    "quote_feedback": "1. 현 시스템에서 QHD 165Hz 고주사율 모니터를 버티기는 어렵습니다. 4060은 FHD 해상도에 최적화가 된 그래픽카드라고 보시면 됩니다.2. 메인보드는 전원부 히트싱크에 램슬롯 4개가 적용되어 있는 ASUS PRIME A520M-A II 대원CTS로 변경3. 메모리는 라이프타임 워런티로 압도적인 AS기간을 제공하고 SK하이닉스 모듈을 사용해서 안정성도 높고 가격도 저렴한 ESSENCORE KLEVV DDR4-3200 CL22 (8GB) 2개 16기가로 변경4. 그래픽카드는 1티어 AS에 가격적인 메리트도 있는 갤럭시 BOY 지포스 RTX 4060 2X OC V2 D6 8GB로 변경5. SSD는 5년 무상 AS의 젠3 규격 제품 중에서는 가성비가 월등히 좋고 디램 버퍼 메모리도 적용되어 있는 ESSENCORE KLEVV CRAS C730 M.2 NVMe (512GB)로 변경6. 케이스는 강화유리처럼 파손 위험없는 풀아크릴 스윙도어 패널에 6개의 기본 팬을 장착하고 LED OFF 기능까지 적용된 보급형 끝판왕급인 3RSYS R240 블랙 (미들타워)로 변경7. 파워는 정격 600W 브론즈 인증 제품 중에서 최상위 퀄리티면서 최근 7만원 중후반 대에서 5만원 대 초반으로 가격을 대폭 인하해서 갓성비가 된 (마이크로닉스) New Performance 600W 80Plus Bronze Change-up으로 변경8. CPU쿨러는 싱글타워 끝판왕급 성능에 AM4 무뽑방지 세이프티 브라켓을 제공하면서 최근 3만원 대에서 만원 중후반대로 가격을 대폭인하해서 갓성비 중에서도 갓성비라고 할 수 있는 3RSYS TEAMMOST TM40으로 변경9. 모니터는 가장 선호되는 IPS패널에 FHD 165Hz 고주사율 제품인 크로스오버 27GFA5 IPS 165 아이세이브 게이밍 무결점으로 변경참고해서 합리적인 구매하시기 바랍니다.8."
}