{
    "quote_number": "2385",
    "quote_title": "모니터 포함 사무용 + 롤, 메이플",
    "date_create": "2024.2.1",
    "cpu_gpu_combinations": "라이젠5 5600G +  조합",
    "quotation_summary": " 모니터 포함 사무용 + 롤, 메이플# 모니터 포함 사무용 + 롤# 메이플",
    "quote_person_introduction": "퀘이사존, 다나와, 쿨엔에서 활동 중인  잉여인간17호입니다.다양한 필테 경력과 컴덕질을 경험삼아 도움 드리고자 합니다.어떠한 스폰도 받지 않는 유저 입장에서 직접 사용해보고 테스트한 견적 위주로 견적드리겠습니다.",
    "quotations_quotations_description": "[CPU]AMD 라이젠5-4세대 5600G (세잔) (멀티팩)상세보기[메인보드]ASUS PRIME A520M-A II 대원CTS상세보기[메모리]마이크론 Crucial DDR4 8G PC4-25600 CL22 x 2 개상세보기[SSD]SK하이닉스 GOLD P31 M2 NVMe (500GB)상세보기[케이스]DARKFLASH DK110 (미들타워)상세보기[파워서플라이]몬스타 가츠 ExtremeX FX500 80PLUS STANDARD상세보기[모니터]크로스오버 F2795 IPS FHD HDR 평면 무결점상세보기[키보드+마우스 세트]로지텍코리아 MK270r (정품) /키보드+마우스상세보기[조립PC관련][견적왕] 조립 서비스 + 1년 출장 A/S상세보기CPU는 6코어 12스레드에 뛰어난 내장 그래픽 성능으로 가벼운 포토샵 작업까지 문제 없는 사무용 PC입니다.메인보드는 DP와 HDMI 포트를 모두 지원해 듀얼 모니터 사용도 문제 없고 모니터 호환성도 좋은 가성비 보드입니다.메모리는 가격도 좋고 보증 정책 괜찮은 메모리입니다.SSD는 이천 특산물로 불리며 낮은 발열과 뛰어난 성능으로 게임용이나 사무용도로도 훌륭한 제품입니다. \n안정성이 이미 검증된 제품이죠케이스는 사무용도로 먼지 관리도 용이한 가성비 좋은 케이스입니다.",
    "quote_feedback": "모니터 포함 사무용 + 롤, 메이플"
}