{
    "quote_number": "2405",
    "quote_title": "230만원 로스트아크 오버워치2 발로란트 스팀게임 팰월드 팔월드 라이젠 7500F + RTX 4070 SUPER 화이트감성 모니터포함 QHD 게이밍 컴퓨터 견적",
    "date_create": "2024.3.27",
    "cpu_gpu_combinations": "라이젠5 7500F + RTX 4070 SUPER 조합",
    "quotation_summary": " 라이젠 7500F / RTX 4070 SUPER / RAM 32GB / SSD 1TB / 모니터포함# QHD 게이밍# 화이트감성# 스팀게임# 팰월드# 팔월드# 로아# 옵치2# 발로란트# LoL# 모니터포함",
    "quote_person_introduction": "안녕하세요. 로카프입니다.우리 주변에는 아직 컴퓨터 견적구성을 어떻게 할 지 몰라 고민에 빠지는 분들이 많이 계십니다.성능은 괜찮을까? 고장은 나지 않을까? 가격은 괜찮은건가? 이런 고민들을 한 번쯤은 해보셨을 겁니다.용도에 알맞는 성능과 합리적인 가격, 최우선으로 안정성과 신뢰도 높은 부품들로 구성된 견적을 추천해드리겠습니다.컴퓨터를 처음 알아보시는 분들의 입장에서 생각하고 견적을 구성해드리는 견적맨이 되겠습니다.",
    "quotations_quotations_description": "[CPU]AMD 라이젠5-5세대 7500F (라파엘) (멀티팩(정품))상세보기[메인보드]GIGABYTE B650M AORUS ELITE AX ICE 피씨디렉트상세보기[메모리]OLOy DDR5-6000 CL32 BLADE RGB MIRROR 패키지 (32GB(16Gx2))하이닉스 A다이 언락 제품!상세보기[그래픽카드]ZOTAC GAMING 지포스 RTX 4070 SUPER TWIN Edge OC D6X 12GB상세보기[SSD]마이크론 Crucial T500 M.2 NVMe 대원씨티에스 (1TB)상세보기[케이스]몬스타 가츠 X620A 리버스 화이트 (미들타워)상세보기[파워서플라이]NEWZEN SKULL 750SM MODULAR ATX 3.0 80PLUS GOLD WHITE (PCIE5)상세보기[CPU쿨러]JONSBO TG-360 ARGB (WHITE)상세보기[모니터]삼성전자 오디세이 G5 C32G54T상세보기[조립PC관련][견적왕] 조립 서비스 + 1년 출장 A/S상세보기[조립PC관련]수랭 쿨러 조립 추가 비용상세보기CPU는 6코어 12쓰레드 구조로 라이젠 7600과 성능 차이가 크지않으면서 내장그래픽이 없어 금액부담 덜 수 있는 제품입니다.메인보드는 720A급의 전원부성능을 가졌으며 WIFI와 블루투스기능을 탑재한 B650칩셋의 제품입니다. 전체적으로 전원부 방열판과 M.2 SSD 방열판이 잘 구성되어있으며 기판까지 화이트색상이 적용된 디자인을 가지고있습니다.메모리는 조텍코리아에서 유통하고있는 OLOy 튜닝메모리입니다. 화이트방열판이 적용되어 화이트감성 PC 구성 시 제격이며 6000클럭의 고클럭 메모리로 메모리클럭이 중요한 게임에서 빛을 발합니다.그래픽카드는 RTX 4070과 RTX 4070 Ti 제품 사이에 위치한 라인업이며 길이 234.1mm, 두께 40.2mm의 제원을 가지고 있습니다. 보조전원 커넥터는 12VHPWR 규격이며 구매 후 14일 이내 제품 등록 시 무상 3년 보증에 추가로 2년 확대보증 서비스를 제공하여 오래도록 사용할 수 있습니다.SSD는 최대읽기속도 7,300MB/s 최대쓰기속도 6,800MB/s를 자랑하는 최상위권 PCIe 4.0 SSD인 T500입니다. 보증기간 5년 제공하며 파이슨 컨트롤러가 적용되어 있습니다.케이스는 흔히 어항케이스라고 불리우는 디자인이 적용된 X620A 리버스입니다. CPU쿨러 최대호환가능높이 165mm, 그래픽카드 최대호환가능길이 430mm 제원을 가졌으며 ATX 사이즈 메인보드까지 호환가능한 미들타워 제품입니다. 측면 120mm 기본팬 3개, 후면 120mm 기본팬 1개 총 4개를 제공하며 ARGB를 지원하여 메인보드 제조사 프로그램을 통해 색상 조정이 가능합니다.파워서플라이는 고주파증상도 원활한 A/S받을 수 있는 SKULL 제품으로 12VHPWR 케이블도 있어 RTX 4000번대 상위 제품 구성 시 깔끔하게 연결가능합니다.CPU쿨러는 3열 일체형 수랭쿨러로 히든 케이블 시스템을 통해 외부 케이블 노출 없이 각각의 팬 쿨러간 직접 연결되어 깔끔한 외관으로 완성할 수 있는 제품입니다. 메인보드에 하나의 PWM 및 ARGB 케이블 연결을 통해 모든 팬을 간편하게 제어할 수 있습니다. 5년의 보증기간(쿨링팬 3년)과 누수보증이 되는 제품으로 안심하고 사용가능한 제품입니다.",
    "quote_feedback": "CPU는 DDR5 메모리 사용이 가능하며 메인보드 금액부담이 크지 않아가성비있게 견적 구성 가능한 라이젠 7500F 입니다.메인보드는 PBO와 커브 옵티마이저 기능 사용가능한 B650칩셋 제품이며메모리는 6000클럭 튜닝램으로 16GB 2장 총 32GB 용량 구성해드렸습니다.그래픽카드는 FHD 게이밍 종결급, QHD 게이밍 입문용으로 볼 수 있는 RTX 4070 SUPER로 선택했으며A/S퀄리티 좋은 이엠텍, 조텍, 갤럭시, inno3D 제품 추천드립니다.SSD는 PCIe4.0 규격의 스펙 좋은 1TB 제품이며파워는 12VHPWR케이블 있는 750W 제품 선택했습니다.CPU쿨러는 싱글타워공랭쿨러 사용하셔도 괜찮지만 케이스 감성에 맞춰 수랭쿨러 선택했으며모니터는 32인치 QHD 고주사율 제품 포함해드렸습니다."
}