{
    "quote_number": "2444",
    "quote_title": "AMD 라이젠7-5세대 7800X3D  + 지포스 RTX 4080 SUPER",
    "date_create": "2024.2.3",
    "cpu_gpu_combinations": "라이젠7 7800X3D + RTX 4080 SUPER 조합",
    "quotation_summary": " AMD 라이젠7-5세대 7800X3D  + 지포스 RTX 4080 SUPER# 게임",
    "quote_person_introduction": "안녕하세요! 인벤에서 주로 활동하고 있는 Skywalkers입니다.가성비와 성능비 그리고 감성비까지 모두 고려해서 가장 합리적인 구성을 찾을 수 있도록 추천을 드리겠습니다.",
    "quotations_quotations_description": "[CPU]AMD 라이젠7-5세대 7800X3D (라파엘) (정품)상세보기[메인보드]MSI MAG B650 토마호크 WIFI상세보기[메모리]TeamGroup DDR5-5600 CL46 Elite 서린 (16GB) x 2 개상세보기[그래픽카드]갤럭시 BOY 지포스 RTX 4080 SUPER ST D6X 16GB상세보기[SSD]마이크론 Crucial T500 M.2 NVMe 대원씨티에스 (2TB)상세보기[케이스]3RSYS R640 Quiet 블랙 (미들타워)상세보기[파워서플라이]MSI MAG A850GL 80PLUS 골드 풀 모듈러 ATX 3.0 (PCIE5)상세보기[CPU쿨러]3RSYS Socoool RC-1800 Quiet 솔더링 (BLACK)상세보기[소프트웨어]Microsoft Windows 11 Home (처음사용자용 한글)상세보기[쿨러.튜닝.조명.액세서리]3RSYS Silence GI 120 데이지체인 3PACK (BLACK) x 2 개상세보기[조립PC관련][견적왕] 조립 서비스 + 1년 출장 A/S상세보기",
    "quote_feedback": "1. 7800X3D는 100MB에 육박하는 캐시 메모리로 게임을 박살 내버리는 타입의 제품으로 다른 CPU에 비해서 메모리 클럭의 영향을 덜 받습니다. 또한 듀얼타워 공랭쿨러로 조립을 할텐데 메모리 슬롯을 다 덮어버려서 메모리가 보이지도 않고 메모리 방열판과 쿨러와이 간섭까지도 고려를 해야합니다. 메인보드에서 QVL리스트 지원 여부도 확인을 해야해서 이런 경우는 규격램으로 추천을 드리는 편입니다. 7800X3D 시스템에서 5600과 6000 클럭의 메모리는 체감이 어렵구요. 구성한 메모리는 QVL리스트 지원을 하지 않습니다.메모리는 라이프타임 워런티로 압도적인 AS기간을 제공하는 팀그룹 5600MHz 고클럭 규격램 16기가 2개 32기가로 변경2. 그래픽카드는 1티어 AS면서 가격적인 메리트가 아주 높은 갤럭시 BOY 지포스 RTX 4080 SUPER ST D6X 16GB로 변경3. SSD는 젠4 규격의 끝판왕이라고 할 수 있는 마이크론 Crucial T500 M.2 NVMe 대원씨티에스 (2TB)로 변경4. 구성한 T810 케이스는 상단이든 측면이든 3열 수냉쿨러를 장착하고 팬을 더 추가하고 그래픽카드도 수직으로 세워야 가장 멋진 세팅이 가능한 튜닝에 특화된 제품입니다. 지금처럼 팬만 추가하고 공랭쿨러로 조립하는 경우는 해당 케이스보다는 다른 케이스로 추천을 드립니다.https://blog.naver.com/zoro730321/221962726863해당 케이스와 동일한 프레임을 사용하는 3RSYS T800 풍통 (WHITE) 조립 예시입니다. 이런 세팅을 해야 하는 케이스죠.고성능 저소음 5V ARGB 140mm 시스템 팬 4개를 기본 장착하고 아주 조용한 완성형 케이스인  RSYS R640 Quiet 블랙 (미들타워)로 변경5. 파워는 세계 최대의 글로벌 제조사인 CWT에서 OEM 생산 압도적인 전압변동률로 안정적인 전력을 공급하는 MSI MAG A850GL 80PLUS 골드 풀 모듈러 ATX 3.0 (PCIE5) 강추합니다.주로 추천하는 SKULL도 CWT OEM인데 반모듈러라 하위 제품이라고 보면 됩니다. 풀모듈러와 반모듈러는 부품 퀄리티에서 차이가  크죠.참고해서 합리적인 구매하시기 바랍니다."
}