{
    "quote_number": "2464",
    "quote_title": "7900 ITX 반본체",
    "date_create": "2024.2.3",
    "cpu_gpu_combinations": "라이젠9 7900 +  조합",
    "quotation_summary": " 7900 ITX 반본체로 그래픽카드 350mm까지 장착 가능한 견적입니다.# 7900 ITX 반본체",
    "quote_person_introduction": "퀘이사존, 다나와, 쿨엔에서 활동 중인  잉여인간17호입니다.다양한 필테 경력과 컴덕질을 경험삼아 도움 드리고자 합니다.어떠한 스폰도 받지 않는 유저 입장에서 직접 사용해보고 테스트한 견적 위주로 견적드리겠습니다.",
    "quotations_quotations_description": "[CPU]AMD 라이젠9-5세대 7900 (라파엘) (멀티팩(정품))상세보기[메인보드]ASUS ROG STRIX B650E-I GAMING WIFI STCOM상세보기[메모리]TeamGroup DDR5-5600 CL46 Elite 서린 (16GB) x 2 개상세보기[SSD]마이크론 Crucial T500 M.2 NVMe 대원씨티에스 (1TB)상세보기[케이스]COUGAR QBX (미니ITX)상세보기[파워서플라이]쿨러마스터 MWE 600 BRONZE V2 230V상세보기[CPU쿨러]Thermalright SI-100 서린 (GRAY)상세보기[소프트웨어]Microsoft Windows 11 Home (처음사용자용 한글)상세보기[쿨러.튜닝.조명.액세서리]ARCTIC P12 PWM PST (1PACK) x 2 개상세보기[조립PC관련][견적왕] 조립 서비스 + 1년 출장 A/S상세보기CPU는 X 버전에 비해 발열과 전성비를 잡고 나와 저렴한 메인보드와 공랭쿨러와 사용 가능하고 12코어 24스레드로 뛰어난 작업 성능을 자랑하는 라이젠9 CPU입니다.메모리는 갓서린에서 유통하는 팀그룹 DDR5 5600 클럭 메모리입니다.SSD는 PCIe4.0 최상급 성능의 SSD입니다.파워서플라이는 가성비 좋은 쿨러마스터의 브론즈 등급 제품으로 대양에서 유통해서 AS도 좋습니다.소프트웨어는 인텔 12세대 이후로는 고성능 코어와 효율 코어로 나뉘면서 윈도우 11을 권장합니다.\n인텔의 경우 일부 게임에선 윈11이 성능이 더 잘나옵니다.",
    "quote_feedback": "7900 ITX 반본체로 그래픽카드 350mm까지 장착 가능한 견적입니다."
}