{
    "quote_number": "2491",
    "quote_title": "200만원 롤 발로란트 로아 오버워치 스팀게임 팰월드 팔월드 라이젠 7500F + RTX 4070 SUPER 윈도우포함 FHD QHD 게이밍 컴퓨터 견적",
    "date_create": "2024.3.7",
    "cpu_gpu_combinations": "라이젠5 7500F + RTX 4070 SUPER 조합",
    "quotation_summary": " 라이젠 7500F / RTX 4070 SUPER / RAM 32GB / SSD 2TB / 윈도우포함# QHD 게이밍# FHD 게이밍# 윈도우포함# 스팀게임# 팰월드# 팔월드# 로스트아크# 오버워치2# LoL# 발로란트",
    "quote_person_introduction": "안녕하세요. 로카프입니다.우리 주변에는 아직 컴퓨터 견적구성을 어떻게 할 지 몰라 고민에 빠지는 분들이 많이 계십니다.성능은 괜찮을까? 고장은 나지 않을까? 가격은 괜찮은건가? 이런 고민들을 한 번쯤은 해보셨을 겁니다.용도에 알맞는 성능과 합리적인 가격, 최우선으로 안정성과 신뢰도 높은 부품들로 구성된 견적을 추천해드리겠습니다.컴퓨터를 처음 알아보시는 분들의 입장에서 생각하고 견적을 구성해드리는 견적맨이 되겠습니다.",
    "quotations_quotations_description": "[CPU]AMD 라이젠5-5세대 7500F (라파엘) (멀티팩(정품))상세보기[메인보드]ASRock B650M PG Lightning + WiFi6E 모듈 패키지 디앤디컴상세보기[그래픽카드]ZOTAC GAMING 지포스 RTX 4070 SUPER TWIN Edge OC D6X 12GB상세보기[케이스]DARKFLASH DK290 Air MESH RGB 강화유리 블랙 (미들타워)상세보기[파워서플라이]NEWZEN SKULL 750SM MODULAR ATX 3.0 80PLUS GOLD (PCIE5)상세보기[CPU쿨러]DARKFLASH Ellsworth S21 ARGB (블랙)상세보기[소프트웨어]Microsoft Windows 11 Home (처음사용자용 한글)상세보기[이벤트특가][SSD + RAM] 마이크론 Crucial T500 2TB + Crucial DDR5-5600 (32GB(16Gx2)) 패키지 대원씨티에스상세보기[쿨러.튜닝.조명.액세서리]케이엘시스템 KLcom M.2 2280 방열판 (BLACK)상세보기[조립PC관련][견적왕] 조립 서비스 + 1년 출장 A/S상세보기CPU는 6코어 12쓰레드 구조로 라이젠 7600과 성능 차이가 크지않으면서 내장그래픽이 없어 금액부담 덜 수 있는 제품입니다.메인보드는 B650칩셋 제품으로 PBO와 커브옵티마이저 기능 사용이 가능하며 드라이버모스펫을 사용한 B650M PG Lightning입니다. WIFI6E 모듈이 함께 구성된 패키지제품으로 무선랜과 블루투스 기능을 지원합니다.그래픽카드는 RTX 4070과 RTX 4070 Ti 제품 사이에 위치한 라인업이며 길이 234.1mm, 두께 40.2mm의 제원을 가지고 있습니다. 보조전원 커넥터는 12VHPWR 규격이며 구매 후 14일 이내 제품 등록 시 무상 3년 보증에 추가로 2년 확대보증 서비스를 제공하여 오래도록 사용할 수 있습니다.케이스는 120mm팬 6개와 수직받침대형태의 그래픽카드지지대가 기본구성되어있는 DK290입니다. 제원 상 CPU쿨러 최대호환가능높이는 165mm이며 그래픽카드 최대호환가능길이는 340mm입니다. 상단의 LED 컨트롤 버튼으로 LED모드 및 기본팬 RPM 속도 조정이 가능합니다.파워서플라이는 무상보증10년 고주파증상도 원활한 A/S받을 수 있는 SKULL 제품으로 750W 골드급 ATX3.0 제품입니다. 12VHPWR 커넥터도 지원합니다.CPU쿨러는 2~3만원대 쿨러 중 가성비가 뛰어난 제품으로, AM4소켓 CPU 구성시 발생할 수 있는 무뽑기 파손증상 방지키트가 구성품에 포함되어 있습니다.소프트웨어는 처음사용자용 제품이라 추후 PC를 바꾸시더라도 다시 윈도우를 구매하실 필요 없이 기존 시리얼키로 인증하신 뒤 재사용이 가능합니다. 단, 시리얼키 하나 당 PC 1대만 사용이 가능한 점은 동일합니다.쿨러.튜닝.조명.액세서리는 가격 부담 크지 않은 M.2 SSD 방열판입니다. 메인보드에 M.2 SSD 방열판이 기본적으로 구성되어있지 않거나 갯수가 부족할 때 사용하시면 좋습니다.",
    "quote_feedback": "CPU는 DDR5 메모리 사용이 가능하며 메인보드 금액부담이 크지 않아가성비있게 견적 구성 가능한 라이젠 7500F 입니다.메인보드는 PBO와 커브 옵티마이저 기능 사용가능한 B650칩셋 제품이며메모리는 JEDEC 표준 일반램으로 16GB 2장 총 32GB 용량 구성해드렸습니다.그래픽카드는 예산에 맞춰 RTX 4070 SUPER로 선택했으며A/S퀄리티 좋은 이엠텍, 조텍, 갤럭시, inno3D 제품 추천드립니다.SSD는 PCIe4.0 규격의 스펙 좋은 2TB 제품이며파워는 12VHPWR케이블 있는 750W 제품 선택했습니다.CPU쿨러는 싱글타워공랭쿨러로 마무리했습니다.윈도우는 처음사용자용 제품으로 포함해서 추후 PC 교체 시재구매할 필요없이 인증 옮겨서 지속적으로 사용할 수 있도록 했습니다."
}