{
    "quote_number": "2537",
    "quote_title": "AMD 라이젠5-4세대 5600 + 지포스 RTX 4060",
    "date_create": "2024.2.5",
    "cpu_gpu_combinations": "라이젠5 5600 + RTX 4060 조합",
    "quotation_summary": " AMD 라이젠5-4세대 5600 + 지포스 RTX 4060# 게임",
    "quote_person_introduction": "안녕하세요! 인벤에서 주로 활동하고 있는 Skywalkers입니다.가성비와 성능비 그리고 감성비까지 모두 고려해서 가장 합리적인 구성을 찾을 수 있도록 추천을 드리겠습니다.",
    "quotations_quotations_description": "[CPU]AMD 라이젠5-4세대 5600 (버미어) (멀티팩(정품))상세보기[메인보드]ASUS PRIME A520M-A II 대원CTS상세보기[메모리]ESSENCORE KLEVV DDR4-3200 CL22 (8GB) x 2 개상세보기[그래픽카드]갤럭시 GALAX 지포스 RTX 4060 2X OC V2 D6 8GB상세보기[SSD]HP EX950 M.2 2280 1TB상세보기[케이스]3RSYS R240 블랙 (미들타워)상세보기[파워서플라이]쿨러마스터 MWE 600 BRONZE V2 230V상세보기[CPU쿨러]3RSYS TEAMMOST TM40상세보기[소프트웨어]Microsoft Windows 11 Home (처음사용자용 한글)상세보기[모니터]크로스오버 27GFA5 IPS 165 아이세이브 게이밍 무결점상세보기[조립PC관련][견적왕] 조립 서비스 + 1년 출장 A/S상세보기CPU는 현재 게임 가성비가 가장 좋은 CPU",
    "quote_feedback": "1. 메모리는 라이프타임 워런티로 압도적인 AS기간을 제공하고 SK하이닉스 모듈을 사용해서 안정성도 높고 가격도 저렴한 ESSENCORE KLEVV DDR4-3200 CL22 (8GB) 2개 16기가로 변경2. 그래픽카드는 성능이 더 좋으면서 가격 차이는 크지 않은 갤럭시 GALAX 지포스 RTX 4060 2X OC V2 D6 8GB로 변경3. 지금 구성한 시스템은 젠4 SSD 속도 지원을 하지 않습니다. 젠3까지만 지원을 하구요.SSD는 5년 무상AS의 갓성비 젠3 제품인 HP EX950 M.2 2280 1TB로 변경읽기속도 : 3,400(MB/s) / 쓰기속도 : 2,900(MB/s)로 가격대비 최고 수준의 성능이면서 디램 버퍼 메모리가 적용되어 있습니다.4. 케이스는 강화유리처럼 파손 위험없는 풀아크릴 스윙도어 패널에 6개의 기본 팬을 장착하고 LED OFF 기능까지 적용된 보급형 끝판왕급인 3RSYS R240 블랙 (미들타워)로 변경5. 4060 그래픽카드는 최대 전력 소모량이 115W 수준으로 정격 500W면 충분한 파워 용량이 됩니다.스탠다드보다 상위인 브론즈 인증 정격 600W 제품인 쿨러마스터 MWE 600 BRONZE V2 230V로 변경6. CPU쿨러는 싱글타워 끝판왕급 성능에 AM4 무뽑방지 세이프티 브라켓을 제공하면서 최근 3만원 대에서 만원 중후반대로 가격을 대폭인하해서 갓성비 중에서도 갓성비라고 할 수 있는 3RSYS TEAMMOST TM40으로 변경7. 모니터는 가장 선호되는 IPS패널에 FHD 165Hz 고주사율 제품인 크로스오버 27GFA5 IPS 165 아이세이브 게이밍 무결점으로 구성참고해서 합리적인 구매하시기 바랍니다."
}