{
    "quote_number": "2556",
    "quote_title": "코어i7-14세대 14700K + 지포스 RTX 4070 Ti SUPER",
    "date_create": "2024.2.5",
    "cpu_gpu_combinations": "코어i7-14700K + RTX 4070 Ti SUPER 조합",
    "quotation_summary": " 코어i7-14세대 14700K + 지포스 RTX 4070 Ti SUPER# 사무",
    "quote_person_introduction": "안녕하세요! 인벤에서 주로 활동하고 있는 Skywalkers입니다.가성비와 성능비 그리고 감성비까지 모두 고려해서 가장 합리적인 구성을 찾을 수 있도록 추천을 드리겠습니다.",
    "quotations_quotations_description": "[CPU]코어i7-14세대 14700K (랩터레이크)(벌크)상세보기[메인보드]GIGABYTE Z790 AORUS ELITE X 피씨디렉트상세보기[메모리]TeamGroup T-Force DDR5-6000 CL38 Delta RGB 블랙 패키지 (64GB(32Gx2))상세보기[그래픽카드]이엠텍 지포스 RTX 4070 Ti SUPER BLACK STORM OC D6X 16GB상세보기[SSD]마이크론 Crucial T500 M.2 NVMe 대원씨티에스 (2TB)상세보기[케이스]3RSYS L700 LITE (미들타워)상세보기[파워서플라이]NEWZEN SKULL 850SM MODULAR ATX 3.0 80PLUS GOLD (PCIE5)상세보기[CPU쿨러]DARKFLASH NEBULA DN-360 ARGB (블랙)상세보기[조립PC관련]수랭 쿨러 조립 추가 비용상세보기[조립PC관련][견적왕] 조립 서비스 + 1년 출장 A/S상세보기",
    "quote_feedback": "1. 인텔은 12세대부터 벌크도 정품과 동일한 3년 무상 AS를 제공합니다.정품 박스가 꼭 필요한 것이 아니라면 벌크로 구성하는 것이 보다 효율적입니다. 14700K 벌크로 변경2. 메인보드는 1440A급 출력의 드라이버 모스펫 전원부가 적용되어 있어서 안정적으로 사용할 수 있는 GIGABYTE Z790 AORUS ELITE X 피씨디렉트로 변경3. 메모리는 QVL 리스트 지원을 하면서 시스템 컨셉과도 잘 어울리는 TeamGroup T-Force DDR5-6000 CL38 Delta RGB 블랙 패키지 (64GB(32Gx2))로 변경4. 작업에 있어서 가장 크게 체감이 되는 부품이 SSD입니다. 구성하신 P31은 NVMe 규격 중에서는 속도가 가장 느린 젠3 제품입니다.젠3 보다 2배 더 빠른 젠4 제품 중 끝판왕이라고 할 수 있는 마이크론 Crucial T500 M.2 NVMe 대원씨티에스 (2TB)로 변경5. 케이스는 상단 3열 수냉쿨러 장착이 가능하고 원터치 스냅도어와 C타입 포트 등을 적용하고서도 가격을 대폭 인하하여 새롭게 출시한 갓성비 제품인 3RSYS L700 LITE (미들타워)로  변경6. 파워는 ATX3.0과 PCIE5 규격을 동시에 지원하는 가성비 좋은 NEWZEN SKULL 850SM MODULAR ATX 3.0 80PLUS GOLD (PCIE5)로 변경7. CPU쿨러는 2열 수냉으로는 온도 잡기가 쉽지 않습니다. 대장급 성능의 3열 수냉쿨러인 DARKFLASH NEBULA DN-360 ARGB (블랙)으로 변경8. CPU가이드는 13세대부터는 문제가 발생하지 않았고 또한 장착시 메인보드 AS가 날아가 버려서 추천을 하지 않습니다.참고해서 합리적인 구매하시기 바랍니다."
}