{
    "quote_number": "2560",
    "quote_title": "AMD 라이젠7-5세대 7800X3D + 지포스 RTX 4070 SUPER",
    "date_create": "2024.2.5",
    "cpu_gpu_combinations": "라이젠7 7800X3D + RTX 4070 SUPER 조합",
    "quotation_summary": " AMD 라이젠7-5세대 7800X3D + 지포스 RTX 4070 SUPER# 게임",
    "quote_person_introduction": "안녕하세요! 인벤에서 주로 활동하고 있는 Skywalkers입니다.가성비와 성능비 그리고 감성비까지 모두 고려해서 가장 합리적인 구성을 찾을 수 있도록 추천을 드리겠습니다.",
    "quotations_quotations_description": "[CPU]AMD 라이젠7-5세대 7800X3D (라파엘) (멀티팩(정품))상세보기[메인보드]ASRock B650M Pro RS + WiFi6E 모듈 패키지 디앤디컴상세보기[메모리]TeamGroup DDR5-5600 CL46 Elite 서린 (16GB) x 2 개상세보기[그래픽카드]갤럭시 GALAX 지포스 RTX 4070 SUPER 2X D6X 12GB상세보기[SSD]마이크론 Crucial T500 M.2 NVMe 대원씨티에스 (2TB)상세보기[케이스]아이구주 PRAY 30 PLUS (미들타워)상세보기[파워서플라이]NEWZEN SKULL 850SM MODULAR ATX 3.0 80PLUS GOLD (PCIE5)상세보기[CPU쿨러]Thermalright Peerless Assassin 120 SE 서린상세보기[조립PC관련][견적왕] 조립 서비스 + 1년 출장 A/S상세보기메인보드는 가성비 좋은 화이트 B650M WiFi 킷 메인보드케이스는 140mm 식스팬이 기본장착되어 있어서 공랭 CPU쿨러와 조합시 최고의 쿨링 효율을 보여주는 미들타워 케이스",
    "quote_feedback": "1. 구성하신 메인보드인 MSI MAG B650M 박격포 WIFI는 스펙도 좋고 가격도 괜찮은데 2번 슬롯부터 그래픽카드를 장착하는 레이 아웃이 적용되어 있는 점이 가장 아쉽죠. 미니보드면서 2번 슬롯은 하단부 간섭이 생길 수 있어서 치명적인 단점이 될 수 있습니다.1번 슬롯부터 장착이 가능하면서 가성비도 더 좋은 ASRock B650M Pro RS + WiFi6E 모듈 패키지 디앤디컴으로 변경2. 케이스는 140mm 저소음팬이 6개 기본장착되어 있어서 팬을 추가할 필요없고 공랭 CPU쿨러와 조합시 최고의 쿨링 효율을 보여주는 아이구주 PRAY 30 PLUS (미들타워)로 변경더 저렴하고 쿨링 효율은 더 높습니다.3. CPU쿨러는 현재 가성비 끝판왕이라고 할 수 있고 소음까지도 낮은 수준인 Thermalright Peerless Assassin 120 SE 서린으로 변경참고해서 합리적인 구매하시기 바랍니다."
}