{
    "quote_number": "2604",
    "quote_title": "500만원 블렌더 키샷 라이노 유니티 3D작업 라이젠 7950X + RTX 4090 화이트감성 작업용 컴퓨터 견적",
    "date_create": "2024.3.18",
    "cpu_gpu_combinations": "라이젠9 7950X + RTX 4090 조합",
    "quotation_summary": " 라이젠 7950X / RTX 4090 / RAM 32GB / SSD 1TB# 작업용# 화이트감성# 블렌더# 라이노# 키샷# 유니티# 언리얼# 3D작업",
    "quote_person_introduction": "안녕하세요. 로카프입니다.우리 주변에는 아직 컴퓨터 견적구성을 어떻게 할 지 몰라 고민에 빠지는 분들이 많이 계십니다.성능은 괜찮을까? 고장은 나지 않을까? 가격은 괜찮은건가? 이런 고민들을 한 번쯤은 해보셨을 겁니다.용도에 알맞는 성능과 합리적인 가격, 최우선으로 안정성과 신뢰도 높은 부품들로 구성된 견적을 추천해드리겠습니다.컴퓨터를 처음 알아보시는 분들의 입장에서 생각하고 견적을 구성해드리는 견적맨이 되겠습니다.",
    "quotations_quotations_description": "[CPU]AMD 라이젠9-5세대 7950X (라파엘) (멀티팩(정품))상세보기[메인보드]ASRock B650E 스틸레전드 WiFi 대원씨티에스상세보기[메모리]TeamGroup DDR5-5600 CL46 Elite (16GB) x 2 개상세보기[그래픽카드]GIGABYTE 지포스 RTX 4090 AERO OC D6X 24GB 피씨디렉트상세보기[SSD]Western Digital WD BLACK SN850X M.2 NVMe (1TB)상세보기[케이스]DARKFLASH DLX21 RGB MESH 강화유리 화이트 (미들타워)상세보기[파워서플라이]SuperFlower SF-1300F14XG LEADEX VII GOLD WHITE ATX 3.0 (PCIE5)상세보기[CPU쿨러]발키리 GL360 ARGB (WHITE)상세보기[조립PC관련][견적왕] 조립 서비스 + 1년 출장 A/S상세보기[조립PC관련]수랭 쿨러 조립 추가 비용상세보기CPU는 16코어 32쓰레드 구조로 많은 코어수를 활용하여 뛰어난 작업 성능을 발휘하는 라이젠 7950X입니다. 또한 AVX-512 명령어를 지원해 복잡하고 많은 연산이 요구되는 금융 분석, 시뮬레이션, 모델링과 같은 고성능 컴퓨팅/딥러닝 연산 영역에서 더욱 뛰어납니다.메인보드는 960A급 드라이버모스펫 채용으로 전원부 성능이 매우 뛰어나 라이젠 7000시리즈 어떤 CPU와도 구성 할 수 있는 제품입니다. 또한, ATX 사이즈 메인보드로 확장성 역시 매우 좋으며 WIFI와 블루투스 기능도 탑재하고 있습니다. 기판일부와 방열판색상이 화이트라서 화이트감성 PC 구성과도 잘 어울립니다.메모리는 라이프워런티정책으로 제품 단종 시까지 서비스 지원하는 팀그룹 JEDEC 표준 일반램입니다.그래픽카드는 RTX 4000번대 최상위 제품인 RTX 4090이며 화이트색상 제품입니다. 구입 후 30일 이내 홈페이지 등록 시 3년무상보증에 1년을 더 연장하여 총 4년의 무상 서비스를 제공합니다.SSD는 최대읽기속도 7,300MB/s 최대쓰기속도 6,300MB/s를 자랑하는 최상위권 PCIe 4.0 SSD인 SN850X입니다. WD BLACK SSD 대시보드를 통해 게임모드 이용 시 SSD의 저전력모드를 비활성화시켜 최고의 퍼포먼스를 발휘할 수 있습니다.케이스는 많은 소비자들로부터 꾸준한 사랑을 받고있는 DLX 21 MESH입니다. 140mm 전면팬 3개와 140mm 후면팬 1개 기본구성에 상단 3열 수랭쿨러 호환도 문제없으며 호환길이 CPU공랭쿨러 180mm / 그래픽카드 400mm의 뛰어난 호환성도 장점입니다.파워서플라이는 고주파 증상 발생에도 원활한 A/S가 가능한 SuperFlower사의 1300W 골드등급 ATX3.0 제품입니다. 12VHPWR 케이블이 기본구성되어 RTX 4000번대 그래픽카드 구성 시 깔끔한 선정리가 가능합니다. 또한, ATX 3.0 인증 제품으로 최대 235%의 피크전력까지 버틸 수 있어 순간적인 과부하 조건에서도 안정적인 사용이 가능합니다.CPU쿨러는 360수랭쿨러 쿨링성능 최상위권의 발키리 GL360이며 인텔 i5 ~ i9, 라이젠 7000시리즈 X붙은 CPU들과 구성하기에 알맞는 제품입니다.",
    "quote_feedback": "CPU는 16코어 32쓰레드 구성이며 AVX-512 명령어도 지원하는 데스크톱 라인업 최상위 제품으로 작업성능이 매우 좋은 7950X이며그래픽카드는 두 말이 필요없는 24년 2월 현재 일반 소비자용 그래픽카드 최상위 라인업인 RTX 4090 화이트 조합입니다.메인보드는 두꺼운 그래픽카드도 구성 용이한 ATX 사이즈 제품이며메모리는 JEDEC 표준 일반램으로 16GB 2장 총 32GB 용량 구성해드렸습니다.SSD는 PCIe4.0 규격의 스펙 좋은 1TB 제품이며파워는 12VHPWR 케이블 기본적으로 있는 1000W 그 이상의 넉넉한 용량을 가진 제품입니다.CPU쿨러는 360수랭쿨러 쿨링성능 상위권 제품으로 마무리했습니다."
}