{
    "quote_number": "2612",
    "quote_title": "AMD 라이젠5-4세대 5600G",
    "date_create": "2024.2.6",
    "cpu_gpu_combinations": "라이젠5 5600G +  조합",
    "quotation_summary": " AMD 라이젠5-4세대 5600G# 사무",
    "quote_person_introduction": "안녕하세요! 인벤에서 주로 활동하고 있는 Skywalkers입니다.가성비와 성능비 그리고 감성비까지 모두 고려해서 가장 합리적인 구성을 찾을 수 있도록 추천을 드리겠습니다.",
    "quotations_quotations_description": "[CPU]AMD 라이젠5-4세대 5600G (세잔) (멀티팩)상세보기[메인보드]ASUS PRIME A520M-A II 대원CTS상세보기[메모리]ESSENCORE KLEVV DDR4-3200 CL22 (16GB) x 2 개상세보기[SSD]SK하이닉스 Gold P31 M2 NVMe (1TB)상세보기[케이스]컴이지 킹덤 AIR Mini RGB (미니타워)상세보기[파워서플라이]몬스타 가츠 ExtremeX FX500 80PLUS STANDARD상세보기[CPU쿨러]JIUSHARK JF100RS Crystal (BLACK)상세보기[조립PC관련][견적왕] 조립 서비스 + 1년 출장 A/S상세보기CPU는 6코어 12쓰레드 디자인에 내장그래픽 성능이 월등히 좋은 CPU케이스는 사무용으로 사용하기 좋은 공간활용성 높은 미니타워\n3개의 쿨러를 기본 제공해서 쿨링효율도 가격대비 아주 높은 케이스파워서플라이는 무상 6년 AS에 무려 9종에 달하는 보호회로를 적용하여 안정성에 몰빵을 하고서도 아주 착한 금액대에 출시한 갓성비 중에 갓성비 제품이라고 할 수 있는 몬스타 가츠 ExtremeX FX500 80PLUS STANDARD",
    "quote_feedback": "1. CPU는 6코어 12쓰레드에 내장 그래픽 성능이 좋아서 다양하게 활용할 수 있는 5600G로 구성2. 메인보드는 전원부 히트싱크에 램 슬롯 4개가 적용되어 있는 ASUS PRIME A520M-A II 대원CTS로 구성3. 메모리는 라이프타임 워런티로 삼성램 대비 압도적인 AS기간을 제공하고 SK하이닉스 모듈을 사용해서 안정성도 높고 가격도 저렴한 ESSENCORE KLEVV DDR4-3200 CL22 (16GB) 2개 32기가로 구성4. SSD는 젠3 제품 중에서는 5년 무상AS에 성능도 좋고 가격적인 메리트도 있는 SK하이닉스 Gold P31 M2 NVMe (1TB)로 구성5. 케이스는 전면 메쉬 디자인에 시스템 팬 3개를 기본 장착하여 쿨링 효율도 좋고 LED OFF 기능에 공간활용성도 높은 컴이지 킹덤 AIR Mini RGB (미니타워)로 구성6. 무상 6년 AS에 무려 9종에 달하는 보호회로를 적용하여 안정성에 몰빵을 하고서도 아주 착한 금액대에 출시한 갓성비 중에 갓성비 제품이라고 할 수 있는 몬스타 가츠 ExtremeX FX500 80PLUS STANDARD로 구성7. CPU쿨러는 케이스와 잘 어울리면서 TDP 220W의 가격대비 끝판왕급 성능에 최고수준의 마감퀄리티와 저소음 그리고 가격도 착하면서 디자인도 좋은 JIUSHARK JF100RS Crystal (BLACK)으로 구성참고해서 합리적인 구매하시기 바랍니다."
}