{
    "quote_number": "2645",
    "quote_title": "인텔 코어i5-14세대 14500 + 지포스 RTX 4060",
    "date_create": "2024.2.7",
    "cpu_gpu_combinations": "코어i5-14500 + RTX 4060 조합",
    "quotation_summary": " 인텔 코어i5-14세대 14500 + 지포스 RTX 4060# 워크스테이션",
    "quote_person_introduction": "안녕하세요! 인벤에서 주로 활동하고 있는 Skywalkers입니다.가성비와 성능비 그리고 감성비까지 모두 고려해서 가장 합리적인 구성을 찾을 수 있도록 추천을 드리겠습니다.",
    "quotations_quotations_description": "[CPU]인텔 코어i5-14세대 14500 (랩터레이크 리프레시) (정품)상세보기[메인보드]ASRock B760M PG Riptide D5 에즈윈상세보기[메모리]TeamGroup DDR5-5600 CL46 Elite 서린 (16GB) x 2 개상세보기[그래픽카드]이엠텍 지포스 RTX 4060 MIRACLE WHITE D6 8GB상세보기[SSD]마이크론 Crucial P5 Plus M.2 NVMe 대원CTS (500GB)상세보기[데스크탑 HDD]Toshiba 2TB P300 HDWD120 (SATA3/7200/64M)상세보기[케이스]3RSYS R240 화이트 (미들타워)상세보기[파워서플라이]마이크로닉스 Classic II 풀체인지 600W 80PLUS BRONZE 230V EU 화이트상세보기[CPU쿨러]3RSYS Socoool RC350 ARGB (WHITE)상세보기[소프트웨어]Microsoft Windows 11 Home (처음사용자용 한글)상세보기[조립PC관련][견적왕] 조립 서비스 + 1년 출장 A/S상세보기SSD는 현재 가장 빠른 속도 규격인 젠4 5년 무상AS 제품 중 월등한 가성비의 SSD데스크탑 HDD는 안정성 높은 PMR 방식의 HDD",
    "quote_feedback": "1. 메인보드는 B760 칩셋으로 구성해야 제대로 성능 발휘를 할 수 있습니다.전원부 히트싱크에 램슬롯 4개가 적용되어 있는 ASRock B760M PG Riptide D5 에즈윈으로 변경2. 그래픽카드는 1티어 AS 중에서도 최상위면서 화이트 색상인 이엠텍 지포스 RTX 4060 MIRACLE WHITE D6 8GB로 변경3. 구성하신 웬디 HDD는 SMR방식이라 추천을 하지 않습니다. PMR방식의 원천기술을 가지고 있는 도시바의 P300으로 변경4. 케이스는 강화유리처럼 파손 위험없는 풀아크릴 스윙도어 패널에 6개의 기본 팬을 장착하고 LED OFF 기능까지 적용된 보급형 끝판왕급인 3RSYS R240 화이트 (미들타워)로 변경5. 4060은 최대 전력 소모량이 115W 수준으로 정격 500W 수준이면 사용할 수 있는 저전력 그래픽카드입니다.정격 600W 브론즈 인증 화이트 제품인 마이크로닉스 Classic II 풀체인지 600W 80PLUS BRONZE 230V EU 화이트로 변경6. 14500은 온도가 낮은 CPU인지라 듀얼타워 공랭쿨러가 필요하지 않습니다.CPU쿨러는 케이스와도 잘 어울리는 화이트 색상에 성능도 좋고 ARGB를 지원하는 제품 중에서는 가격적인 메리트도 가장 높은 갓성비 제품인 3RSYS Socoool RC350 ARGB (WHITE)로 변경참고해서 합리적인 구매하시기 바랍니다."
}