{
    "quote_number": "2673",
    "quote_title": "AMD 라이젠5-4세대 5600 + 지포스 RTX 4060",
    "date_create": "2024.2.8",
    "cpu_gpu_combinations": "라이젠5 5600 + RTX 4060 조합",
    "quotation_summary": " AMD 라이젠5-4세대 5600 + 지포스 RTX 4060# 게임",
    "quote_person_introduction": "안녕하세요! 인벤에서 주로 활동하고 있는 Skywalkers입니다.가성비와 성능비 그리고 감성비까지 모두 고려해서 가장 합리적인 구성을 찾을 수 있도록 추천을 드리겠습니다.",
    "quotations_quotations_description": "[CPU]AMD 라이젠5-4세대 5600 (버미어) (멀티팩(정품))상세보기[메인보드]ASUS PRIME A520M-A II 대원CTS상세보기[메모리]ESSENCORE KLEVV DDR4-3200 CL22 (16GB) x 2 개상세보기[그래픽카드]갤럭시 GALAX 지포스 RTX 4060 2X OC V2 D6 8GB상세보기[SSD]SK하이닉스 GOLD P31 M2 NVMe (500GB)상세보기[케이스]3RSYS R240 화이트 (미들타워)상세보기[파워서플라이]마이크로닉스 Classic II 풀체인지 600W 80PLUS BRONZE 230V EU 화이트상세보기[CPU쿨러]3RSYS Socoool RC350 ARGB (WHITE)상세보기[조립PC관련][견적왕] 조립 서비스 + 1년 출장 A/S상세보기CPU는 현재 게임 가성비가 가장 좋은 CPUSSD는 젠3 제품 중에서는 5년 무상AS에 성능도 좋고 가격적인 메리트도 있는 SSD",
    "quote_feedback": "1. 메모리는 라이프타임 워런티로 압도적인 AS기간을 제공하고 SK하이닉스 모듈을 사용해서 안정성도 높고 가격도 저렴한 ESSENCORE KLEVV DDR4-3200 CL22 (16GB) 2개 32기가로 변경2. 케이스는 강화유리처럼 파손 위험없는 풀아크릴 스윙도어 패널에 6개의 기본 팬을 장착하고 LED OFF 기능까지 적용된 보급형 끝판왕급인 3RSYS R240 화이트 (미들타워)로 변경3. 케이스가 화이트 색상이라 파워와 CPU쿨러도 화이트로 맞춰주면 보다 멋진 세팅이 됩니다.파워는 브론즈 인증 정격 600W 화이트 색상 제품인 마이크로닉스 Classic II 풀체인지 600W 80PLUS BRONZE 230V EU 화이트로 변경4. CPU쿨러는 케이스와도 잘 어울리는 화이트 색상에 성능도 좋고 ARGB를 지원하는 제품 중에서는 가격적인 메리트도 가장 높은 갓성비 제품인 3RSYS Socoool RC350 ARGB (WHITE)로 변경참고해서 합리적인 구매하시기 바랍니다."
}