{
    "quote_number": "2686",
    "quote_title": "AMD 라이젠5-5세대 7500F + 지포스 RTX 4060 Ti",
    "date_create": "2024.2.8",
    "cpu_gpu_combinations": "라이젠5 7500F + RTX 4060 Ti 조합",
    "quotation_summary": " AMD 라이젠5-5세대 7500F + 지포스 RTX 4060 Ti# 게임",
    "quote_person_introduction": "안녕하세요! 인벤에서 주로 활동하고 있는 Skywalkers입니다.가성비와 성능비 그리고 감성비까지 모두 고려해서 가장 합리적인 구성을 찾을 수 있도록 추천을 드리겠습니다.",
    "quotations_quotations_description": "[CPU]AMD 라이젠5-5세대 7500F (라파엘) (멀티팩(정품))상세보기[메인보드]ASUS EX B650M-V7 대원씨티에스상세보기[메모리]TeamGroup DDR5-5600 CL46 Elite 서린 (16GB) x 2 개상세보기[그래픽카드]ZOTAC GAMING 지포스 RTX 4060 Ti TWIN Edge D6 8GB상세보기[SSD]삼성전자 PM9A1 M2 NVMe 병행수입 (1TB)상세보기[케이스]3RSYS R240 블랙 (미들타워)상세보기[파워서플라이]몬스타 가츠 ExtremeX FX700 80PLUS STANDARD상세보기[CPU쿨러]3RSYS Socoool RC350 ARGB (BLACK)상세보기[소프트웨어]Microsoft Windows 11 Home (처음사용자용 한글)상세보기[모니터]필립스 242M 게이밍 144 프리싱크 무결점상세보기[키보드]마이크로닉스 MANIC EX580L 기계식 키보드 (블랙적축)상세보기[마우스]몬스타기어 CREW GX 유무선상세보기[마우스패드]앱코 APAD 생활방수 장패드상세보기[게이밍헤드셋.스피커.마이크]앱코 MR500 무선 Virtual 7.1 게이밍 헤드셋상세보기[쿨러.튜닝.조명.액세서리]장우컴퍼니 JW-HTK01 M.2 방열판상세보기[조립PC관련][견적왕] 조립 서비스 + 1년 출장 A/S상세보기",
    "quote_feedback": "1. 메인보드는 전원부 히트싱크가 적용되어 있는 ASUS EX B650M-V7 대원씨티에스로 변경비슷한 금액대라면 커브 옵티마이저를 지원하지 않는 하위 칩셋인 A620보다는 상위 칩셋인 B650으로 구성하는 것이 좋습니다.2. 메모리는 라이프타임 워런티로 압도적인 AS기간을 제공하는 팀그룹 5600MHz 고클럭 규격램 16기가 2개 32기가로 변경ADATA와 팀그룹은 인지도 면에서 레벨 자체가 다른 수준입니다. 팀그룹이 더 비싸더라도 추천을 했을텐데 지금처럼 가격이 더 저렴하면 고민할 필요없이 팀그룹 메모리로 구성하면 되겠습니다.3. SSD는 젠4 제품 중 넘사벽 갓성비의 삼성전자 980PRO OEM버전인 삼성전자 PM9A1 M2 NVMe 병행수입 (1TB)으로 변경했고, 저렴한 방열판도 하나 추가했습니다.4. 케이스는 강화유리처럼 파손 위험없는 풀아크릴 스윙도어 패널에 6개의 기본 팬을 장착하고 LED OFF 기능까지 적용된 보급형 끝판왕급인 3RSYS R240 블랙 (미들타워)로 변경5. 파워는 동일한 스탠다드 인증에 6년 무상 AS 그리고 무려 9종에 달하는 보호회로를 적용하여 안정성에 몰빵하고서도 아주 착한 금액대에 출시를 했고 현재 출시 이벤트로 말도 안되는 수준의 금액에 판매중인 갓성비 중에 갓성비라고 할 수 있는 몬스타 가츠 ExtremeX FX700 80PLUS STANDARD로 변경보통 보급형 파워는 대부분 3-5년 무상에 4-6종의 보호회로가 적용되어 있습니다. 구성하신 닥플 세이브모스트도 5년 무상에 4종 보호회로가 적용되어 있어서 차이가 아주 크게 나는 편입니다.6. CPU쿨러는 케이스와도 잘 어울리고 성능도 좋고 ARGB를 지원하는 제품 중에서는 가격적인 메리트도 가장 높은 갓성비 제품인 3RSYS Socoool RC350 ARGB (BLACK)으로 변경7. 키보드는 흡음재가 적용되어 있는 마이크로닉스 MANIC EX580L 기계식 키보드 (블랙적축)으로 변경했고 마우스는 유/무선 겸용에 블루투스까지 지원해서 다양하게 활용할 수 있는 게이밍 제품인 몬스타기어 CREW GX 유무선으로 변경참고해서 합리적인 구매하시기 바랍니다."
}