{
    "quote_number": "2690",
    "quote_title": "7500F + 4070 SUPER QHD 게이밍",
    "date_create": "2024.2.9",
    "cpu_gpu_combinations": "라이젠5 7500F + RTX 4070 SUPER 조합",
    "quotation_summary": " 7500F + 4070 SUPER QHD 게이밍# 7500F + 4070 SUPER QHD 게이밍",
    "quote_person_introduction": "퀘이사존, 다나와, 쿨엔에서 활동 중인  잉여인간17호입니다.다양한 필테 경력과 컴덕질을 경험삼아 도움 드리고자 합니다.어떠한 스폰도 받지 않는 유저 입장에서 직접 사용해보고 테스트한 견적 위주로 견적드리겠습니다.",
    "quotations_quotations_description": "[CPU]AMD 라이젠5-5세대 7500F (라파엘) (멀티팩(정품))상세보기[메인보드]ASRock A620M-HDV/M.2 + WiFi6E 모듈 패키지 디앤디컴상세보기[메모리]TeamGroup DDR5-5600 CL46 Elite 서린 (16GB)상세보기[그래픽카드]갤럭시 GALAX 지포스 RTX 4070 SUPER 2X D6X 12GB상세보기[SSD]마이크론 Crucial T500 M.2 NVMe 대원씨티에스 (1TB)상세보기[케이스]DAVEN APEX Black (미들타워)상세보기[파워서플라이]NEWZEN SKULL 750SM MODULAR ATX 3.0 80PLUS GOLD (PCIE5)상세보기[CPU쿨러]DEEPCOOL AG400상세보기[소프트웨어]Microsoft Office 2021 Home & Student (PKC 한글)상세보기[소프트웨어]Microsoft Windows 11 Home (처음사용자용 한글)상세보기[소프트웨어]한글과컴퓨터 한컴오피스 2024 가정 및 학생용 (처음사용자용 1PC Only)상세보기[쿨러.튜닝.조명.액세서리]장우컴퍼니 JW-HTK01 M.2 방열판상세보기[조립PC관련][견적왕] 조립 서비스 + 1년 출장 A/S상세보기CPU는 최고의 게이밍 가성비 CPU입니다메모리는 갓서린에서 유통하는 팀그룹 DDR5 5600 클럭 메모리입니다.그래픽카드는 AS 1티어 갤럭시의 RTX 4070 SUPERSSD는 PCIe4.0 최상급 성능의 SSD입니다.케이스는 그래픽카드 호환성 350mm로 준수한 호환성과 쿨링성능을 자랑하는 케이스입니다.파워서플라이는 10년 보증에 슈퍼플라워랑 같은 유통사로 고주파 발생시 새제품 교환 등 AS 정책에 뛰어난 가성비까지 겸비한 파워입니다.CPU쿨러는 팔라딘 400 급 성능에 2만원 초반선의 극가성비 쿨러입니다.소프트웨어는 인텔 12세대 이후로는 고성능 코어와 효율 코어로 나뉘면서 윈도우 11을 권장합니다.\n인텔의 경우 일부 게임에선 윈11이 성능이 더 잘나옵니다.",
    "quote_feedback": "7500F + 4070 SUPER QHD 게이밍"
}