{
    "quote_number": "2700",
    "quote_title": "14700K + 4070 SUPER 고사양 게이밍 + 워크스테이션",
    "date_create": "2024.2.9",
    "cpu_gpu_combinations": "코어i7-14700K + RTX 4070 SUPER 조합",
    "quotation_summary": " 14700K + 4070 SUPER 고사양 게이밍 + 워크스테이션# 14700K + 4070 SUPER 고사양 게이밍 + 워크스테이션",
    "quote_person_introduction": "퀘이사존, 다나와, 쿨엔에서 활동 중인  잉여인간17호입니다.다양한 필테 경력과 컴덕질을 경험삼아 도움 드리고자 합니다.어떠한 스폰도 받지 않는 유저 입장에서 직접 사용해보고 테스트한 견적 위주로 견적드리겠습니다.",
    "quotations_quotations_description": "[CPU]코어i7-14세대 14700K (랩터레이크)(벌크)상세보기[메인보드]GIGABYTE Z790 AORUS ELITE AX 피씨디렉트상세보기[메모리]TeamGroup DDR5-5600 CL46 Elite 서린 (16GB) x 2 개상세보기[그래픽카드]갤럭시 GALAX 지포스 RTX 4070 SUPER 2X D6X 12GB상세보기[SSD]마이크론 Crucial T500 M.2 NVMe 대원씨티에스 (2TB)상세보기[데스크탑 HDD]Toshiba 4TB N300 HDWQ140 (SATA3/7200/128M)상세보기[케이스]DARKFLASH DRX70 MESH RGB 강화유리 블랙 (미들타워)상세보기[파워서플라이]NEWZEN SKULL 1000XM ATX 3.0 80PLUS GOLD PCIE5상세보기[CPU쿨러]DARKFLASH NEBULA DN-360 ARGB (블랙)상세보기[소프트웨어]Microsoft Windows 11 Home (처음사용자용 한글)상세보기[조립PC관련][견적왕] 조립 서비스 + 1년 출장 A/S상세보기[조립PC관련]수랭 쿨러 조립 추가 비용상세보기CPU는 인텔 14세대 i7메인보드는 전원부 16+1+2페이즈 1440A(90A)로 업그레이드되어 14세대도 문제 없고, WIFI와 블루투스 무선 연결을 지원하는 보드입니다.메모리는 갓서린에서 유통하는 팀그룹 DDR5 5600 클럭 메모리입니다.그래픽카드는 AS 1티어 갤럭시의 RTX 4070 SUPERSSD는 PCIE4.0 대역폭 상급 SSD데스크탑 HDD는 도시바의 안정성이 뛰어난 나스용 하드입니다케이스는 5만원 이하 케이스 중 전면 TYPE-C 포트를 지원하고, 그래픽카드 지지대 기본 구성에 그래픽카드 호환성도 준수한 케이스입니다.파워서플라이는 퍼플라워랑 같은 유통사로 고주파 발생시 새제품 교환 등 AS 정책도 동일하고 가격대도 합라적이라 가성비 좋게 구성하시기 좋습니다.CPU쿨러는 10이하에서 상급 성능에 소음도 검증된 갓성비 쿨러입니다.소프트웨어는 인텔 12세대 이후로는 고성능 코어와 효율 코어로 나뉘면서 윈도우 11을 권장합니다.\n인텔의 경우 일부 게임에선 윈11이 성능이 더 잘나옵니다.",
    "quote_feedback": "14700K + 4070 SUPER 고사양 게이밍 + 워크스테이션"
}