{
    "quote_number": "2720",
    "quote_title": "7800X3D + RTX 4070 SUPER QHD 게이밍 + 원컴 방송",
    "date_create": "2024.2.10",
    "cpu_gpu_combinations": "라이젠7 7800X3D + RTX 4070 SUPER 조합",
    "quotation_summary": " 7800X3D + RTX 4070 SUPER QHD 게이밍 + 원컴 방송# 7800X3D + RTX 4070 SUPER QHD 게이밍 + 원컴 방송",
    "quote_person_introduction": "퀘이사존, 다나와, 쿨엔에서 활동 중인  잉여인간17호입니다.다양한 필테 경력과 컴덕질을 경험삼아 도움 드리고자 합니다.어떠한 스폰도 받지 않는 유저 입장에서 직접 사용해보고 테스트한 견적 위주로 견적드리겠습니다.",
    "quotations_quotations_description": "[CPU]AMD 라이젠7-5세대 7800X3D (라파엘) (멀티팩(정품))상세보기[메인보드]ASRock B650M Pro RS 대원씨티에스상세보기[메모리]ADATA XPG DDR5-6000 CL30 LANCER RGB 블랙 패키지 (32GB(16Gx2))하이닉스 A다이 언락 제품!상세보기[그래픽카드]ZOTAC GAMING 지포스 RTX 4070 SUPER TWIN Edge OC D6X 12GB상세보기[SSD]삼성전자 PM9A1 M2 NVMe 병행수입 (1TB)상세보기[케이스]MONTECH SKY TWO ARGB 강화유리 Black (미들타워)상세보기[파워서플라이]NEWZEN SKULL 750SM MODULAR ATX 3.0 80PLUS GOLD (PCIE5)상세보기[CPU쿨러]DARKFLASH NEBULA DN-360 ARGB (블랙)상세보기[조립PC관련][견적왕] 조립 서비스 + 1년 출장 A/S상세보기[조립PC관련]수랭 쿨러 조립 추가 비용상세보기CPU는 라이젠 7000번대 3D 모델 주인공인 7800X3D입니다. 순정 상태에서 13900KS를 넘어서는 뛰어난 게임 성능과 뛰어난 전성비가 장점입니다.메인보드는 실버계열 방열판과 Dr.MOS 전원부가 탑재된 가성비 좋은 보드입니다.메모리는 ADATA의 6000클럭 튜닝 메모리입니다.그래픽카드는 AS 3대장 조텍의 RTX 4070 SUPERSSD는 삼성 980 프로 OEM 제품으로 가성비가 좋습니다.파워서플라이는 10년 보증에 슈퍼플라워랑 같은 유통사로 고주파 발생시 새제품 교환 등 AS 정책에 뛰어난 가성비까지 겸비한 파워입니다.CPU쿨러는 10이하에서 상급 성능에 소음도 검증된 갓성비 쿨러입니다.",
    "quote_feedback": "7800X3D + RTX 4070 SUPER QHD 게이밍 + 원컴 방송"
}