{
    "quote_number": "2777",
    "quote_title": "5600 + 4060 TI 블랙 RGB 겜성 PC",
    "date_create": "2024.2.11",
    "cpu_gpu_combinations": "라이젠5 5600 + RTX 4060 Ti 조합",
    "quotation_summary": " 5600 + 4060 TI 블랙 RGB 겜성 PC# 5600 + 4060 TI 블랙 RGB 겜성 PC",
    "quote_person_introduction": "퀘이사존, 다나와, 쿨엔에서 활동 중인  잉여인간17호입니다.다양한 필테 경력과 컴덕질을 경험삼아 도움 드리고자 합니다.어떠한 스폰도 받지 않는 유저 입장에서 직접 사용해보고 테스트한 견적 위주로 견적드리겠습니다.",
    "quotations_quotations_description": "[CPU]AMD 라이젠5-4세대 5600 (버미어) (멀티팩(정품))상세보기[메인보드]ASUS PRIME B550M-A 대원CTS상세보기[메모리]TeamGroup T-Force DDR4-3600 CL18 Delta RGB 패키지 (16GB(8Gx2)상세보기[그래픽카드]GIGABYTE 지포스 RTX 4060 Ti WINDFORCE OC D6 8GB 피씨디렉트상세보기[SSD]SK하이닉스 GOLD P31 M2 NVMe (500GB)상세보기[케이스]DAVEN AQUARIUM 블랙 (미들타워)상세보기[파워서플라이]마이크로닉스 Classic II 풀체인지 600W 80PLUS BRONZE 230V EU상세보기[CPU쿨러]3RSYS Socoool RC350 ARGB (BLACK)상세보기[조립PC관련][견적왕] 조립 서비스 + 1년 출장 A/S상세보기CPU는 여전히 가성비 게이밍 CPU로 명성이 자자한 CPU입니다.메인보드는 5600과 가성비 좋게 구성하기 좋은 메인보드입니다.메모리는 멋스러운 방열판이 달린 팀그룹의 고클럭 메모리입니다.SSD는 이천 특산물로 불리며 낮은 발열과 뛰어난 성능으로 게임용이나 사무용도로도 훌륭한 제품입니다. \n안정성이 이미 검증된 제품이죠케이스는 어항형 케이스 중 투챔버 형태로 파워가 옆면에 장착되어 온도면이나 감성면에서도 훌륭한 케이스입니다.파워서플라이는 스테디셀러 파워인 마닉 풀체인지가 브론즈 등급에 AS기간도 7년으로 늘었고, 제로팬으로 정숙성도 뛰어나고 애프터쿨링으로 내구성을 높여 메리트도 높고 가격대도 좋습니다.",
    "quote_feedback": "5600 + 4060 TI 블랙 RGB 겜성 PC"
}