{
    "quote_number": "2782",
    "quote_title": "AMD 라이젠7-5세대 7700 + 지포스 RTX 4070 Ti SUPER",
    "date_create": "2024.2.11",
    "cpu_gpu_combinations": "라이젠7 7700 + RTX 4070 Ti SUPER 조합",
    "quotation_summary": " AMD 라이젠7-5세대 7700 + 지포스 RTX 4070 Ti SUPER# 사무",
    "quote_person_introduction": "안녕하세요! 인벤에서 주로 활동하고 있는 Skywalkers입니다.가성비와 성능비 그리고 감성비까지 모두 고려해서 가장 합리적인 구성을 찾을 수 있도록 추천을 드리겠습니다.",
    "quotations_quotations_description": "[CPU]AMD 라이젠7-5세대 7700 (라파엘) (멀티팩(정품))상세보기[메인보드]ASRock B650M PG Riptide 대원씨티에스상세보기[메모리]TeamGroup DDR5-5600 CL46 Elite 서린 (32GB) x 2 개상세보기[그래픽카드]ZOTAC 지포스 RTX 4070 Ti SUPER Trinity D6X 16GB Black상세보기[SSD]마이크론 Crucial T500 M.2 NVMe 아스크텍 (2TB)상세보기[케이스]EDDY A1 RGB MESH 강화유리 (미들타워)상세보기[파워서플라이]마이크로닉스 COOLMAX FOCUS II 900W ETA SILVER PCIE5상세보기[CPU쿨러]Thermalright Peerless Assassin 120 SE 서린상세보기[소프트웨어]Microsoft Windows 11 Home (처음사용자용 한글)상세보기[모니터]삼성전자 오디세이 G5 C27G54T상세보기[키보드]로지텍코리아 MX Keys S 그래파이트상세보기[마우스]로지텍 코리아 G102 LIGHTSYNC (블랙)상세보기[조립PC관련][견적왕] 조립 서비스 + 1년 출장 A/S상세보기",
    "quote_feedback": "1. 그래픽카드는 1티어 AS에 2년 추가 RMA포함 총 5년의 무상AS를 제공하고 동일한 제품군에서는 가격적인 메리트도 있는 조택 4070 Ti SUPER로 변경했습니다. 고가의 그래픽카드일수록 추가되는 2년의 무상AS는 아주 큰 메리트가 됩니다.2. SSD는 동일 제품이면서 유통사만 아스크텍인데 2만원 이상 저렴합니다.마이크론 Crucial T500 M.2 NVMe 아스크텍 (2TB)으로 변경참고해서 합리적인 구매하시기 바랍니다."
}