{
    "quote_number": "2805",
    "quote_title": "7800X3D + 4070 Super NZXT H6 FLOW RGB",
    "date_create": "2024.2.12",
    "cpu_gpu_combinations": "라이젠7 7800X3D + RTX 4070 SUPER 조합",
    "quotation_summary": " 7800X3D + 4070 Super NZXT H6 FLOW RGB# 7800X3D + 4070 Super NZXT H6 FLOW RGB",
    "quote_person_introduction": "퀘이사존, 다나와, 쿨엔에서 활동 중인  잉여인간17호입니다.다양한 필테 경력과 컴덕질을 경험삼아 도움 드리고자 합니다.어떠한 스폰도 받지 않는 유저 입장에서 직접 사용해보고 테스트한 견적 위주로 견적드리겠습니다.",
    "quotations_quotations_description": "[CPU]AMD 라이젠7-5세대 7800X3D (라파엘) (멀티팩(정품))상세보기[메인보드]ASRock B650M PG Riptide 대원씨티에스상세보기[메모리]TeamGroup DDR5-5600 CL46 Elite 서린 (16GB) x 2 개상세보기[그래픽카드]갤럭시 GALAX 지포스 RTX 4070 SUPER 2X D6X 12GB상세보기[SSD]마이크론 Crucial T500 M.2 NVMe 대원씨티에스 (1TB)상세보기[케이스]NZXT H6 Flow RGB Matte Black (미들타워)상세보기[파워서플라이]NEWZEN SKULL 750SM MODULAR ATX 3.0 80PLUS GOLD (PCIE5)상세보기[CPU쿨러]NZXT KRAKEN 360 RGB (BLACK)상세보기[쿨러.튜닝.조명.액세서리]NZXT F140 RGB DUO Matte Black (1PACK) x 2 개상세보기[쿨러.튜닝.조명.액세서리]NZXT F120 RGB CORE Black (1PACK)상세보기[쿨러.튜닝.조명.액세서리]iHTP DR-01 ARGB 메모리 방열판 (BLACK) x 2 개상세보기[조립PC관련][견적왕] 조립 서비스 + 1년 출장 A/S상세보기[조립PC관련]수랭 쿨러 조립 추가 비용상세보기CPU는 라이젠 7000번대 3D 모델 주인공인 7800X3D입니다. 순정 상태에서 13900KS를 넘어서는 뛰어난 게임 성능과 뛰어난 전성비가 장점입니다.메인보드는 12+2+1페이즈 최대 600A(50A)의 준수한 전원부의 라이젠 보드입니다메모리는 갓서린에서 유통하는 팀그룹 DDR5 5600 클럭 메모리입니다.그래픽카드는 AS 1티어 갤럭시의 RTX 4070 SUPERSSD는 PCIe4.0 최상급 성능의 SSD입니다.파워서플라이는 10년 보증에 슈퍼플라워랑 같은 유통사로 고주파 발생시 새제품 교환 등 AS 정책에 뛰어난 가성비까지 겸비한 파워입니다.",
    "quote_feedback": "7800X3D + 4070 Super NZXT H6 FLOW RGB"
}