{
    "quote_number": "2829",
    "quote_title": "AMD 라이젠5-5세대 7500F + 지포스 RTX 4060 Ti",
    "date_create": "2024.2.12",
    "cpu_gpu_combinations": "라이젠5 7500F + RTX 4060 Ti 조합",
    "quotation_summary": " AMD 라이젠5-5세대 7500F + 지포스 RTX 4060 Ti# 게임",
    "quote_person_introduction": "안녕하세요! 인벤에서 주로 활동하고 있는 Skywalkers입니다.가성비와 성능비 그리고 감성비까지 모두 고려해서 가장 합리적인 구성을 찾을 수 있도록 추천을 드리겠습니다.",
    "quotations_quotations_description": "[CPU]AMD 라이젠5-5세대 7500F (라파엘) (멀티팩(정품))상세보기[메인보드]ASUS EX B650M-V7 대원씨티에스상세보기[메모리]TeamGroup DDR5-5600 CL46 Elite 서린 (16GB) x 2 개상세보기[그래픽카드]ZOTAC GAMING 지포스 RTX 4060 Ti TWIN Edge D6 8GB상세보기[SSD]삼성전자 PM9A1 M2 NVMe 병행수입 (1TB)상세보기[케이스]3RSYS S315 Quiet 리버스 블랙 (미니타워)상세보기[파워서플라이]몬스타 가츠 ExtremeX FX700 80PLUS STANDARD상세보기[CPU쿨러]3RSYS Socoool RC350 ARGB (BLACK)상세보기[쿨러.튜닝.조명.액세서리]장우컴퍼니 JW-HTK01 M.2 방열판상세보기[조립PC관련][견적왕] 조립 서비스 + 1년 출장 A/S상세보기",
    "quote_feedback": "1. 구성을 잘하셔서 그대로 진행하셔도 좋고 조금 수정을 해도 좋을 것 같습니다.2. 케이스는 미니보드에 공랭쿨러로 조합하는 경우에는 미들타워보다는 내부가 꽉 차게 세팅을 할 수 있는 미니타워로 구성하는 것이 보다 멋진 세팅이 됩니다.현재 어항케이스 중에서는 독보적으로 멋진 디자인인 3RSYS S315 Quiet 리버스 블랙 (미니타워)로 변경해 봤습니다.3. 저렴한 SSD 방열판도 하나 추가를 했습니다.참고해서 합리적인 구매하시기 바랍니다."
}