{
    "quote_number": "2852",
    "quote_title": "AMD 라이젠5-4세대 5600 (버미어) + 라데온 RX 580 2048SP",
    "date_create": "2024.2.13",
    "cpu_gpu_combinations": "라이젠5 5600 + RX 580 조합",
    "quotation_summary": " AMD 라이젠5-4세대 5600 (버미어) + 라데온 RX 580 2048SP# 게임",
    "quote_person_introduction": "안녕하세요! 인벤에서 주로 활동하고 있는 Skywalkers입니다.가성비와 성능비 그리고 감성비까지 모두 고려해서 가장 합리적인 구성을 찾을 수 있도록 추천을 드리겠습니다.",
    "quotations_quotations_description": "[CPU]AMD 라이젠5-4세대 5600 (버미어) (멀티팩(정품))상세보기[메인보드]ASUS PRIME A520M-A II 대원CTS상세보기[메모리]ESSENCORE KLEVV DDR4-3200 CL22 (8GB) x 2 개상세보기[그래픽카드]STCOM 라데온 RX 580 2048SP Gaming D5 8GB상세보기[SSD]SK하이닉스 GOLD P31 M2 NVMe (500GB)상세보기[케이스]앱코 G15 세이퍼 아크릴 (미들타워)상세보기[파워서플라이]마이크로닉스 COOLMAX FOCUS II 500W ETA BRONZE상세보기[CPU쿨러]3RSYS TEAMMOST TM40상세보기[소프트웨어]Microsoft Windows 11 Home (처음사용자용 한글)상세보기[조립PC관련][견적왕] 조립 서비스 + 1년 출장 A/S상세보기CPU는 현재 게임 가성비가 가장 좋은 CPUSSD는 젠3 제품 중에서는 5년 무상AS에 성능도 좋고 가격적인 메리트도 있는 SSD",
    "quote_feedback": "1. 2048SP는 스트림 프로세서 갯수를 표기한 겁니다.이게 한가지 함정이 있는데 RX 580의 원래 스트림 프로세서 갯수는 2304개입니다. 2048은 RX 570의 스트림 프로세서의 갯수죠.즉 이름이 RX 580이지만 성능은 RX 570급이라고 보는 것이 맞습니다.정식으로 출시가 된 제품도 아니고 아시아에서만 판매하도록 제약이 있었고 네이밍도 이상해서 지탄의 대상이 되긴했지만 현재는 가격이 워낙 저렴해서 RX 570으로 생각하고 사용하면 되는 그래픽카드입니다.2. 메모리는 라이프타임 워런티로 압도적인 AS기간을 제공하고 SK하이닉스 모듈을 사용해서 안정성도 높고 가격도 저렴한 ESSENCORE KLEVV DDR4-3200 CL22 (8GB) 2개 16기가로 변경3. 구성한 SSD는 디램리스 제품이라 메인 드라이브로 사용하는 것을 추천하지는 않습니다.젠3 제품 중에서는 5년 무상AS에 성능도 좋고 가격적인 메리트도 있는 SK하이닉스 GOLD P31 M2 NVMe (500GB)로 변경참고해서 합리적인 구매하시기 바랍니다."
}