{
    "quote_number": "2887",
    "quote_title": "7500F + 4070 QHD 가성비 게이밍",
    "date_create": "2024.2.13",
    "cpu_gpu_combinations": "라이젠5 7500F + RTX 4070 조합",
    "quotation_summary": " 7500F + 4070 QHD 가성비 게이밍# 7500F + 4070 QHD 가성비 게이밍",
    "quote_person_introduction": "퀘이사존, 다나와, 쿨엔에서 활동 중인  잉여인간17호입니다.다양한 필테 경력과 컴덕질을 경험삼아 도움 드리고자 합니다.어떠한 스폰도 받지 않는 유저 입장에서 직접 사용해보고 테스트한 견적 위주로 견적드리겠습니다.",
    "quotations_quotations_description": "[CPU]AMD 라이젠5-5세대 7500F (라파엘) (멀티팩(정품))상세보기[메인보드]ASRock B650M PG Lightning 대원씨티에스상세보기[메모리]TeamGroup DDR5-5600 CL46 Elite 서린 (16GB) x 2 개상세보기[그래픽카드]ZOTAC GAMING 지포스 RTX 4070 TWIN EDGE OC D6X 12GB상세보기[SSD]마이크론 Crucial T500 M.2 NVMe 대원씨티에스 (1TB)상세보기[케이스]DAVEN D6 MESH 강화유리 블랙 (미들타워)상세보기[파워서플라이]마이크로닉스 COOLMAX FOCUS II 700W ETA BRONZE PCIE5상세보기[CPU쿨러]DEEPCOOL AG400상세보기[쿨러.튜닝.조명.액세서리]장우컴퍼니 JW-HTK01 M.2 방열판상세보기[조립PC관련][견적왕] 조립 서비스 + 1년 출장 A/S상세보기CPU는 최고의 게이밍 가성비 CPU입니다메모리는 갓서린에서 유통하는 팀그룹 DDR5 5600 클럭 메모리입니다.그래픽카드는 조텍의 RTX 4070 입니다.SSD는 PCIe4.0 최상급 성능의 SSD입니다.케이스는 기본 쿨링팬 6개 탑재로 준수한 쿨링성능과 가성비를 자랑하는 케이스입니다.파워서플라이는 브론즈 효율에 PCIE5 규격으로 가격대도 저렴한 가성비 좋은 마이크로닉스 파워입니다.CPU쿨러는 팔라딘 400 급 성능에 2만원 초반선의 극가성비 쿨러입니다.",
    "quote_feedback": "7500F + 4070 QHD 가성비 게이밍"
}