{
    "quote_number": "2921",
    "quote_title": "AMD 라이젠5-5세대 7500F + 지포스 RTX 4060",
    "date_create": "2024.2.14",
    "cpu_gpu_combinations": "라이젠5 7500F + RTX 4060 조합",
    "quotation_summary": " AMD 라이젠5-5세대 7500F + 지포스 RTX 4060# 게임",
    "quote_person_introduction": "안녕하세요! 인벤에서 주로 활동하고 있는 Skywalkers입니다.가성비와 성능비 그리고 감성비까지 모두 고려해서 가장 합리적인 구성을 찾을 수 있도록 추천을 드리겠습니다.",
    "quotations_quotations_description": "[CPU]AMD 라이젠5-5세대 7500F (라파엘) (멀티팩(정품))상세보기[메인보드]ASRock B650M Pro RS 대원씨티에스상세보기[메모리]TeamGroup DDR5-5600 CL46 Elite 서린 (16GB) x 2 개상세보기[그래픽카드]갤럭시 BOY 지포스 RTX 4060 2X OC V2 D6 8GB상세보기[케이스]잘만 P10 Black (미니타워)상세보기[파워서플라이]쿨러마스터 MWE 600 BRONZE V2 230V상세보기[CPU쿨러]3RSYS Socoool RC350 ARGB (BLACK)상세보기[조립PC관련][견적왕] 조립 서비스 + 1년 출장 A/S상세보기메인보드는 B650칩셋 제품이라서 PBO와 커브옵티마이저 기능을 지원하는 제품입니다. 400A급 드라이버모스펫 구성의 전원부 성능을 가지고 있으며 기판일부와 방열판색상이 화이트라 화이트조합에 알맞습니다.",
    "quote_feedback": "화이트를 포기하고 가성비를 고려한 구성입니다.성능은 크게 차이가 나지 않습니다. 메모리 클럭의 차이만큼 나는데 체감이 크게 되지는 않구요.참고해서 합리적인 구매하시기 바랍니다."
}