{
    "quote_number": "2940",
    "quote_title": "인텔 코어i5-12세대 12400F + 지포스 RTX 4060",
    "date_create": "2024.2.14",
    "cpu_gpu_combinations": "코어i5-12400F + RTX 4060 조합",
    "quotation_summary": " 인텔 코어i5-12세대 12400F + 지포스 RTX 4060# 게임",
    "quote_person_introduction": "안녕하세요! 인벤에서 주로 활동하고 있는 Skywalkers입니다.가성비와 성능비 그리고 감성비까지 모두 고려해서 가장 합리적인 구성을 찾을 수 있도록 추천을 드리겠습니다.",
    "quotations_quotations_description": "[CPU]인텔 코어i5-12세대 12400F (엘더레이크)(벌크)상세보기[메인보드]ASRock B760M PG LIGHTNING/D4 대원씨티에스상세보기[메모리]ADATA XPG DDR4-3200 CL16 SPECTRIX D35G RGB 블랙 패키지 (16GB(8Gx2))상세보기[그래픽카드]갤럭시 BOY 지포스 RTX 4060 2X OC V2 D6 8GB상세보기[SSD]삼성전자 PM9A1 M2 NVMe 병행수입 (1TB)상세보기[케이스]DAVEN AQUARIUM 블랙 (미들타워)상세보기[파워서플라이]쿨러마스터 MWE 600 BRONZE V2 230V상세보기[CPU쿨러]3RSYS Socoool RC350 ARGB (BLACK)상세보기[쿨러.튜닝.조명.액세서리]DAVEN AR120 ARGB 리버스 (블랙) x 3 개상세보기[쿨러.튜닝.조명.액세서리]DAVEN A120 RGB (블랙) x 3 개상세보기[쿨러.튜닝.조명.액세서리]JONSBO JELLY M.2 SSD HEATSINK AUTO RGB상세보기[쿨러.튜닝.조명.액세서리]JONSBO DY-1 ARGB 케이블 튜닝 커버상세보기[조립PC관련][견적왕] 조립 서비스 + 1년 출장 A/S상세보기CPU는 정품과 동일한 3년 AS를 제공하는 12세대 인텔 i5 12400F (벌크) CPU케이스는 흔히 어항케이스라고 불리우는 디자인이 적용된 DAVEN AQUARIUM입니다. CPU쿨러 최대호환가능높이 163mm, 그래픽카드 최대호환가능길이 415mm 제원을 가졌으며 ATX 사이즈 메인보드까지 호환가능한 미들타워 제품입니다. 측면 120mm 기본팬 3개, 후면 120mm 기본팬 1개 총 4개를 제공하며 ARGB를 지원하여 메인보드 제조사 프로그램을 통해 색상 조정이 가능합니다.",
    "quote_feedback": "1. 메인보드는 B760 칩셋 제품인 ASRock B760M PG LIGHTNING/D4 대원씨티에스로 변경2. 그래픽카드는 1티어 AS에 가격적인 메리트도 높은 갤럭시 BOY 지포스 RTX 4060 2X OC V2 D6 8GB로 변경3. SSD는 젠4 제품 중 넘사벽 갓성비의 삼성전자 980PRO OEM버전인 삼성전자 PM9A1 M2 NVMe 병행수입 (1TB)으로 변경4. 구성하신 CPU쿨러는 색상 및 모드 변경이 되지 않는 고정 RGB 제품이라 시스템과 어울리지 않습니다.CPU쿨러는 케이스와도 잘 어울리고 성능도 좋고 ARGB를 지원하는 제품 중에서는 가격적인 메리트도 가장 높은 갓성비 제품인 3RSYS Socoool RC350 ARGB (BLACK)으로 변경참고해서 합리적인 구매하시기 바랍니다."
}