{
    "quote_number": "2956",
    "quote_title": "AMD 라이젠7-5세대 7800X3D +  지포스 RTX 4070 SUPER",
    "date_create": "2024.2.14",
    "cpu_gpu_combinations": "라이젠7 7800X3D + RTX 4070 SUPER 조합",
    "quotation_summary": " AMD 라이젠7-5세대 7800X3D +  지포스 RTX 4070 SUPER# 게임",
    "quote_person_introduction": "안녕하세요! 인벤에서 주로 활동하고 있는 Skywalkers입니다.가성비와 성능비 그리고 감성비까지 모두 고려해서 가장 합리적인 구성을 찾을 수 있도록 추천을 드리겠습니다.",
    "quotations_quotations_description": "[CPU]AMD 라이젠7-5세대 7800X3D (라파엘) (정품)상세보기[메인보드]ASRock B650M Pro RS 대원씨티에스상세보기[메모리]ADATA XPG DDR5-6000 CL30 LANCER RGB 화이트 패키지 (32GB(16Gx2))하이닉스 A다이 언락 제품!상세보기[그래픽카드]이엠텍 지포스 RTX 4070 SUPER MIRACLE WHITE D6X 12GB상세보기[SSD]마이크론 Crucial T500 M.2 NVMe 대원씨티에스 (1TB)상세보기[케이스]몬스타 가츠 X520LA 화이트 (미들타워)상세보기[파워서플라이]NEWZEN SKULL 750SM MODULAR ATX 3.0 80PLUS GOLD WHITE (PCIE5)상세보기[CPU쿨러]Thermalright Peerless Assassin 120 SE WHITE ARGB 서린상세보기[소프트웨어]Microsoft Windows 11 Home (처음사용자용 한글)상세보기[조립PC관련][견적왕] 조립 서비스 + 1년 출장 A/S상세보기메인보드는 B650칩셋 제품이라서 PBO와 커브옵티마이저 기능을 지원하는 제품입니다. 400A급 드라이버모스펫 구성의 전원부 성능을 가지고 있으며 기판일부와 방열판색상이 화이트라 화이트조합에 알맞습니다.메모리는 6000클럭 튜닝램 제품 가운데 CL타이밍 값이 30으로 낮은편인 ADATA사의 LANCER RGB 화이트 튜닝램입니다. 라이프워런티정책으로 A/S정책이 좋으며 16GB 2장 총 32GB 패키지입니다.SSD는 PCI-E 4.0 새롭게 떠오르는 가성비 SSD",
    "quote_feedback": "케이스는 새롭게 출시된 가성비 끝판왕 어항케이스인 몬스타 가츠 X520LA 화이트 (미니타워)로 변경했습니다.네이밍 오타인데 미니타워가 아니고 미들타워구요. C타입 포트에 타공망까지 적용되어 있어서 퀄리티는 구성하신 데이븐 아쿠아보다 높은 편이라고 보면 됩니다.나머지는 동일한 구성입니다.참고해서 합리적인 구매하시기 바랍니다."
}