{
    "quote_number": "2983",
    "quote_title": "AMD 라이젠5-4세대 5600 + 라데온 RX 7600",
    "date_create": "2024.2.15",
    "cpu_gpu_combinations": "라이젠5 5600 + RX 7600 조합",
    "quotation_summary": " AMD 라이젠5-4세대 5600 + 라데온 RX 7600# 게임",
    "quote_person_introduction": "안녕하세요! 인벤에서 주로 활동하고 있는 Skywalkers입니다.가성비와 성능비 그리고 감성비까지 모두 고려해서 가장 합리적인 구성을 찾을 수 있도록 추천을 드리겠습니다.",
    "quotations_quotations_description": "[CPU]AMD 라이젠5-4세대 5600 (버미어) (멀티팩(정품))상세보기[메인보드]ASUS PRIME A520M-A II 대원CTS상세보기[메모리]ESSENCORE KLEVV DDR4-3200 CL22 (8GB) x 2 개상세보기[그래픽카드]PowerColor 라데온 RX 7600 Fighter D6 8GB 대원씨티에스상세보기[SSD]SK하이닉스 Gold P31 M2 NVMe (1TB)상세보기[케이스]3RSYS J540 (미들타워)상세보기[파워서플라이]몬스타 가츠 ExtremeX FX600 80PLUS STANDARD상세보기[CPU쿨러]3RSYS TEAMMOST TM40상세보기[소프트웨어]Microsoft Windows 11 Home (처음사용자용 한글)상세보기[모니터]컴이지 킹덤 K2716F REAL165 GAMING 무결점상세보기[조립PC관련][견적왕] 조립 서비스 + 1년 출장 A/S상세보기CPU는 현재 게임 가성비가 가장 좋은 CPU케이스는 보급형 끝판왕급 제품",
    "quote_feedback": "1. CPU는 게임 가성비가 가장 좋은 5600으로 구성2. 메인보드는 전원부 히트싱크에 램 슬롯 4개가 적용되어 있는 ASUS PRIME A520M-A II 대원CTS로 구성3. 메모리는 라이프타임 워런티로 압도적인 AS기간을 제공하고 SK하이닉스 모듈을 사용해서 안정성도 높고 가격도 저렴한 ESSENCORE KLEVV DDR4-3200 CL22 (8GB) 2개 16기가로 구성4. 그래픽카드는 금액대 내에서 구성할 수 있는 제품 중에서는 절대 가성비라고 할 수 있는 PowerColor 라데온 RX 7600 Fighter D6 8GB 대원씨티에스로 변경AFMF 기능을 켜게되면 4060 Ti 이상의 프레임을 기대할 수 있는 아주 높은 메리트의 제품입니다.5. SSD는 젠3 제품 중에서는 5년 무상AS에 성능도 좋고 가격적인 메리트도 있는 SK하이닉스 GOLD P31 M2 NVMe (1TB)로 구성6. 케이스는 보급형 끝판왕급 제품인 3RSYS J540 (미들타워)로 구성7. 무상 6년 AS에 무려 9종에 달하는 보호회로를 적용하여 안정성에 몰빵을 하고서도 아주 착한 금액대에 출시한 갓성비 중에 갓성비 제품이라고 할 수 있는 몬스타 가츠 ExtremeX FX600 80PLUS STANDARD로 구성8. CPU쿨러는 싱글타워 끝판왕급 성능에 AM4 무뽑방지 세이프티 브라켓을 제공하면서 최근 3만원 대에서 만원 중후반대로 가격을 대폭인하해서 갓성비 중에서도 갓성비라고 할 수 있는 3RSYS TEAMMOST TM40으로 구성9. 모니터는 27인치 FHD해상도 165Hz 고주사율 게이밍 제품인 컴이지 킹덤 K2716F REAL165 GAMING 무결점으로 구성참고해서 합리적인 구매하시기 바랍니다."
}