{
    "quote_number": "2999",
    "quote_title": "인텔 코어i3-12세대 12100F + 지포스 RTX 3050",
    "date_create": "2024.2.15",
    "cpu_gpu_combinations": "코어i3-12100F + RTX 3050 조합",
    "quotation_summary": " 인텔 코어i3-12세대 12100F + 지포스 RTX 3050# 게임",
    "quote_person_introduction": "안녕하세요! 인벤에서 주로 활동하고 있는 Skywalkers입니다.가성비와 성능비 그리고 감성비까지 모두 고려해서 가장 합리적인 구성을 찾을 수 있도록 추천을 드리겠습니다.",
    "quotations_quotations_description": "[CPU]인텔 코어i3-12세대 12100F (엘더레이크)(벌크+동판쿨러RM1)상세보기[메인보드]ASUS PRIME H610M-K D4 인텍앤컴퍼니상세보기[메모리]삼성전자 DDR4-3200 (8GB) PC4-25600 x 2 개상세보기[그래픽카드]MSI 지포스 RTX 3050 벤투스 2X OC D6 6GB상세보기[SSD]SK하이닉스 GOLD P31 M2 NVMe (500GB)상세보기[케이스]3RSYS J540 (미들타워)상세보기[파워서플라이]쿨러마스터 MWE 600 BRONZE V2 230V상세보기[조립PC관련][견적왕] 조립 서비스 + 1년 출장 A/S상세보기메인보드는 i3 12100F와 조합하기 무난한 H610 칩셋 메인보드SSD는 젠3 제품 중에서는 5년 무상AS에 성능도 좋고 가격적인 메리트도 있는 SSD케이스는 보급형 끝판왕급 제품",
    "quote_feedback": "1. 메인보드는 가성비 좋은 ASUS PRIME H610M-K D4 인텍앤컴퍼니로 구성2. 그래픽카드는 1060은 단종된지도 오래된 제품이라 신품으로 구매는 불가능합니다. 성능이 더 좋은 MSI 지포스 RTX 3050 벤투스 2X OC D6 6GB 정도가 좋구요.3. 구성한 SSD는 디램리스 제품이라 메인 드라이브로는 추천을 하지 않습니다.SSD는 젠3 제품 중에서는 5년 무상AS에 성능도 좋고 가격적인 메리트도 있는 SK하이닉스 GOLD P31 M2 NVMe (500GB)로 변경4. 케이스는 보급형 끝판왕급 제품인 3RSYS J540 (미들타워)로 구성참고해서 합리적인 구매하시기 바랍니다."
}