{
    "quote_number": "3003",
    "quote_title": "AMD 라이젠5-5세대 7500F",
    "date_create": "2024.2.15",
    "cpu_gpu_combinations": "라이젠5 7500F +  조합",
    "quotation_summary": " AMD 라이젠5-5세대 7500F# 게임",
    "quote_person_introduction": "안녕하세요! 인벤에서 주로 활동하고 있는 Skywalkers입니다.가성비와 성능비 그리고 감성비까지 모두 고려해서 가장 합리적인 구성을 찾을 수 있도록 추천을 드리겠습니다.",
    "quotations_quotations_description": "[CPU]AMD 라이젠5-5세대 7500F (라파엘) (멀티팩(정품))상세보기[메인보드]ASRock B650M PG Lightning + WiFi6E 모듈 패키지 에즈윈상세보기[메모리]TeamGroup DDR5-5600 CL46 Elite 서린 (16GB) x 2 개상세보기[SSD]마이크론 Crucial P5 Plus M.2 NVMe 대원CTS (500GB)상세보기[케이스]3RSYS L700 LITE (미들타워)상세보기[파워서플라이]마이크로닉스 COOLMAX FOCUS II 900W ETA SILVER PCIE5상세보기[CPU쿨러]3RSYS Socoool RC350 ARGB (BLACK)상세보기[쿨러.튜닝.조명.액세서리]장우컴퍼니 JW-HTK01 M.2 방열판상세보기[조립PC관련][견적왕] 조립 서비스 + 1년 출장 A/S상세보기SSD는 현재 가장 빠른 속도 규격인 젠4 5년 무상AS 제품 중 월등한 가성비의 SSD",
    "quote_feedback": "1. 메인보드는 드라이버 모스펫 전원부와 히트싱크 그리고 와이파이&블루투스 모듈이 적용되어 있는 가성비 좋은 ASRock B650M PG Lightning + WiFi6E 모듈 패키지 에즈윈으로 변경2. 메모리는 라이프타임 워런티로 압도적인 AS기간을 제공하는 팀그룹 5600MHz 고클럭 규격램 16기가 2개 32기가로 변경3. 케이스는 상단 3열 수냉쿨러 장착이 가능하고 원터치 스냅도어 방식에 C타입 포트 등을 적용하고도 가격을 대폭 인하하여 새롭게 출시된 갓성비 수준의 제품인 3RSYS L700 LITE (미들타워)로 변경4. 파워는 4000번대 16핀 전용 커넥터가 적용된 그래픽카드의 경우는 12VHPWR 케이블을 지원하는 제품으로 구성하는 것이 보다 안정적으로 사용할 수가 있습니다. 실버 인증에 12VHPWR 케이블이 적용된 마이크로닉스 COOLMAX FOCUS II 900W ETA SILVER PCIE5로 변경5. CPU쿨러는 케이스와도 잘 어울리고 성능도 좋고 ARGB를 지원하는 제품 중에서는 가격적인 메리트도 가장 높은 갓성비 제품인 3RSYS Socoool RC350 ARGB (BLACK)으로 변경6. 메인보드에 M.2 방열판을 지원하지 않아서 저렴한 방열판도 하나 추가했습니다.참고해서 합리적인 구매하시기 바랍니다."
}