{
    "quote_number": "3015",
    "quote_title": "14600K + 4060 TI(FHD 게임 + 워크스테이션)",
    "date_create": "2024.2.15",
    "cpu_gpu_combinations": "코어i5-14600K + RTX 4060 Ti 조합",
    "quotation_summary": " 14600K + 4060 TI(FHD 게임 + 워크스테이션)# 14600K + 4060 TI(FHD 게임 + 워크스테이션)",
    "quote_person_introduction": "퀘이사존, 다나와, 쿨엔에서 활동 중인  잉여인간17호입니다.다양한 필테 경력과 컴덕질을 경험삼아 도움 드리고자 합니다.어떠한 스폰도 받지 않는 유저 입장에서 직접 사용해보고 테스트한 견적 위주로 견적드리겠습니다.",
    "quotations_quotations_description": "[CPU]코어i5-14세대 14600K (랩터레이크)(벌크)상세보기[메인보드]MSI MAG B760M 박격포상세보기[메모리]TeamGroup DDR5-5600 CL46 Elite 서린 (16GB) x 2 개상세보기[그래픽카드]ZOTAC GAMING 지포스 RTX 4060 Ti TWIN Edge D6 8GB상세보기[SSD]마이크론 Crucial T500 M.2 NVMe 대원씨티에스 (2TB)상세보기[케이스]DARKFLASH DRX70 MESH RGB 강화유리 블랙 (미들타워)상세보기[파워서플라이]마이크로닉스 Classic II 풀체인지 600W 80PLUS BRONZE 230V EU상세보기[CPU쿨러]Thermalright Peerless Assassin 120 SE 서린상세보기[조립PC관련][견적왕] 조립 서비스 + 1년 출장 A/S상세보기메인보드는 14페이즈 900A(75A) 급 뛰어난 전원부로 14600K까지 문제 없이 사용 가능합니다.메모리는 갓서린에서 유통하는 팀그룹 DDR5 5600 클럭 메모리입니다.그래픽카드는 AS 3대장 조택의 가성비 그래픽카드입니다. 가격대만 3060 ti 근처로 조금 더 떨어지면 메리트 높을 거 같습니다.SSD는 PCIE4.0 대역폭 상급 SSD케이스는 5만원 이하 케이스 중 전면 TYPE-C 포트를 지원하고, 그래픽카드 지지대 기본 구성에 그래픽카드 호환성도 준수한 케이스입니다.파워서플라이는 스테디셀러 파워인 마닉 풀체인지가 브론즈 등급에 AS기간도 7년으로 늘었고, 제로팬으로 정숙성도 뛰어나고 애프터쿨링으로 내구성을 높여 메리트도 높고 가격대도 좋습니다.CPU쿨러는 대장급 공랭 중 뛰어난 정숙성과 성능을 겸비한 쿨러입니다.",
    "quote_feedback": "14600K + 4060 TI(FHD 게임 + 워크스테이션)"
}