{
    "quote_number": "3023",
    "quote_title": "7500F 반본체(DAVEN AQUARIUM 화이트)",
    "date_create": "2024.2.15",
    "cpu_gpu_combinations": "라이젠5 7500F +  조합",
    "quotation_summary": " 7500F 반본체(DAVEN AQUARIUM 화이트)# 7500F 반본체(DAVEN AQUARIUM 화이트)",
    "quote_person_introduction": "퀘이사존, 다나와, 쿨엔에서 활동 중인  잉여인간17호입니다.다양한 필테 경력과 컴덕질을 경험삼아 도움 드리고자 합니다.어떠한 스폰도 받지 않는 유저 입장에서 직접 사용해보고 테스트한 견적 위주로 견적드리겠습니다.",
    "quotations_quotations_description": "[CPU]AMD 라이젠5-5세대 7500F (라파엘) (멀티팩(정품))상세보기[메인보드]ASRock B650M Pro RS + WiFi6E 모듈 패키지 디앤디컴상세보기[메모리]TeamGroup T-Force DDR5-6000 CL38 Delta RGB 화이트 패키지 서린 (32GB(16Gx2))상세보기[SSD]마이크론 Crucial T500 M.2 NVMe 대원씨티에스 (1TB)상세보기[케이스]DAVEN AQUARIUM 화이트 (미들타워)상세보기[파워서플라이]NEWZEN SKULL 850SM MODULAR ATX 3.0 80PLUS GOLD WHITE (PCIE5)상세보기[CPU쿨러]DARKFLASH NEBULA DN-360 ARGB (화이트)상세보기[조립PC관련][견적왕] 조립 서비스 + 1년 출장 A/S상세보기[조립PC관련]수랭 쿨러 조립 추가 비용상세보기CPU는 최고의 게이밍 가성비 CPU입니다메인보드는 8+2+1페이즈 400AA(50A)로 라이젠7도 문제 없는 가성비 좋은 B650 보드입니다. \nWiFi6E 모듈 패키지로 WIFI와 블루투스 무선연결도 문제 없습니다.메모리는 화이트 감성에 화이트 튜닝 메모리가 빠질 수 없겠죠 ^^SSD는 PCIe4.0 최상급 성능의 SSD입니다.케이스는 어항형 케이스중 파워가 옆면에 있는 투챔버형태로 높이도 컴팩트해서 감성이 뛰어난 케이스입니다.파워서플라이는 10년 보증에 슈퍼플라워랑 같은 유통사로 고주파 발생시 새제품 교환 등 AS 정책CPU쿨러는 성능은 물론 정숙성까지 잡은 뛰어난 가성비의 3열 수냉 쿨러입니다.",
    "quote_feedback": "7500F 반본체(DAVEN AQUARIUM 화이트)"
}