{
    "quote_number": "3039",
    "quote_title": "AMD 라이젠5-5세대 7500F + 지포스 RTX 4060",
    "date_create": "2024.2.16",
    "cpu_gpu_combinations": "라이젠5 7500F + RTX 4060 조합",
    "quotation_summary": " AMD 라이젠5-5세대 7500F + 지포스 RTX 4060# 게임",
    "quote_person_introduction": "안녕하세요! 인벤에서 주로 활동하고 있는 Skywalkers입니다.가성비와 성능비 그리고 감성비까지 모두 고려해서 가장 합리적인 구성을 찾을 수 있도록 추천을 드리겠습니다.",
    "quotations_quotations_description": "[CPU]AMD 라이젠5-5세대 7500F (라파엘) (멀티팩(정품))상세보기[메인보드]ASRock B650M PG Lightning 에즈윈상세보기[메모리]TeamGroup DDR5-5600 CL46 Elite 서린 (16GB) x 2 개상세보기[그래픽카드]갤럭시 BOY 지포스 RTX 4060 2X OC V2 D6 8GB상세보기[SSD]삼성전자 PM9A1 M2 NVMe 병행수입 (1TB)상세보기[케이스]몬스타 가츠 X520LA 화이트 (미들타워)상세보기[파워서플라이]마이크로닉스 Classic II 풀체인지 600W 80PLUS BRONZE 230V EU 화이트상세보기[CPU쿨러]3RSYS Socoool RC350 ARGB (WHITE)상세보기[소프트웨어]Microsoft Windows 11 Home (처음사용자용 한글)상세보기[쿨러.튜닝.조명.액세서리]장우컴퍼니 JW-HTK01 M.2 방열판상세보기[조립PC관련][견적왕] 조립 서비스 + 1년 출장 A/S상세보기",
    "quote_feedback": "1. 메인보드는 드라이버 모스펫 전원부와 히트싱크가 적용되어 있는 ASRock B650M PG Lightning 에즈윈으로 구성2. 메모리는 라이프타임 워런티로 압도적인 AS기간을 제공하는 팀그룹 5600MHz 고클럭 규격램 16기가 2개 32기가로 구성3. 그래픽카드는 1티어 AS에 가격적인 메리트도 있는 갤럭시 BOY 지포스 RTX 4060 2X OC V2 D6 8GB로 구성4. SSD는 젠4 제품 중 넘사벽 갓성비의 삼성전자 980PRO OEM버전인 삼성전자 PM9A1 M2 NVMe 병행수입 (1TB)으로 구성했고, 저렴한 방열판도 하나 추가했습니다.5. 케이스는 파노라마 뷰 어항디자인의 제품 중 멋진 외관과 저렴한 금액대로 월등한 가성비를 제공하는 몬스타 가츠 X520LA 화이트 (미니타워)로 구성6. 케이스가 화이트 색상이라 파워와 CPU쿨러는 화이트로 맞춰주는 것이 좋습니다.파워는 정격 600W 브론즈 인증 화이트 제품인 마이크로닉스 Classic II 풀체인지 600W 80PLUS BRONZE 230V EU 화이트로 변경7. 수냉쿨러는 금액대 내에 구성이 불가능하고 7500F의 온도도 높지 않아서 가장 효율적으로 사용할 수 있는 싱글타워 화이트 제품인 3RSYS Socoool RC350 ARGB (WHITE)로 구성참고해서 합리적인 구매하시기 바랍니다."
}