{
    "quote_number": "3042",
    "quote_title": "가정용게임컴퓨터no.01",
    "date_create": "2024.2.16",
    "cpu_gpu_combinations": "코어i5-12400F + RTX 3050 조합",
    "quotation_summary": " 게임성능을 생각하고 가성비를 고려하였습니다.# 80만원대 중저가 게임컴퓨터",
    "quote_person_introduction": "조립 PC는 제품 조립 완료 후 윈도우 설치 테스트 후에 출고하고 있습니다.조립에 사용되는 제품들은 인플루언서의 견적 내용과 동일한 정품이며 새 제품을 사용합니다.현금영수증은 100% 발행합니다.전화 02-704-8834 언제든지 문의해 주십시오.",
    "quotations_quotations_description": "[CPU]인텔 코어i5-12세대 12400F (엘더레이크)(벌크)상세보기[메인보드]Biostar H610MH D5 이엠텍상세보기[메모리]삼성전자 DDR4-3200 (8GB) PC4-25600 x 2 개상세보기[그래픽카드]갤럭시 갤라즈 GALAX 지포스 RTX 3050 V2 D6 8GB상세보기[SSD]HIKSEMI WAVE M.2 NVMe (512GB)상세보기[케이스]DAVEN D6 MESH 강화유리 블랙 (미들타워)상세보기[파워서플라이]마이크로닉스 Classic II 풀체인지 600W 80PLUS BRONZE 230V EU상세보기[CPU쿨러]인텔 Laminar RM1상세보기[조립PC관련][견적왕] 조립 서비스 + 1년 출장 A/S상세보기",
    "quote_feedback": ""
}