{
    "quote_number": "3054",
    "quote_title": "AMD 라이젠9-5세대 7900 + 지포스 RTX 3050",
    "date_create": "2024.2.16",
    "cpu_gpu_combinations": "라이젠9 7900 + RTX 3050 조합",
    "quotation_summary": " AMD 라이젠9-5세대 7900 + 지포스 RTX 3050# 사무",
    "quote_person_introduction": "안녕하세요! 인벤에서 주로 활동하고 있는 Skywalkers입니다.가성비와 성능비 그리고 감성비까지 모두 고려해서 가장 합리적인 구성을 찾을 수 있도록 추천을 드리겠습니다.",
    "quotations_quotations_description": "[CPU]AMD 라이젠9-5세대 7900 (라파엘) (멀티팩(정품))상세보기[메인보드]ASRock B650M PG Riptide 대원씨티에스상세보기[메모리]TeamGroup DDR5-5600 CL46 Elite (32GB) x 2 개상세보기[그래픽카드]MSI 지포스 RTX 3050 벤투스 2X OC D6 6GB상세보기[SSD]삼성전자 PM9A1 M2 NVMe 병행수입 (1TB)상세보기[케이스]잘만 N7 PLUS Black (미들타워)상세보기[파워서플라이]쿨러마스터 MWE 600 BRONZE V2 230V상세보기[CPU쿨러]Thermalright Peerless Assassin 120 SE 서린상세보기[소프트웨어]Microsoft Windows 11 Home (처음사용자용 한글)상세보기[조립PC관련][견적왕] 조립 서비스 + 1년 출장 A/S상세보기CPU는 압도적인 전성비로 인한 말도 안되는 낮은 온도의  12코어 24쓰레드 CPU\n온도 제어가 힘든 고성능 CPU에 있어서 가성비 공랭 CPU쿨러로 온도 제어가 가능한 별종인 제품",
    "quote_feedback": "1. CPU는 12코어 24스레드로 작업하기에 아주 적합한 7900으로 구성2. 메인보드는 600A급 출력의 드라이버 모스펫 전원부가 적용되어 있는 ASRock B650M PG Riptide 대원씨티에스로 구성3. 메모리는 라이프타임 워런티로 압도적인 AS기간을 제공하는 팀그룹 5600MHz 고클럭 규격램 32기가 2개 64기가로 구성4. 그래픽카드는 고사양 게임용도가 아니라서 30만원 언더에서 구성할 수 있는 MSI 지포스 RTX 3050 벤투스 2X OC D6 6GB로 구성5. SSD는 젠4 제품 중 넘사벽 갓성비의 삼성전자 980PRO OEM버전인 삼성전자 PM9A1 M2 NVMe 병행수입 (1TB)으로 구성6. 케이스는 식스팬 기본 장착에 메인보드 CPU 장착 후면부에 120mm 팬을 추가 장착하여 CPU의 온도를 효과적으로 낮출 수 있도록 설계되어 최고 수준의 쿨링 효율을 보여주는 세븐 팬 제품인 잘만 N7 PLUS Black (미들타워)로 구성LED OFF도 가능하고 동시에 팬 속도 조절도 되는 장점이 아주 많은 제품입니다.7. 파워는 정격 600W 브론즈 인증 제품인 쿨러마스터 MWE 600 BRONZE V2 230V로 구성8. CPU쿨러는 대장급 성능의 듀얼타워 공랭쿨러인 Thermalright Peerless Assassin 120 SE 서린으로 구성참고해서 합리적인 구매하시기 바랍니다."
}