{
    "quote_number": "3081",
    "quote_title": "5600 + RTX 4060(FHD 게이밍)",
    "date_create": "2024.2.17",
    "cpu_gpu_combinations": "라이젠5 5600 + RTX 4060 조합",
    "quotation_summary": " 5600 + RTX 4060(FHD 게이밍)# 5600 + RTX 4060(FHD 게이밍)",
    "quote_person_introduction": "퀘이사존, 다나와, 쿨엔에서 활동 중인  잉여인간17호입니다.다양한 필테 경력과 컴덕질을 경험삼아 도움 드리고자 합니다.어떠한 스폰도 받지 않는 유저 입장에서 직접 사용해보고 테스트한 견적 위주로 견적드리겠습니다.",
    "quotations_quotations_description": "[CPU]AMD 라이젠5-4세대 5600 (버미어) (멀티팩(정품))상세보기[메인보드]ASUS PRIME B550M-A 대원CTS상세보기[메모리]ESSENCORE KLEVV DDR4-3200 CL22 (16GB) x 2 개상세보기[그래픽카드]갤럭시 GALAX 지포스 RTX 4060 2X OC V2 D6 8GB상세보기[SSD]삼성전자 PM9A1 M2 NVMe 병행수입 (1TB)상세보기[케이스]EDDY A1 RGB MESH 강화유리 (미들타워)상세보기[파워서플라이]쿨러마스터 MWE 600 BRONZE V2 230V상세보기[CPU쿨러]쿨러마스터 HYPER 420S ARGB상세보기[쿨러.튜닝.조명.액세서리]장우컴퍼니 JW-HTK01 M.2 방열판상세보기[조립PC관련][견적왕] 조립 서비스 + 1년 출장 A/S상세보기CPU는 여전히 가성비 게이밍 CPU로 명성이 자자한 CPU입니다.메인보드는 5600과 가성비 좋게 구성하기 좋은 메인보드입니다.그래픽카드는 AS 1티어 업체인 갤럭시의 RTX 4060SSD는 삼성 980 프로 OEM 제품으로 가성비가 좋습니다.케이스는 그래픽카드 호환성 350mm로 3만원대에 호환성도 가장 뛰어나고 쿨링팬도 6개로 쿨링성능도 준수한 갓성비 케이스입니다.파워서플라이는 가성비 좋은 쿨러마스터의 브론즈 등급 제품으로 대양에서 유통해서 AS도 좋습니다.CPU쿨러는 2만원 이하에 준수한 성능과 ARGB를 지원하는 가성비 좋은 쿨러입니다.",
    "quote_feedback": "5600 + RTX 4060(FHD 게이밍)"
}