{
    "quote_number": "3131",
    "quote_title": "AMD 라이젠5-5세대 7500F + 지포스 RTX 4070 SUPER",
    "date_create": "2024.2.18",
    "cpu_gpu_combinations": "라이젠5 7500F + RTX 4070 SUPER 조합",
    "quotation_summary": " AMD 라이젠5-5세대 7500F + 지포스 RTX 4070 SUPER# 게임",
    "quote_person_introduction": "안녕하세요! 인벤에서 주로 활동하고 있는 Skywalkers입니다.가성비와 성능비 그리고 감성비까지 모두 고려해서 가장 합리적인 구성을 찾을 수 있도록 추천을 드리겠습니다.",
    "quotations_quotations_description": "[CPU]AMD 라이젠5-5세대 7500F (라파엘) (멀티팩(정품))상세보기[메인보드]ASRock B650M Pro RS 대원씨티에스상세보기[메모리]TeamGroup DDR5-5600 CL46 Elite (16GB) x 2 개상세보기[그래픽카드]이엠텍 지포스 RTX 4070 SUPER MIRACLE WHITE D6X 12GB상세보기[SSD]MSI SPATIUM M480 PRO M.2 NVMe (2TB)상세보기[케이스]DARKFLASH DRX70 MESH RGB 강화유리 화이트 (미들타워)상세보기[파워서플라이]NEWZEN SKULL 750SM MODULAR ATX 3.0 80PLUS GOLD WHITE (PCIE5)상세보기[CPU쿨러]3RSYS Socoool RC350 ARGB (WHITE)상세보기[소프트웨어]Microsoft Windows 11 Home (처음사용자용 한글)상세보기[게이밍헤드셋.스피커.마이크]Creative PEBBLE PRO (정품)상세보기[조립PC관련][견적왕] 조립 서비스 + 1년 출장 A/S상세보기메인보드는 B650칩셋 제품이라서 PBO와 커브옵티마이저 기능을 지원하는 제품입니다. 400A급 드라이버모스펫 구성의 전원부 성능을 가지고 있으며 기판일부와 방열판색상이 화이트라 화이트조합에 알맞습니다.",
    "quote_feedback": "구성 잘하셨구요.그대로 진행하시면 되겠습니다.참고해서 합리적인 구매하시기 바랍니다."
}