{
    "quote_number": "3150",
    "quote_title": "AMD 라이젠9-5세대 7950X + 지포스 RTX 4060 Ti",
    "date_create": "2024.2.18",
    "cpu_gpu_combinations": "라이젠9 7950X + RTX 4060 Ti 조합",
    "quotation_summary": " AMD 라이젠9-5세대 7950X + 지포스 RTX 4060 Ti# 워크스테이션",
    "quote_person_introduction": "안녕하세요! 인벤에서 주로 활동하고 있는 Skywalkers입니다.가성비와 성능비 그리고 감성비까지 모두 고려해서 가장 합리적인 구성을 찾을 수 있도록 추천을 드리겠습니다.",
    "quotations_quotations_description": "[CPU]AMD 라이젠9-5세대 7950X (라파엘) (정품)상세보기[메인보드]ASUS PRIME X670-P-CSM 대원씨티에스상세보기[메모리]TeamGroup DDR5-5600 CL46 Elite 서린 (32GB) x 2 개상세보기[그래픽카드]ZOTAC GAMING 지포스 RTX 4060 Ti TWIN Edge D6 8GB상세보기[SSD]삼성전자 PM9A1 M.2 NVMe 벌크 (1TB)상세보기[케이스]3RSYS L700 LITE (미들타워)상세보기[파워서플라이]쿨러마스터 G800 GOLD상세보기[CPU쿨러]3RSYS Socoool 라니 XY-360 Quiet (BLACK)상세보기[조립PC관련][견적왕] 조립 서비스 + 1년 출장 A/S상세보기[조립PC관련]수랭 쿨러 조립 추가 비용상세보기파워서플라이는 안정성과 가성비를 겸비한 골드인증 800W 파워",
    "quote_feedback": "1. 7950X는 현재 유통사가 얼마 없어서 현금몰에서만 구매가 가능합니다. 재입고되기 전까지는 카드몰 구매가 불가능한 점은 알고 계셔야 하구요.2. 메인보드는 상위 칩셋이면서 압도적인 가성비를 제공하는 ASUS PRIME X670-P-CSM 대원씨티에스로 변경3. 메모리는 라이프타임 워런티로 압도적인 AS기간을 제공하는 팀그룹 5600MHz 고클럭 규격램 32기가 2개 64기가로 변경4. 시스템 전체 색상이 블랙인데 케이스만 화이트 색상이라 케이스도 블랙 색상으로 맞춰주는 것이 더 잘 어울립니다.케이스는 상단 3열 수냉쿨러 장착이 가능하고 원터치 스냅도어와 C타입 포트 등을 적용하고서도 가격을 대폭 인하하여 새롭게 출시한 갓성비 제품인 3RSYS L700 LITE (미들타워)로 변경DLX21에 비교해서 디자인이나 편의성 그리고 성능까지 모든 면에서 완벽하게 대체가 가능한 제품입니다.5. 파워는 정격 800W 골드인증 제품인 쿨러마스터 G800 GOLD로 변경해서 안정성과 가성비를 모두 챙겼습니다.6. CPU쿨러는 최상위 1티어급 성능이면서 소음은 가장 낮은 수준으로 사실상 3열 수냉쿨러의 끝판왕급 제품이라고 할 수 있는 3RSYS Socoool 라니 XY-360 Quiet (BLACK)로 변경참고해서 합리적인 구매하시기 바랍니다."
}