{
    "quote_number": "3166",
    "quote_title": "AMD 라이젠5-4세대 5600 + 라데온 RX 6800",
    "date_create": "2024.2.19",
    "cpu_gpu_combinations": "라이젠5 5600 + RX 6800 조합",
    "quotation_summary": " AMD 라이젠5-4세대 5600 + 라데온 RX 6800# 게임",
    "quote_person_introduction": "안녕하세요! 인벤에서 주로 활동하고 있는 Skywalkers입니다.가성비와 성능비 그리고 감성비까지 모두 고려해서 가장 합리적인 구성을 찾을 수 있도록 추천을 드리겠습니다.",
    "quotations_quotations_description": "[CPU]AMD 라이젠5-4세대 5600 (버미어) (멀티팩(정품))상세보기[메인보드]ASUS PRIME B550M-A 대원CTS상세보기[메모리]ESSENCORE KLEVV DDR4-3200 CL22 (16GB) x 2 개상세보기[그래픽카드]XFX 라데온 RX 6800 SWFT 319 CORE D6 16GB상세보기[SSD]마이크론 Crucial T500 M.2 NVMe 대원씨티에스 (1TB)상세보기[케이스]아이구주 PRAY 30 PLUS (미들타워)상세보기[파워서플라이]쿨러마스터 G800 GOLD상세보기[CPU쿨러]3RSYS TEAMMOST TM40상세보기[쿨러.튜닝.조명.액세서리]엠스톤 M.2 SSD 히트파이프 방열판 (블랙)상세보기[조립PC관련][견적왕] 조립 서비스 + 1년 출장 A/S상세보기CPU는 현재 게임 가성비가 가장 좋은 CPU메인보드는 전원부 방열판이 적용된 B550 칩셋 중 가성비가 좋은 메인보드그래픽카드는 RTX 4070 바로 아랫 등급!\nRTX 4060 Ti보다 월등히 좋지만 더 좋은 가성비 제품!SSD는 PCI-E 4.0 새롭게 떠오르는 가성비 SSD케이스는 140mm 식스팬이 기본장착되어 있어서 공랭 CPU쿨러와 조합시 최고의 쿨링 효율을 보여주는 미들타워 케이스파워서플라이는 안정성과 가성비를 겸비한 골드인증 800W 파워",
    "quote_feedback": "1. 메모리는 라이프타임 워런티로 압도적인 AS기간을 제공하고 SK하이닉스 모듈을 사용해서 안정성도 높고 가격도 저렴한 ESSENCORE KLEVV DDR4-3200 CL22 (16GB) 2개 32기가로 변경2. 그래픽카드의 경우 AFOX나 이도디스플레이, FORSA와 같은 마이너 중에 마이너 제조사들은 양심상 추천을 하기가 어렵습니다. 컴퓨터에 대해서 조금이라도 지식이 있다면 절대 추천을 안할 브랜드들이구요.현재 3070 Ti보다도 깡성능이 더 좋으면서 AFMF 적용시 4070 Ti 이상급까지 프레임이 증가하는 갓성비 중에 갓성비라고 할 수 있는 XFX 라데온 RX 6800 SWFT 319 CORE D6 16GB로 변경현재 네이버 페이 2만원 이벤트도 진행중이라 실구매가는 더 저렴해집니다.http://stcom.co.kr/archives/528713. 케이스는 140mm 저소음팬이 6개 기본장착되어 있어서 팬을 추가할 필요없고 공랭 CPU쿨러와 조합시 최고의 쿨링 효율을 보여주는 아이구주 PRAY 30 PLUS (미들타워)로 변경그래픽카드 길이가 340mm라 350mm까지 장착이 가능한 케이스로 선택했습니다.4. 파워는 정격 800W 골드인증 제품인 쿨러마스터 G800 GOLD로 변경해서 안정성과 가성비를 모두 챙겼습니다.5. CPU쿨러는 싱글타워 끝판왕급 성능에 AM4 무뽑방지 세이프티 브라켓을 제공하면서 최근 3만원 대에서 만원 중후반대로 가격을 대폭인하해서 갓성비 중에서도 갓성비라고 할 수 있는 3RSYS TEAMMOST TM40으로 변경참고해서 합리적인 구매하시기 바랍니다."
}