{
    "quote_number": "3202",
    "quote_title": "AMD 라이젠9-5세대 7900 + 지포스 RTX 4070 SUPER",
    "date_create": "2024.2.20",
    "cpu_gpu_combinations": "라이젠9 7900 + RTX 4070 SUPER 조합",
    "quotation_summary": " AMD 라이젠9-5세대 7900 + 지포스 RTX 4070 SUPER# 워크스테이션",
    "quote_person_introduction": "안녕하세요! 인벤에서 주로 활동하고 있는 Skywalkers입니다.가성비와 성능비 그리고 감성비까지 모두 고려해서 가장 합리적인 구성을 찾을 수 있도록 추천을 드리겠습니다.",
    "quotations_quotations_description": "[CPU]AMD 라이젠9-5세대 7900 (라파엘) (멀티팩(정품))상세보기[메인보드]ASRock B650M Pro RS 대원씨티에스상세보기[메모리]TeamGroup DDR5-5600 CL46 Elite (16GB) x 2 개상세보기[그래픽카드]이엠텍 지포스 RTX 4070 SUPER MIRACLE WHITE D6X 12GB상세보기[SSD]마이크론 Crucial T500 M.2 NVMe 대원씨티에스 (1TB)상세보기[케이스]몬스타 가츠 X520LA 화이트 (미들타워)상세보기[파워서플라이]NEWZEN SKULL 850SM MODULAR ATX 3.0 80PLUS GOLD WHITE (PCIE5)상세보기[CPU쿨러]Thermalright Peerless Assassin 120 SE WHITE ARGB 서린상세보기[조립PC관련][견적왕] 조립 서비스 + 1년 출장 A/S상세보기CPU는 압도적인 전성비로 인한 말도 안되는 낮은 온도의  12코어 24쓰레드 CPU\n온도 제어가 힘든 고성능 CPU에 있어서 가성비 공랭 CPU쿨러로 온도 제어가 가능한 별종인 제품메인보드는 B650칩셋 제품이라서 PBO와 커브옵티마이저 기능을 지원하는 제품입니다. 400A급 드라이버모스펫 구성의 전원부 성능을 가지고 있으며 기판일부와 방열판색상이 화이트라 화이트조합에 알맞습니다.SSD는 PCI-E 4.0 새롭게 떠오르는 가성비 SSD",
    "quote_feedback": "1. 메인보드는 드라이버 모스펫 전원부와 화이트 계열의 방열판이 적용되어 있는 ASRock B650M Pro RS 대원씨티에스로 변경2. 작업용으로는 안정적으로 사용할 수 있는 규격램으로 구성하는 것을 추천드립니다.메모리는 라이프타임 워런티로 압도적인 AS기간을 제공하는 팀그룹 5600MHz 고클럭 규격램 16기가 2개 32기가로 변경3. 그래픽카드는 1티어 AS에 가격적인 메리트도 높은 화이트 색상에 쿠다코어를 활용한 그래픽 작업에도 도움을 주는 이엠텍 지포스 RTX 4070 SUPER MIRACLE WHITE D6X 12GB로 변경4. 케이스는 최근에 출시한 파노라마 뷰 어항디자인의 제품 중에서는 압도적인 디자인과 가성비를 제공하고 C타입 포트 등을 적용한 몬스타 가츠 X520LA 화이트 (미니타워)로 변경5. 화이트 컨셉이라 파워는 구성한 동일 제품 화이트 색상으로 변경6. CPU쿨러는 대장급 성능의 듀얼타워 공랭쿨러 중 압도적인 가성비를 제공하는 화이트 색상의 Thermalright Peerless Assassin 120 SE WHITE ARGB 서린으로 변경참고해서 합리적인 구매하시기 바랍니다."
}