{
    "quote_number": "3218",
    "quote_title": "AMD 라이젠5-4세대 5600",
    "date_create": "2024.2.20",
    "cpu_gpu_combinations": "라이젠5 5600 +  조합",
    "quotation_summary": " AMD 라이젠5-4세대 5600# 사무",
    "quote_person_introduction": "안녕하세요! 인벤에서 주로 활동하고 있는 Skywalkers입니다.가성비와 성능비 그리고 감성비까지 모두 고려해서 가장 합리적인 구성을 찾을 수 있도록 추천을 드리겠습니다.",
    "quotations_quotations_description": "[CPU]AMD 라이젠5-4세대 5600 (버미어) (멀티팩(정품))상세보기[메인보드]MSI B550M PRO-VDH WIFI상세보기[메모리]ESSENCORE KLEVV DDR4-3200 CL22 (16GB) x 2 개상세보기[SSD]장우컴퍼니 PM9A1 M.2 NVMe 병행수입 (1TB) 삼성전자상세보기[케이스]몬스타 가츠 X420A 블랙 (미들타워)상세보기[파워서플라이]쿨러마스터 MWE 600 BRONZE V2 230V상세보기[CPU쿨러]3RSYS TEAMMOST TM40상세보기[조립PC관련][견적왕] 조립 서비스 + 1년 출장 A/S상세보기CPU는 현재 게임 가성비가 가장 좋은 CPU",
    "quote_feedback": "1. CPU는 5600으로 추천드리며 메인보드는 WIFI를 지원하는 MSI B550M PRO-VDH WIFI로 구성2. 메모리는 라이프타임 워런티로 압도적인 AS기간을 제공하고 SK하이닉스 모듈을 사용해서 안정성도 높고 가격도 저렴한 ESSENCORE KLEVV DDR4-3200 CL22 (16GB) 2개 32기가로 변경3. SSD는 젠4 제품 중 넘사벽 갓성비의 삼성전자 980PRO OEM버전인 삼성전자 PM9A1 M2 NVMe 병행수입 (1TB)으로 변경4. 케이스는 최근에 출시한 보급형 끝판왕급 가성비 제품인 몬스타 가츠 X420A 블랙 (미들타워)로 변경5. 파워는 브론즈 인증 정격 600W 제품인 쿨러마스터 MWE 600 BRONZE V2 230V로 변경6. CPU쿨러는 싱글타워 끝판왕급 성능에 AM4 무뽑방지 세이프티 브라켓을 제공하면서 최근 3만원 대에서 만원 중후반대로 가격을 대폭인하해서 갓성비 중에서도 갓성비라고 할 수 있는 3RSYS TEAMMOST TM40으로 변경참고해서 합리적인 구매하시기 바랍니다."
}