{
    "quote_number": "3234",
    "quote_title": "2024년 03월 월간 견적 - 가성비 FHD 게이밍 (AMD + RX 6600)",
    "date_create": "2024.3.4",
    "cpu_gpu_combinations": "라이젠5 5600 + RX 6600 조합",
    "quotation_summary": " # FHD 가성비 게이밍# 롤# 팰월드# 배그# TL# 디아4# FHD 전용 게이밍# 가성비 게이밍",
    "quote_person_introduction": "안녕하세요! 견적왕 견적맨 총괄 매니저 로비오트입니다!퀘이사존 유저랭킹 1등을 계속해서 유지하고 있고견적게시판에서만 주로 활동하는 유저로그 누구보다 제품의 장단점, 성능적인 파악을 정확하게 하고 있습니다.물건을 판매하려는 견적이 아닌 실질적인 소비자 기준으로 구성을 하고 있으며기본적으로 A/S가 좋지 않은 곳은 걸러서 구성하고 있습니다.또한 블랙컨슈머로 인한 A/S이슈는 고려하지도듣지도 보지도 않고 있으니 이런 부분도 걸러 듣고 견적을 작성하고 있습니다!",
    "quotations_quotations_description": "[CPU]AMD 라이젠5-4세대 5600 (버미어) (멀티팩(정품))상세보기[메인보드]ASUS PRIME A520M-A II 대원CTS상세보기[메모리]마이크론 Crucial DDR4-3200 CL22 대원씨티에스 (8GB) x 2 개상세보기[그래픽카드]PowerColor 라데온 RX 6600 Fighter D6 8GB 대원씨티에스상세보기[SSD]ADATA XPG SX8200 Pro M.2 2280 (512GB)상세보기[케이스]DAVEN D6 MESH 강화유리 블랙 (미들타워)상세보기[파워서플라이]SuperFlower SF-600R12ST MEGA 80PLUS STANDARD 230V EU상세보기[CPU쿨러]DEEPCOOL AG400상세보기[조립PC관련][견적왕] 조립 서비스 + 1년 출장 A/S상세보기CPU는 가성비의 6코어 CPU!\n게이밍용으론 아직도 극한의 갓성비!메인보드는 A520 중에서는 가장 전원부가 무난한 구성!\n전원부에 방열판도 있기에 발열 제어에 탁월!그래픽카드는 RX 6600 가성비 제품!\n라데온 전문 제조사 파워컬러의 가성비 모델!SSD는 가성비 PCIE 3.0 SSD!\nD램 탑재!케이스는 LED On/Off가 가능한 가성비 케이스!파워서플라이는 CWT OEM 제품!\n고주파 무한 교체 AS의 슈퍼플라워!CPU쿨러는 3만원 미만 공냉쿨러는 AG400으로!\n가장 좋은 성능의 가성비 공냉 쿨러!",
    "quote_feedback": "2024년 03월 월간 견적 - 가성비 FHD 게이밍 (AMD + RX 6600)"
}