{
    "quote_number": "3238",
    "quote_title": "AMD 라이젠5-5세대 7500F  + 라데온 RX 7800 XT",
    "date_create": "2024.2.20",
    "cpu_gpu_combinations": "라이젠5 7500F + RX 7800 XT 조합",
    "quotation_summary": " AMD 라이젠5-5세대 7500F  + 라데온 RX 7800 XT# 게임",
    "quote_person_introduction": "안녕하세요! 인벤에서 주로 활동하고 있는 Skywalkers입니다.가성비와 성능비 그리고 감성비까지 모두 고려해서 가장 합리적인 구성을 찾을 수 있도록 추천을 드리겠습니다.",
    "quotations_quotations_description": "[CPU]AMD 라이젠5-5세대 7500F (라파엘) (멀티팩(정품))상세보기[메인보드]ASRock B650M Pro RS 대원씨티에스상세보기[메모리]TeamGroup DDR5-5600 CL46 Elite (16GB) x 2 개상세보기[그래픽카드]PowerColor 라데온 RX 7800 XT Hellhound D6 16GB상세보기[SSD]장우컴퍼니 PM9A1 M.2 NVMe 병행수입 (1TB) 삼성전자상세보기[케이스]잘만 N7 PLUS Black (미들타워)상세보기[파워서플라이]topower Guardian TOP-700DG 80PLUS BRONZE상세보기[CPU쿨러]3RSYS Socoool RC350 ARGB (BLACK)상세보기[조립PC관련][견적왕] 조립 서비스 + 1년 출장 A/S상세보기메인보드는 B650칩셋 제품이라서 PBO와 커브옵티마이저 기능을 지원하는 제품입니다. 400A급 드라이버모스펫 구성의 전원부 성능을 가지고 있으며 기판일부와 방열판색상이 화이트라 화이트조합에 알맞습니다.파워서플라이는  7년 무상 AS에 브론즈 인증, 140mm 팬 장착, 12V 가용력 100%, 성능으로 세계적에서 유명한 국산 삼영콘덴서를 메인콘덴서로 채용, 6종 보호회로 적용 등 가격대비 퀄리티는 최고수준으로 보급형에서는 끝판왕급 파워",
    "quote_feedback": "1.TeamGroup DDR5-5600 CL46 Elite (16GB) 메모리도 하이닉스 모듈 사용하구요. 인지도가 월등히 높아서 ADATA보다는 팀그룹으로 구성하는 것이 좋죠.2. RX 7800 XT는 온도가 조금 높은 편입니다. 듀얼 팬 제품보다는 트리플 팬 제품으로 구성해서 온도와 소음을 낮추는 것이 좋구요.현재 가격적인 메리트도 가장 높은 편인 트리플 팬 제품 PowerColor 라데온 RX 7800 XT Hellhound D6 16GB로 변경3. 구성하신 P31 SSD는 NVMe 규격 중에서는 속도가 가장 느린 젠3 제품입니다.젠3 보다 2배 더 빠른 젠4 제품 중 넘사벽 갓성비의 삼성전자 980PRO OEM버전인 삼성전자 PM9A1 M2 NVMe 병행수입 (1TB)으로 변경4. 케이스는 식스팬 기본 장착에 메인보드 CPU 장착 후면부에 120mm 팬을 추가 장착하여 CPU의 온도를 효과적으로 낮출 수 있도록 설계되어 최고 수준의 쿨링 효율을 보여주는 세븐 팬 제품인 잘만 N7 PLUS Black (미들타워)로 변경LED OFF도 가능하고 동시에 팬 속도 조절도 되는 장점이 아주 많은 제품입니다.5. 파워는 7년 무상 AS에 브론즈 인증, 140mm 팬 장착, 12V 가용력 100%, 성능으로 세계적에서 유명한 국산 삼영콘덴서를 메인콘덴서로 채용, 6종 보호회로 적용 등 가격대비 퀄리티는 최고수준으로 보급형에서는 끝판왕급인 탑파워 가디언 700W로 변경6. 7500F는 듀얼 타워 공랭쿨러가 필요할 만큼 온도가 높지 않습니다. 싱글타워 공랭쿨러로도 온도가 충분히 잡히구요.CPU쿨러는 케이스와도 잘 어울리고 성능도 좋고 ARGB를 지원하는 제품 중에서는 가격적인 메리트도 가장 높은 갓성비 제품인 3RSYS Socoool RC350 ARGB (BLACK)으로 변경참고해서 합리적인 구매하시기 바랍니다."
}