{
    "quote_number": "3243",
    "quote_title": "AMD 라이젠7-5세대 7800X3D + 지포스 RTX 4070 SUPER",
    "date_create": "2024.2.20",
    "cpu_gpu_combinations": "라이젠7 7800X3D + RTX 4070 SUPER 조합",
    "quotation_summary": " AMD 라이젠7-5세대 7800X3D + 지포스 RTX 4070 SUPER# 게임",
    "quote_person_introduction": "안녕하세요! 인벤에서 주로 활동하고 있는 Skywalkers입니다.가성비와 성능비 그리고 감성비까지 모두 고려해서 가장 합리적인 구성을 찾을 수 있도록 추천을 드리겠습니다.",
    "quotations_quotations_description": "[CPU]AMD 라이젠7-5세대 7800X3D (라파엘) (멀티팩(정품))상세보기[메인보드]ASRock B650M PG Riptide 대원씨티에스상세보기[메모리]ESSENCORE KLEVV DDR5-5600 CL46 (16GB) x 2 개상세보기[그래픽카드]갤럭시 GALAX 지포스 RTX 4070 SUPER 2X D6X 12GB상세보기[SSD]삼성전자 PM9A1 M.2 NVMe 벌크 (1TB)상세보기[케이스]잘만 N7 PLUS Black (미들타워)상세보기[파워서플라이]마이크로닉스 COOLMAX FOCUS II 900W ETA SILVER PCIE5상세보기[CPU쿨러]Thermalright Peerless Assassin 120 SE 서린상세보기[조립PC관련][견적왕] 조립 서비스 + 1년 출장 A/S상세보기메모리는 하이닉스 A다이 메모리\n인식률 호환성 안정성 굳!",
    "quote_feedback": "1. 메모리는 라이프타임 워런티로 압도적인 AS기간을 제공하는 팀그룹 5600MHz 고클럭 규격램 16기가 2개 32기가로 변경2. 그래픽카드는 1티어 AS에 가격적인 메리트도 높은 갤럭시 GALAX 지포스 RTX 4070 SUPER 2X D6X 12GB로 변경3. 파워는 4000번대 16핀 전용 커넥터가 적용된 그래픽카드의 경우는 12VHPWR 케이블을 지원하는 제품으로 구성하는 것이 보다 안정적으로 사용할 수가 있습니다. 실버 인증에 12VHPWR 케이블이 적용된 마이크로닉스 COOLMAX FOCUS II 900W ETA SILVER PCIE5로 변경4070 SUPER는 16핀 전용 커넥터 제품입니다.4. CPU쿨러는 대장급 성능의 듀얼타워 공랭쿨러인 Thermalright Peerless Assassin 120 SE 서린으로 변경참고해서 합리적인 구매하시기 바랍니다."
}