{
    "quote_number": "3280",
    "quote_title": "AMD 라이젠5-5세대 7500F + 지포스 RTX 4060 Ti",
    "date_create": "2024.2.21",
    "cpu_gpu_combinations": "라이젠5 7500F + RTX 4060 Ti 조합",
    "quotation_summary": " AMD 라이젠5-5세대 7500F + 지포스 RTX 4060 Ti# 게임",
    "quote_person_introduction": "안녕하세요! 인벤에서 주로 활동하고 있는 Skywalkers입니다.가성비와 성능비 그리고 감성비까지 모두 고려해서 가장 합리적인 구성을 찾을 수 있도록 추천을 드리겠습니다.",
    "quotations_quotations_description": "[CPU]AMD 라이젠5-5세대 7500F (라파엘) (멀티팩(정품))상세보기[메인보드]GIGABYTE B650M AORUS ELITE AX ICE 피씨디렉트상세보기[메모리]ADATA XPG DDR5-6000 CL30 LANCER RGB 화이트 패키지 (32GB(16Gx2))하이닉스 A다이 언락 제품!상세보기[그래픽카드]이엠텍 지포스 RTX 4060 Ti MIRACLE WHITE D6 8GB상세보기[SSD]MSI SPATIUM M480 PRO M.2 NVMe (2TB)상세보기[케이스]몬스타 가츠 X520LA 화이트 (미들타워)상세보기[파워서플라이]topower Guardian TOP-600DG Single Rail 80PLUS BRONZE WHITE상세보기[CPU쿨러]3RSYS Socoool RC350 ARGB (WHITE)상세보기[소프트웨어]Microsoft Windows 11 Home (처음사용자용 한글)상세보기[조립PC관련][견적왕] 조립 서비스 + 1년 출장 A/S상세보기메모리는 6000클럭 튜닝램 제품 가운데 CL타이밍 값이 30으로 낮은편인 ADATA사의 LANCER RGB 화이트 튜닝램입니다. 라이프워런티정책으로 A/S정책이 좋으며 16GB 2장 총 32GB 패키지입니다.파워서플라이는 topower사의 600W 브론즈등급 화이트색상 제품입니다. A/S보증기간 7년을 제공하고 화이트 색상 제품이라 화이트감성 PC에 알맞는 제품입니다.",
    "quote_feedback": "1. 메인보드는 기판까지 화이트로 제대로 된 화이트 감성을 느낄 수 있는 GIGABYTE B650M AORUS ELITE AX ICE 피씨디렉트 강추하구요.2. 그래픽카드는 1티어 AS 중에서도 최상위면서 가격적인 메리트도 높은 화이트 색상의 이엠텍 지포스 RTX 4060 Ti MIRACLE WHITE D6 8GB로 변경3. SSD는 5년 무상AS의 갓성비 젠4 제품인 MSI SPATIUM M480 PRO M.2 NVMe (2TB)로 변경읽기속도 : 7,400(MB/s) / 쓰기속도 : 7,000(MB/s)로 최고 수준의 성능이면서 DDR4 2GB 용량의 디램 버퍼 메모리가 적용되어 있습니다.4. 케이스는 최근에 출시한 파노라마 뷰 어항디자인의 제품 중에서는 압도적인 가성비를 제공하는 몬스타 가츠 X520LA 화이트 (미니타워)로 변경하단부 타공망 적용으로 쿨링 효율을 높였고 C타입 포트 등을 적용하여 편의성도 좋은 제품입니다.DAVEN AQUARIUM 화이트 (미들타워)는 C타입 포트 미적용에 USB포트 2개만 적용되어 있고 강판도 얇은 편이라 원가를 많이 절감한 티가 나는 케이스입니다.5. 4060 Ti는 최대 전력 소모량이 160W로 정격 550W를 권장파워로 요구를 합니다.파워는 7년 무상 AS에 브론즈 인증, 140mm 팬 장착, 12V 가용력 100%, 성능으로 세계적에서 유명한 국산 삼영콘덴서를 메인콘덴서로 채용, 6종 보호회로 적용 등 가격대비 퀄리티는 최고수준으로 보급형에서는 끝판왕급인 탑파워 가디언 600W 화이트로 변경6. 7500F는 듀얼 타워 공랭쿨러가 필요할 만큼 온도가 높지 않습니다. 싱글타워로도 충분히 온도 제어가 됩니다.CPU쿨러는 케이스와도 잘 어울리는 화이트 색상에 성능도 좋고 ARGB를 지원하는 제품 중에서는 가격적인 메리트도 가장 높은 갓성비 제품인 3RSYS Socoool RC350 ARGB (WHITE)로 변경참고해서 합리적인 구매하시기 바랍니다."
}