{
    "quote_number": "3330",
    "quote_title": "인텔 코어i7-14세대 14700K + 지포스 RTX 4060 Ti",
    "date_create": "2024.2.22",
    "cpu_gpu_combinations": "코어i7-14700K + RTX 4060 Ti 조합",
    "quotation_summary": " 인텔 코어i7-14세대 14700K + 지포스 RTX 4060 Ti# 게임",
    "quote_person_introduction": "안녕하세요! 인벤에서 주로 활동하고 있는 Skywalkers입니다.가성비와 성능비 그리고 감성비까지 모두 고려해서 가장 합리적인 구성을 찾을 수 있도록 추천을 드리겠습니다.",
    "quotations_quotations_description": "[CPU]인텔 코어i7-14세대 14700K (랩터레이크 리프레시) (정품)상세보기[메인보드]GIGABYTE Z790 AORUS ELITE X WIFI7 피씨디렉트상세보기[메모리]TeamGroup DDR5-5600 CL46 Elite 패키지 (32GB(16Gx2))상세보기[그래픽카드]ZOTAC GAMING 지포스 RTX 4060 Ti TWIN Edge D6 8GB상세보기[SSD]마이크론 Crucial T500 M.2 NVMe 대원씨티에스 (1TB)상세보기[케이스]3RSYS L700 LITE (미들타워)상세보기[파워서플라이]쿨러마스터 G800 GOLD상세보기[CPU쿨러]DARKFLASH NEBULA DN-360 ARGB (블랙)상세보기[소프트웨어]Microsoft Windows 11 Home (처음사용자용 한글)상세보기[소프트웨어]한글과컴퓨터 한컴오피스 2024 가정 및 학생용 (MLP 1PC Only)상세보기[조립PC관련][견적왕] 조립 서비스 + 1년 출장 A/S상세보기[조립PC관련]수랭 쿨러 조립 추가 비용상세보기SSD는 PCI-E 4.0 새롭게 떠오르는 가성비 SSD파워서플라이는 안정성과 가성비를 겸비한 골드인증 800W 파워CPU쿨러는 CPU쿨러는 대장급 성능의 3열 수냉쿨러 중에서는 압도적인 가성비를 제공하는 DARKFLASH NEBULA DN-360 ARGB (블랙)",
    "quote_feedback": "1. 요즘은 컴퓨터를 모르면 인텔로 가면 안되죠. 인텔은 E코어가 추가되면서 설정해야 할 것도 많고 아무것도 건드리지 않고 사용하려면 오히려 라이젠으로 구성하는 것이 맞습니다. 시대가 많이 변했죠.2. 현재 구성은 호환이 되지 않습니다. 메인보드는 AMD용이고 공랭쿨러로는 14700K 온도를 잡을 수가 없습니다. E코어가 4개 더 추가되면서 메인보드는 전원부가 아주 튼튼한 제품으로 구성을 해야 하구요.1440A급 출력의 드라이버 모스펫 전원부가 적용되어 있는 GIGABYTE Z790 AORUS ELITE X WIFI7 피씨디렉트로 변경3. 메모리는 16기가 1개를 더 추가해서 2개로 구성해야 제대로 된 성능이 나옵니다.라이프타임 워런티로 압도적인 AS기간을 제공하는 팀그룹 5600MHz 고클럭 규격램 16기가 2개 32기가로 변경4. 케이스는 상단 3열 수냉쿨러 장착이 가능하고 원터치 스냅도어와 C타입 포트 등을 적용하고서도 가격을 대폭 인하하여 새롭게 출시한 갓성비 제품인 3RSYS L700 LITE (미들타워)로  변경5. 파워는 정격 800W 골드인증 제품인 쿨러마스터 G800 GOLD로 변경해서 안정성과 가성비를 모두 챙겼습니다.6. CPU쿨러는 대장급 성능의 3열 수냉쿨러 중에서는 압도적인 가성비를 제공하는 DARKFLASH NEBULA DN-360 ARGB (블랙)으로 변경7. 단순 게임용도라면 7500F에 그래픽카드를 4070 SUPER로 구성하는 것이 게임 성능은 압도적으로 좋으니 참고하시기 바랍니다."
}