{
    "quote_number": "3351",
    "quote_title": "AMD 라이젠7-5세대 7800X3D  + 지포스 RTX 4080 SUPER",
    "date_create": "2024.2.23",
    "cpu_gpu_combinations": "라이젠7 7800X3D + RTX 4080 SUPER 조합",
    "quotation_summary": " AMD 라이젠7-5세대 7800X3D  + 지포스 RTX 4080 SUPER# 게임",
    "quote_person_introduction": "안녕하세요! 인벤에서 주로 활동하고 있는 Skywalkers입니다.가성비와 성능비 그리고 감성비까지 모두 고려해서 가장 합리적인 구성을 찾을 수 있도록 추천을 드리겠습니다.",
    "quotations_quotations_description": "[CPU]AMD 라이젠7-5세대 7800X3D (라파엘) (멀티팩(정품))상세보기[메인보드]ASRock B650 PG Lightning 대원씨티에스상세보기[메모리]TeamGroup DDR5-5600 CL46 Elite 패키지 (32GB(16Gx2))상세보기[그래픽카드]ZOTAC GAMING 지포스 RTX 4080 SUPER AMP EXTREME AIRO D6X 16GB상세보기[SSD]마이크론 Crucial T500 M.2 NVMe 대원씨티에스 (2TB)상세보기[케이스]3RSYS L600 Quiet 블랙 (미들타워)상세보기[파워서플라이]NEWZEN SKULL 850SM MODULAR ATX 3.0 80PLUS GOLD (PCIE5)상세보기[CPU쿨러]Thermalright Peerless Assassin 120 SE 서린상세보기[소프트웨어]Microsoft Windows 11 Home (처음사용자용 한글)상세보기[조립PC관련][견적왕] 조립 서비스 + 1년 출장 A/S상세보기",
    "quote_feedback": "1. 7800X3D는 100MB에 육박하는 L3 캐시 메모리로 게임을 박살 내버리는 타입의 제품이라 다른 CPU에 비해서 메모리 클럭의 영향을 덜 받습니다. 또한 듀얼 타워 공랭쿨러로 조립시 메모리 슬롯을 다 덮어버려서 메모리가 보이지 않아 튜닝 메모리로 구성하는 메리트도 낮고 QVL 리스트 지원 여부와 쿨링 팬과의 간섭까지 확인해야 해서 이 구성의 경우는 규격램으로 추천을 드립니다.5600MHz 고클럭 규격램으로 구성하게 되면 6000MHz 튜닝램과의 성능 차이를 체감할 수 없고 보다 안정적으로 사용할 수 있습니다.메모리는 라이프타임 워런티로 압도적인 AS기간을 제공하는 팀그룹 5600MHz 고클럭 규격램 16기가 2개 32기가로 변경2. SSD는 최근에 출시된 젠4 규격의 끝판왕이라고 할 수 있는 마이크론 Crucial T500 M.2 NVMe 대원씨티에스 (2TB)로 변경나머지는 그대로 진행하셔도 좋습니다.참고해서 합리적인 구매하시기 바랍니다."
}