{
    "quote_number": "3384",
    "quote_title": "AMD 라이젠5-4세대 5600 + 라데온 RX 6800",
    "date_create": "2024.2.23",
    "cpu_gpu_combinations": "라이젠5 5600 + RX 6800 조합",
    "quotation_summary": " AMD 라이젠5-4세대 5600 + 라데온 RX 6800# 게임",
    "quote_person_introduction": "안녕하세요! 인벤에서 주로 활동하고 있는 Skywalkers입니다.가성비와 성능비 그리고 감성비까지 모두 고려해서 가장 합리적인 구성을 찾을 수 있도록 추천을 드리겠습니다.",
    "quotations_quotations_description": "[CPU]AMD 라이젠5-4세대 5600 (버미어) (멀티팩(정품))상세보기[메인보드]ASUS PRIME B550M-A 대원CTS상세보기[메모리]ESSENCORE KLEVV DDR4-3200 CL22 (8GB) x 2 개상세보기[그래픽카드]XFX 라데온 RX 6800 SWFT 319 CORE D6 16GB상세보기[SSD]삼성전자 PM9A1 M2 NVMe 병행수입 (1TB)상세보기[케이스]EDDY A1 RGB MESH 강화유리 (미들타워)상세보기[파워서플라이]topower Guardian TOP-700DG 80PLUS BRONZE상세보기[CPU쿨러]3RSYS TEAMMOST TM40상세보기[소프트웨어]Microsoft Windows 11 Home (처음사용자용 한글)상세보기[모니터]크로스오버 27GFA5 IPS 165 아이세이브 게이밍 무결점상세보기[게이밍헤드셋.스피커.마이크]몬스타 가츠 Live100s (블랙)상세보기[쿨러.튜닝.조명.액세서리]장우컴퍼니 JW-HTK01 M.2 방열판상세보기[조립PC관련][견적왕] 조립 서비스 + 1년 출장 A/S상세보기CPU는 현재 게임 가성비가 가장 좋은 CPU메인보드는 전원부 방열판이 적용된 B550 칩셋 중 가성비가 좋은 메인보드그래픽카드는 RTX 4070 바로 아랫 등급!\nRTX 4060 Ti보다 월등히 좋지만 더 좋은 가성비 제품!파워서플라이는  7년 무상 AS에 브론즈 인증, 140mm 팬 장착, 12V 가용력 100%, 성능으로 세계적에서 유명한 국산 삼영콘덴서를 메인콘덴서로 채용, 6종 보호회로 적용 등 가격대비 퀄리티는 최고수준으로 보급형에서는 끝판왕급 파워",
    "quote_feedback": "1. CPU는 게임 가성비가 가장 좋은 5600으로 구성2. 메인보드는 전원부 히트싱크에 램 슬롯 4개가 적용되어 있는 ASUS PRIME B550M-A 대원CTS로 구성3. 메모리는 라이프타임 워런티로 삼성램 대비 압도적인 AS기간을 제공하고 SK하이닉스 모듈을 사용해서 안정성도 높고 가격도 저렴한 ESSENCORE KLEVV DDR4-3200 CL22 (8GB) 2개 16기가로 구성4. 그래픽카드는 견적 금액대 내에서는 넘사벽 수준의 성능을 자랑하는 XFX 라데온 RX 6800 SWFT 319 CORE D6 16GB로 구성4060 Ti와는 체급 자체가 다른 수준이고 3070 Ti보다도 깡성능이 더 좋습니다. AFMF 기능을 키면 4070 Ti 급 프레임을 기대할 수 있을 정도로 메리트가 높은 제품입니다.5. SSD는 젠4 제품 중 넘사벽 갓성비의 삼성전자 980PRO OEM버전인 삼성전자 PM9A1 M2 NVMe 병행수입 (1TB)으로 구성했고, 저렴한 방열판도 하나 추가했습니다.6. 케이스는 보급형 끝판왕급 가성비를 제공하는 EDDY A1 RGB MESH 강화유리 (미들타워)로 구성7. 파워는 7년 무상 AS에 브론즈 인증, 140mm 팬 장착, 12V 가용력 100%, 성능으로 세계적에서 유명한 국산 삼영콘덴서를 메인콘덴서로 채용, 6종 보호회로 적용 등 가격대비 퀄리티는 최고수준으로 보급형에서는 끝판왕급인 탑파워 가디언 700W로 구성8. CPU쿨러는 싱글타워 끝판왕급 성능에 최근 3만원 대에서 만원 중후반대로 가격을 대폭인하해서 갓성비 중에서도 갓성비라고 할 수 있는 3RSYS TEAMMOST TM40으로 구성9. 모니터는 가장 선호되는 IPS 패널에 27인치 FHD해상도 165Hz 고주사율 게이밍 제품인 크로스오버 27GFA5 IPS 165 아이세이브 게이밍 무결점으로 구성10. 가성비 좋은 사운드바도 추가했습니다.참고해서 합리적인 구매하시기 바랍니다."
}