{
    "quote_number": "3408",
    "quote_title": "5600 + 4060 FHD 게이밍",
    "date_create": "2024.2.24",
    "cpu_gpu_combinations": "라이젠5 5600 + RTX 4060 조합",
    "quotation_summary": " 5600 + 4060 FHD 게이밍# 5600 + 4060 FHD 게이밍",
    "quote_person_introduction": "퀘이사존, 다나와, 쿨엔에서 활동 중인  잉여인간17호입니다.다양한 필테 경력과 컴덕질을 경험삼아 도움 드리고자 합니다.어떠한 스폰도 받지 않는 유저 입장에서 직접 사용해보고 테스트한 견적 위주로 견적드리겠습니다.",
    "quotations_quotations_description": "[CPU]AMD 라이젠5-4세대 5600 (버미어) (멀티팩(정품))상세보기[메인보드]ASUS PRIME A520M-A II 대원CTS상세보기[메모리]ESSENCORE KLEVV DDR4-3200 CL22 (16GB) x 2 개상세보기[그래픽카드]갤럭시 GALAX 지포스 RTX 4060 2X OC V2 D6 8GB상세보기[SSD]SK하이닉스 Gold P31 M2 NVMe (1TB)상세보기[케이스]몬스타 가츠 X320M 블랙 (미니타워)상세보기[파워서플라이]쿨러마스터 MWE 600 BRONZE V2 230V상세보기[CPU쿨러]3RSYS TEAMMOST TM40상세보기[모니터]비트엠 Newsync 277P IPS 180 노블 게이밍 HDR 블랙 무결점상세보기[조립PC관련][견적왕] 조립 서비스 + 1년 출장 A/S상세보기CPU는 여전히 가성비 게이밍 CPU로 명성이 자자한 CPU입니다.메인보드는 DP와 HDMI 포트를 모두 지원해 듀얼 모니터 사용도 문제 없고 모니터 호환성도 좋은 가성비 보드입니다.그래픽카드는 AS 1티어 업체인 갤럭시의 RTX 4060SSD는 발열도 적어 게임용으로도 많이 추천되는 제품입니다.파워서플라이는 가성비 좋은 쿨러마스터의 브론즈 등급 제품으로 대양에서 유통해서 AS도 좋습니다.",
    "quote_feedback": "5600 + 4060 FHD 게이밍"
}