{
    "quote_number": "3412",
    "quote_title": "7600 + 4060 ti FHD 게이밍",
    "date_create": "2024.2.24",
    "cpu_gpu_combinations": "라이젠5 7600 + RTX 4060 Ti 조합",
    "quotation_summary": " 7600 + 4060 ti FHD 게이밍# 7600 + 4060 ti FHD 게이밍",
    "quote_person_introduction": "퀘이사존, 다나와, 쿨엔에서 활동 중인  잉여인간17호입니다.다양한 필테 경력과 컴덕질을 경험삼아 도움 드리고자 합니다.어떠한 스폰도 받지 않는 유저 입장에서 직접 사용해보고 테스트한 견적 위주로 견적드리겠습니다.",
    "quotations_quotations_description": "[CPU]AMD 라이젠5-5세대 7600 (라파엘) (멀티팩(정품))상세보기[메인보드]ASRock B650M Pro RS 대원씨티에스상세보기[메모리]TeamGroup T-CREATE DDR5-6000 CL30 EXPERT 패키지 서린 (32GB(16Gx2))상세보기[그래픽카드]갤럭시 GALAX 지포스 RTX 4060 Ti OC D6 8GB상세보기[SSD]마이크론 Crucial T500 M.2 NVMe 대원씨티에스 (1TB)상세보기[케이스]DARKFLASH DRX70 MESH RGB 강화유리 블랙 (미들타워)상세보기[파워서플라이]NEWZEN SKULL 750SM MODULAR ATX 3.0 80PLUS GOLD (PCIE5)상세보기[CPU쿨러]DARKFLASH Ellsworth S21 ARGB (블랙)상세보기[소프트웨어]Microsoft Office 2021 Home & Student (PKC 한글)상세보기[조립PC관련][견적왕] 조립 서비스 + 1년 출장 A/S상세보기CPU는 라이젠 NON X 버전으로 발열을 잡고 나와 2~3만원대 공랭쿨러로 커버 가능해 가성비가 좋아졌습니다. \n게임성능도 인텔 13세대 i5 13500보다 뛰어납니다.메인보드는 실버계열 방열판과 Dr.MOS 전원부가 탑재된 가성비 좋은 보드입니다.그래픽카드는 AS 탑티어인 갤럭시의 FHD 퍼포먼스 라인 그래픽카드입니다.SSD는 PCIe4.0 최상급 성능의 SSD입니다.케이스는 5만원 이하 케이스 중 전면 TYPE-C 포트를 지원하고, 그래픽카드 지지대 기본 구성에 그래픽카드 호환성도 준수한 케이스입니다.파워서플라이는 10년 보증에 슈퍼플라워랑 같은 유통사로 고주파 발생시 새제품 교환 등 AS 정책에 뛰어난 가성비까지 겸비한 파워입니다.CPU쿨러는 다크플래쉬의 새로운 가성비 쿨러입니다",
    "quote_feedback": "7600 + 4060 ti FHD 게이밍"
}