{
    "quote_number": "3445",
    "quote_title": "7600 + RTX 4070 (QHD)",
    "date_create": "2024.2.25",
    "cpu_gpu_combinations": "라이젠5 7600 + RTX 4070 조합",
    "quotation_summary": " 7600 + RTX 4070 (QHD)# 7600 + RTX 4070 (QHD)",
    "quote_person_introduction": "퀘이사존, 다나와, 쿨엔에서 활동 중인  잉여인간17호입니다.다양한 필테 경력과 컴덕질을 경험삼아 도움 드리고자 합니다.어떠한 스폰도 받지 않는 유저 입장에서 직접 사용해보고 테스트한 견적 위주로 견적드리겠습니다.",
    "quotations_quotations_description": "[CPU]AMD 라이젠5-5세대 7600 (라파엘) (멀티팩(정품))상세보기[메인보드]ASRock B650M PG Lightning + WiFi6E 모듈 패키지 디앤디컴상세보기[메모리]TeamGroup DDR5-5600 CL46 Elite 패키지 (32GB(16Gx2))상세보기[그래픽카드]GIGABYTE 지포스 RTX 4070 WINDFORCE OC D6X 12GB 제이씨현상세보기[SSD]마이크론 Crucial T500 M.2 NVMe 대원씨티에스 (1TB)상세보기[케이스]DARKFLASH DK290 Air MESH RGB 강화유리 블랙 (미들타워)상세보기[파워서플라이]NEWZEN SKULL 750SM MODULAR ATX 3.0 80PLUS GOLD (PCIE5)상세보기[CPU쿨러]DEEPCOOL AG400상세보기[모니터]크로스오버 27GQ7 IPS QHD 크로스기어 무결점상세보기[쿨러.튜닝.조명.액세서리]엠스톤 M.2 SSD 히트파이프 방열판 (블랙)상세보기[조립PC관련][견적왕] 조립 서비스 + 1년 출장 A/S상세보기CPU는 라이젠 NON X 버전으로 발열을 잡고 나와 2~3만원대 공랭쿨러로 커버 가능해 가성비가 좋아졌습니다. \n게임성능도 인텔 13세대 i5 13500보다 뛰어납니다.메모리는 팀그룹의 DDR5 5600 패키지로 호환성이나 가성비가 좋은 제품입니다.SSD는 PCIe4.0 최상급 성능의 SSD입니다.파워서플라이는 10년 보증에 슈퍼플라워랑 같은 유통사로 고주파 발생시 새제품 교환 등 AS 정책에 뛰어난 가성비까지 겸비한 파워입니다.CPU쿨러는 팔라딘 400 급 성능에 2만원 초반선의 극가성비 쿨러입니다.쿨러.튜닝.조명.액세서리는 히트파이프가 들어간 m.2 방열판입니다.",
    "quote_feedback": "7600 + RTX 4070 (QHD)"
}