{
    "quote_number": "3469",
    "quote_title": "7700 + 4060 TI(화이트 워크스테이션)",
    "date_create": "2024.2.25",
    "cpu_gpu_combinations": "라이젠7 7700 + RTX 4060 Ti 조합",
    "quotation_summary": " 7700 + 4060 TI(화이트 워크스테이션)# 7700 + 4060 TI(화이트 워크스테이션)",
    "quote_person_introduction": "퀘이사존, 다나와, 쿨엔에서 활동 중인  잉여인간17호입니다.다양한 필테 경력과 컴덕질을 경험삼아 도움 드리고자 합니다.어떠한 스폰도 받지 않는 유저 입장에서 직접 사용해보고 테스트한 견적 위주로 견적드리겠습니다.",
    "quotations_quotations_description": "[CPU]AMD 라이젠7-5세대 7700 (라파엘) (멀티팩(정품))상세보기[메인보드]ASRock B650M Pro RS + WiFi6E 모듈 패키지 디앤디컴상세보기[메모리]TeamGroup DDR5-5600 CL46 Elite 패키지 (32GB(16Gx2))상세보기[그래픽카드]이엠텍 지포스 RTX 4060 Ti MIRACLE WHITE D6 8GB상세보기[SSD]삼성전자 PM9A1 M2 NVMe 병행수입 (1TB)상세보기[케이스]DAVEN AQUARIUM 화이트 (미들타워)상세보기[파워서플라이]마이크로닉스 Classic II 풀체인지 700W 80PLUS BRONZE 230V EU 화이트상세보기[CPU쿨러]Thermalright Peerless Assassin 120 SE WHITE ARGB 서린상세보기[소프트웨어]Microsoft Windows 11 Home (처음사용자용 한글)상세보기[조립PC관련][견적왕] 조립 서비스 + 1년 출장 A/S상세보기CPU는 8코어 16스레드의 라이젠7메인보드는 8+2+1페이즈 400AA(50A)로 라이젠7도 문제 없는 가성비 좋은 B650 보드입니다. \nWiFi6E 모듈 패키지로 WIFI와 블루투스 무선연결도 문제 없습니다.메모리는 팀그룹의 DDR5 5600 패키지로 호환성이나 가성비가 좋은 제품입니다.그래픽카드는 AS 1티어 업체, 믿고 쓰는 이엠텍의 RTX 4060 Ti  화이트 제품입니다.SSD는 삼성 980 프로 OEM 제품으로 가성비가 좋습니다.케이스는 어항형 케이스중 파워가 옆면에 있는 투챔버형태로 높이도 컴팩트해서 감성이 뛰어난 케이스입니다.파워서플라이는 브론즈 등급에 AS기간도 7년으로 늘어 메리트가 높습니다. 화이트 제품의 경우 케이블은 물론 커넥터까지 화이트라 화이트 감성내기도 좋고 통풍구 쪽이 블랙 제품에서 개선되어서 발열관리도 좀 더 잘되고, 제로팬으로 정숙성도 뛰어나고 애프터쿨링으로 내구성을 높여 메리트도 높고 가격대도 좋아 추천드립니다.CPU쿨러는 써멀리아트의 대장급 공랭입니다. 화이트 감성과 정숙성을 원하시는 분들에게 추천드립니다.소프트웨어는 인텔 12세대 이후로는 고성능 코어와 효율 코어로 나뉘면서 윈도우 11을 권장합니다.\n인텔의 경우 일부 게임에선 윈11이 성능이 더 잘나옵니다.",
    "quote_feedback": "7700 + 4060 TI(화이트 워크스테이션)"
}