{
    "quote_number": "3490",
    "quote_title": "14600K + 4060 TI (영상편집, 디자인, FHD 게임)",
    "date_create": "2024.2.26",
    "cpu_gpu_combinations": "코어i5-14600K + RTX 4060 Ti 조합",
    "quotation_summary": " 14600K + 4060 TI (영상편집, 디자인, FHD 게임)# 14600K + 4060 TI (영상편집# 디자인# FHD 게임)",
    "quote_person_introduction": "퀘이사존, 다나와, 쿨엔에서 활동 중인  잉여인간17호입니다.다양한 필테 경력과 컴덕질을 경험삼아 도움 드리고자 합니다.어떠한 스폰도 받지 않는 유저 입장에서 직접 사용해보고 테스트한 견적 위주로 견적드리겠습니다.",
    "quotations_quotations_description": "[CPU]코어i5-14세대 14600K (랩터레이크)(벌크)상세보기[메인보드]MSI MAG B760M 박격포상세보기[메모리]TeamGroup DDR5-5600 CL46 Elite 패키지 (32GB(16Gx2))상세보기[그래픽카드]갤럭시 GALAX 지포스 RTX 4060 Ti OC D6 8GB상세보기[SSD]삼성전자 PM9A1 M2 NVMe 병행수입 (1TB)상세보기[케이스]1stPlayer T7-P 블랙 (미들타워)상세보기[파워서플라이]쿨러마스터 MWE 600 BRONZE V2 230V상세보기[CPU쿨러]Thermalright Peerless Assassin 120 SE 서린상세보기[소프트웨어]Microsoft Windows 11 Home (처음사용자용 한글)상세보기[모니터]크로스오버 27GQ7 IPS QHD 크로스기어 무결점상세보기[조립PC관련][견적왕] 조립 서비스 + 1년 출장 A/S상세보기메인보드는 14페이즈 900A(75A) 급 뛰어난 전원부로 14600K까지 문제 없이 사용 가능합니다.메모리는 팀그룹의 DDR5 5600 패키지로 호환성이나 가성비가 좋은 제품입니다.그래픽카드는 AS 탑티어인 갤럭시의 FHD 퍼포먼스 라인 그래픽카드입니다.SSD는 삼성 980 프로 OEM 제품으로 가성비가 좋습니다.케이스는 케이스는 시소닉 유통사 맥스엘리트에서 나온 1stPlayer T7-P 블랙 제품이 가격대비 호환성도 좋고, 정숙성이 뛰어난 하이드로 베어링이 탑재된 쿨링팬이 기본 6개에 가성비가 뛰어납니다.파워서플라이는 가성비 좋은 쿨러마스터의 브론즈 등급 제품으로 대양에서 유통해서 AS도 좋습니다.CPU쿨러는 대장급 공랭 중 뛰어난 정숙성과 성능을 겸비한 쿨러입니다.소프트웨어는 인텔 12세대 이후로는 고성능 코어와 효율 코어로 나뉘면서 윈도우 11을 권장합니다.\n인텔의 경우 일부 게임에선 윈11이 성능이 더 잘나옵니다.",
    "quote_feedback": "14600K + 4060 TI (영상편집, 디자인, FHD 게임)"
}