{
    "quote_number": "3520",
    "quote_title": "7800X3D 4070TI SUPER 250만원 견적",
    "date_create": "2024.2.27",
    "cpu_gpu_combinations": "라이젠7 7800X3D + RTX 4070 Ti SUPER 조합",
    "quotation_summary": " 가성비 7800X3D + 4070 TI SUPER 견적입니다.# 250만원 게이밍PC 4070 TI SUPER 추천 견적",
    "quote_person_introduction": "",
    "quotations_quotations_description": "[CPU]AMD 라이젠7-5세대 7800X3D (라파엘) (멀티팩(정품))상세보기[메인보드]ASRock B650M PG Lightning 에즈윈상세보기[메모리]TeamGroup DDR5-5600 CL46 Elite 서린 (16GB) x 2 개상세보기[그래픽카드]갤럭시 GALAX 지포스 RTX 4070 Ti SUPER EX GAMER BLACK OC D6X 16GB상세보기[SSD]Western Digital WD BLACK SN850X M.2 NVMe (1TB)상세보기[케이스]앱코 SUITMASTER M2000 NOVA ARGB 강화유리 블랙 (미들타워)상세보기[파워서플라이]NEWZEN SKULL 750SM MODULAR ATX 3.0 80PLUS GOLD (PCIE5)상세보기[CPU쿨러]쿨러마스터 HYPER 620S ARGB상세보기[쿨러.튜닝.조명.액세서리]장우컴퍼니 JW-HTK01 M.2 방열판상세보기[조립PC관련][견적왕] 조립 서비스 + 1년 출장 A/S상세보기CPU는 게이밍 CPU 최강메인보드는 가성비 B650M 보드메모리는 SK OEM 무난무난그래픽카드는 4070 TI SUPER 뛰어난 퍼포먼스SSD는 가성비 PCIE4.0 SSD케이스는 가성비 케이스파워서플라이는 가성비 750W 골드CPU쿨러는 가성비 공랭쿨러 , 성능 준수쿨러.튜닝.조명.액세서리는 M.2 방열판조립PC관련는 조립 상품 추천",
    "quote_feedback": "가성비  7800X3D + 4070TI SUPER 견적"
}