{
    "quote_number": "3561",
    "quote_title": "코어i5-14세대 14600K + 지포스 RTX 4060 Ti",
    "date_create": "2024.2.28",
    "cpu_gpu_combinations": "코어i5-14600K + RTX 4060 Ti 조합",
    "quotation_summary": " 코어i5-14세대 14600K + 지포스 RTX 4060 Ti# 사무",
    "quote_person_introduction": "안녕하세요! 인벤에서 주로 활동하고 있는 Skywalkers입니다.가성비와 성능비 그리고 감성비까지 모두 고려해서 가장 합리적인 구성을 찾을 수 있도록 추천을 드리겠습니다.",
    "quotations_quotations_description": "[CPU]코어i5-14세대 14600K (랩터레이크)(벌크)상세보기[메인보드]MSI MAG B760M 박격포 맥스 WIFI상세보기[메모리]TeamGroup DDR5-5600 CL46 Elite 패키지 (32GB(16Gx2))상세보기[그래픽카드]MSI 지포스 RTX 4060 Ti 벤투스 2X 블랙 OC D6 16GB상세보기[SSD]마이크론 Crucial T500 M.2 NVMe 대원씨티에스 (1TB)상세보기[케이스]몬스타 가츠 X420A 블랙 (미들타워)상세보기[파워서플라이]쿨러마스터 MWE 600 BRONZE V2 230V상세보기[CPU쿨러]PentaWave S06D LE ARGB상세보기[조립PC관련][견적왕] 조립 서비스 + 1년 출장 A/S상세보기SSD는 PCI-E 4.0 새롭게 떠오르는 가성비 SSD",
    "quote_feedback": "1. 인텔은 12세대부터 벌크도 정품과 동일한 3년 무상 AS를 제공합니다.정품 박스가 꼭 필요한 것이 아니라면 벌크로 구성하는 것이 보다 효율적입니다. 14600K 벌크로 변경2. 메모리는 동일 제품이면서 2개 패키지로 구성된 TeamGroup DDR5-5600 CL46 Elite 패키지 (32GB(16Gx2))가 조금 더 저렴해서 변경했습니다.3. 케이스는 보급형 끝판왕급 가성비를 자랑하는 몬스타 가츠 X420A 블랙 (미들타워)로 변경4. 파워는 정격 600W 브론즈 인증 제품 중에서는 가성비가 가장 좋은 쿨러마스터 MWE 600 BRONZE V2 230V로 변경5. 14600K는 싱글 타워 공랭쿨러로는 온도 제어가 되지 않습니다.최근에 새롭게 출시된 제품으로 케이스와도 잘 어울리고 대장급 성능의 듀얼타워 공랭쿨러로 가성비도 가장 좋은 수준인 PentaWave S06D LE ARGB로 변경참고해서 합리적인 구매하시기 바랍니다."
}