{
    "quote_number": "3582",
    "quote_title": "160만원 원컴방송 게임방송 철권8 블소 스팀게임 영상편집 i5 14500 + RTX 4060Ti 화이트감성 작업 및 FHD 게이밍 컴퓨터 견적",
    "date_create": "2024.3.12",
    "cpu_gpu_combinations": "코어i5-14500 + RTX 4060 Ti 조합",
    "quotation_summary": " i5 14500 / RTX 4060Ti / RAM 32GB / SSD 1TB# 작업용# FHD 게이밍# 화이트감성# 원컴방송# 게임방송# 영상편집# 스팀게임# 철권8# 블레이드앤소울",
    "quote_person_introduction": "안녕하세요. 로카프입니다.우리 주변에는 아직 컴퓨터 견적구성을 어떻게 할 지 몰라 고민에 빠지는 분들이 많이 계십니다.성능은 괜찮을까? 고장은 나지 않을까? 가격은 괜찮은건가? 이런 고민들을 한 번쯤은 해보셨을 겁니다.용도에 알맞는 성능과 합리적인 가격, 최우선으로 안정성과 신뢰도 높은 부품들로 구성된 견적을 추천해드리겠습니다.컴퓨터를 처음 알아보시는 분들의 입장에서 생각하고 견적을 구성해드리는 견적맨이 되겠습니다.",
    "quotations_quotations_description": "[CPU]인텔 코어i5-14세대 14500 (랩터레이크 리프레시) (벌크)상세보기[메인보드]ASRock B760M Pro RS D5 에즈윈상세보기[메모리]ADATA DDR5-5600 CL46-45-45 (16GB) x 2 개상세보기[그래픽카드]inno3D 지포스 RTX 4060 Ti OC D6 8GB Twin X2 WHITE상세보기[SSD]마이크론 Crucial T500 M.2 NVMe 대원씨티에스 (1TB)상세보기[케이스]몬스타 가츠 X520LA 화이트 (미들타워)상세보기[파워서플라이]topower Guardian TOP-700DG Single Rail 80PLUS BRONZE WHITE상세보기[CPU쿨러]Thermalright Peerless Assassin 120 SE WHITE ARGB 서린상세보기[조립PC관련][견적왕] 조립 서비스 + 1년 출장 A/S상세보기CPU는 고성능을 발휘하는 P코어 6개 효율성 높은 E코어 8개로 이루어진 빅리틀 구조의 CPU인 14500이며 따라서 윈도우11 사용이 권장됩니다. 14400보다 좀 더 나은 멀티성능을 보여주며 내장그래픽 탑재 모델로 영상편집 작업 시 퀵싱크 기능을 통해 작업능률 향상을 도모할 수 있습니다.메인보드는 13400, 13500 CPU와 구성하여 사용하기에 적절하고 전원부방열판과 M.2 SSD 방열판 잘 구성되어있는 제품입니다. 기판일부와 방열판색상이 화이트라서 화이트감성 PC 맞출 때 구성하기에도 좋습니다.메모리는 라이프워런티정책으로 A/S정책 좋은 ADATA 5600클럭 JEDEC 표준 일반램입니다.그래픽카드는 화이트감성 PC에 잘 어울리는 화이트색상의 4060Ti이며 보조전원규격은 8핀포트 1개입니다. 아이노비아 프리미엄 서비스로 시리얼 기준 최대 12개월 이내 불량 발생 시 새제품 교환을 진행하며 단종된 제품은 동급 수준의 새제품으로 교체받을 수 있습니다.SSD는 최대읽기속도 7,300MB/s 최대쓰기속도 6,800MB/s를 자랑하는 최상위권 PCIe 4.0 SSD인 T500입니다. 보증기간 5년 제공하며 파이슨 컨트롤러가 적용되어 있습니다.케이스는 최근 핫한 어항케이스 디자인의 제품이며 기본으로 측면과 후면에 120mm ARGB 기본팬 3개를 제공합니다. 제원 상 메인보드는 ATX사이즈까지 지원하며 CPU쿨러 최대호환가능높이는 185mm, 그래픽카드 최대호환가능길이는 430mm로 호환성이 좋은 편입니다.파워서플라이는 topower사의 700W 브론즈등급 화이트색상 제품입니다. A/S보증기간 7년을 제공하고 화이트 색상 제품이라 화이트감성 PC에 알맞는 제품입니다.CPU쿨러는 듀얼타워공랭쿨러 가운데 탁월한 쿨링성능과 정숙성을 보여주는 Peerless Assassin 120 SE 제품입니다. 더불어 해당 제품은 ARGB 기능 탑재로 RGB 컨트롤이 가능합니다.",
    "quote_feedback": "CPU는 영상편집 작업 등을 고려해 인텔 내장그래픽이 있어퀵싱크 기능 활용이 가능한 i5 14500 선택했습니다.메인보드는 B760칩셋 제품으로 보시면 되겠으며메모리는 JEDEC 표준 일반램으로 16GB 2장 총 32GB 용량 맞춰드렸습니다.그래픽카드는 4060Ti로 무난하게 FHD 게이밍 즐기실 수 있으며OBS와 같은 프로그램에서 인코더를 NVENC로 선택하시어 방송 진행하시면 그래픽카드 송출 활용이 가능합니다.SSD는 PCIe4.0 규격의 스펙 좋은 1TB 제품이며CPU쿨러는 상급 듀얼타워공랭쿨러로 마무리했습니다."
}