{
    "quote_number": "3594",
    "quote_title": "AMD 라이젠7-5세대 7800X3D + 지포스 RTX 4060 Ti",
    "date_create": "2024.2.28",
    "cpu_gpu_combinations": "라이젠7 7800X3D + RTX 4060 Ti 조합",
    "quotation_summary": " AMD 라이젠7-5세대 7800X3D + 지포스 RTX 4060 Ti# 게임",
    "quote_person_introduction": "안녕하세요! 인벤에서 주로 활동하고 있는 Skywalkers입니다.가성비와 성능비 그리고 감성비까지 모두 고려해서 가장 합리적인 구성을 찾을 수 있도록 추천을 드리겠습니다.",
    "quotations_quotations_description": "[CPU]AMD 라이젠7-5세대 7800X3D (라파엘) (정품)상세보기[메인보드]ASRock B650 PG Lightning 대원씨티에스상세보기[메모리]TeamGroup DDR5-5600 CL46 Elite 패키지 (32GB(16Gx2))상세보기[그래픽카드]갤럭시 GALAX 지포스 RTX 4060 Ti OC D6 8GB상세보기[SSD]삼성전자 PM9A1 M2 NVMe 병행수입 (1TB)상세보기[케이스]잘만 N7 PLUS Black (미들타워)상세보기[파워서플라이]쿨러마스터 MWE 600 BRONZE V2 230V상세보기[CPU쿨러]PentaWave S06D LE ARGB상세보기[조립PC관련][견적왕] 조립 서비스 + 1년 출장 A/S상세보기",
    "quote_feedback": "1. 게임용도라면 7900X3D보다 성능이 조금 더 좋은 7800X3D로 변경2. 메인보드는 840A급 출력의 드라이버 모스펫 전원부가 적용된 ATX 규격의 ASRock B650 PG Lightning 대원씨티에스로 변경3. 메모리는 32기가 1개가 아니라 16기가 2개로 구성해야 제대로 된 성능이 나옵니다.라이프타임 워런티로 압도적인 AS기간을 제공하는 팀그룹 5600MHz 고클럭 규격램 16기가 2개 32기가로 변경4. 그래픽카드는 1티어 AS에 가격적인 메리트도 높은 갤럭시 GALAX 지포스 RTX 4060 Ti OC D6 8GB로 구성5. SSD는 젠4 제품 중 넘사벽 갓성비의 삼성전자 980PRO OEM버전인 삼성전자 PM9A1 M2 NVMe 병행수입 (1TB)으로 변경6. 케이스는 식스팬 기본 장착에 메인보드 CPU 장착 후면부에 120mm 팬을 추가 장착하여 CPU의 온도를 효과적으로 낮출 수 있도록 설계되어 최고 수준의 쿨링 효율을 보여주는 세븐 팬 제품인 잘만 N7 PLUS Black (미들타워)로 구성LED OFF도 가능하고 동시에 팬 속도 조절도 되는 장점이 아주 많은 제품입니다.7. 4060 Ti는 최대 전력 소모량이 3060 보다도 낮은 160W 수준으로 정격 550W를 권장파워로 요구합니다.정격 600W 브론즈 인증 제품 중 가성비가 가장 좋은 쿨러마스터 MWE 600 BRONZE V2 230V로 변경8. CPU쿨러는 케이스와도 잘 어울리는 대장급 성능의 듀얼타워 공랭쿨러 중에서는 가성비가 가장 좋은 PentaWave S06D LE ARGB로 변경참고해서 합리적인 구매하시기 바랍니다."
}