{
    "quote_number": "3629",
    "quote_title": "7800X3D + RTX 4070 TI SUPER",
    "date_create": "2024.2.29",
    "cpu_gpu_combinations": "라이젠7 7800X3D + RTX 4070 Ti SUPER 조합",
    "quotation_summary": " 7800X3D + RTX 4070 TI SUPER# 7800X3D + RTX 4070 TI SUPER",
    "quote_person_introduction": "퀘이사존, 다나와, 쿨엔에서 활동 중인  잉여인간17호입니다.다양한 필테 경력과 컴덕질을 경험삼아 도움 드리고자 합니다.어떠한 스폰도 받지 않는 유저 입장에서 직접 사용해보고 테스트한 견적 위주로 견적드리겠습니다.",
    "quotations_quotations_description": "[CPU]AMD 라이젠7-5세대 7800X3D (라파엘) (정품)상세보기[메인보드]GIGABYTE B650M AORUS ELITE AX ICE 피씨디렉트상세보기[그래픽카드]ZOTAC 지포스 RTX 4070 Ti SUPER Trinity D6X 16GB Black상세보기[케이스]DARKFLASH DK1000 MESH 강화유리 블랙 (미들타워)상세보기[파워서플라이]맥스엘리트 MAXWELL COUNT 850W 80PLUS GOLD 풀모듈러 ATX 3.1 (PCIE5)상세보기[CPU쿨러]Thermalright Peerless Assassin 120 SE 서린상세보기[소프트웨어]Microsoft Windows 11 Home (처음사용자용 한글)상세보기[이벤트특가][SSD + RAM] 마이크론 Crucial T500 2TB + Crucial DDR5-5600 (32GB(16Gx2)) 패키지 대원씨티에스상세보기[조립PC관련][견적왕] 조립 서비스 + 1년 출장 A/S상세보기CPU는 7000번대 3D 제품으로 7950X3D와 달리 별도의 설정없이도 뛰어난 게임 성능을 자랑합니다.  \n전성비는 물론 온도도 뛰어나 공랭으로 가성비 좋게 게이밍 환경 구성이 가능합니다.메인보드는 12+2+2페이즈 720A(60A) 기가바이트의 화이트 감성을 위한 B650 보드그래픽카드는 AS 3대장 조텍의 RTX 4070 Ti SUPER Trinity 입니다.케이스는 LED 없이 깔끔한 디자인에 140mm 쿨링팬으로 쿨링 성능도 뛰어나면서 쿨링팬도 조용해 정숙성도 뛰어납니다.CPU쿨러는 대장급 공랭 중 뛰어난 정숙성과 성능을 겸비한 쿨러입니다.소프트웨어는 인텔 12세대 이후로는 고성능 코어와 효율 코어로 나뉘면서 윈도우 11을 권장합니다.\n인텔의 경우 일부 게임에선 윈11이 성능이 더 잘나옵니다.",
    "quote_feedback": "7800X3D + RTX 4070 TI SUPER"
}