{
    "quote_number": "3687",
    "quote_title": "AMD 라이젠5-4세대 5600 + 지포스 RTX 4060",
    "date_create": "2024.3.2",
    "cpu_gpu_combinations": "라이젠5 5600 + RTX 4060 조합",
    "quotation_summary": " AMD 라이젠5-4세대 5600 + 지포스 RTX 4060# 게임용",
    "quote_person_introduction": "안녕하세요! 인벤에서 주로 활동하고 있는 Skywalkers입니다.가성비와 성능비 그리고 감성비까지 모두 고려해서 가장 합리적인 구성을 찾을 수 있도록 추천을 드리겠습니다.",
    "quotations_quotations_description": "[CPU]AMD 라이젠5-4세대 5600 (버미어) (멀티팩(정품))상세보기[메인보드]ASUS PRIME B550M-A 대원CTS상세보기[메모리]ESSENCORE KLEVV DDR4-3200 CL22 (16GB) x 2 개상세보기[그래픽카드]ZOTAC GAMING 지포스 RTX 4060 TWIN Edge OC D6 8GB상세보기[SSD]삼성전자 PM9A1 M2 NVMe 병행수입 (1TB)상세보기[케이스]1stPlayer T7-P 블랙 (미들타워)상세보기[파워서플라이]마이크로닉스 Classic II 풀체인지 600W 80PLUS BRONZE 230V EU상세보기[CPU쿨러]3RSYS TEAMMOST TM40상세보기[소프트웨어]Microsoft Windows 11 Home (처음사용자용 한글)상세보기[USB 메모리]Sandisk Ultra Shift CZ410 USB 3.0 (128GB)상세보기[쿨러.튜닝.조명.액세서리]장우컴퍼니 JW-HTK01 M.2 방열판상세보기[조립PC관련][견적왕] 조립 서비스 + 1년 출장 A/S상세보기CPU는 현재 게임 가성비가 가장 좋은 CPU메인보드는 전원부 방열판이 적용된 B550 칩셋 중 가성비가 좋은 메인보드",
    "quote_feedback": "1. 메모리는 라이프타임 워런티로 압도적인 AS기간을 제공하고 SK하이닉스 모듈을 사용해서 안정성도 높고 가격도 저렴한 ESSENCORE KLEVV DDR4-3200 CL22 (16GB) 2개 32기가로 변경2. 구성하신 SSD는 NVMe 규격 중 가장 속도가 느린 젠3 제품입니다.젠3 보다 2배 더 빠른 젠4 제품 중 넘사벽 갓성비의 삼성전자 980PRO OEM버전인 삼성전자 PM9A1 M2 NVMe 병행수입 (1TB)으로 변경했고, 저렴한 방열판도 하나 추가했습니다.참고해서 합리적인 구매하시기 바랍니다."
}