{
    "quote_number": "3691",
    "quote_title": "7500F + 4060 ti FHD 게이밍",
    "date_create": "2024.3.2",
    "cpu_gpu_combinations": "라이젠5 7500F + RTX 4060 Ti 조합",
    "quotation_summary": " 7500F + 4060 ti FHD 게이밍# 7500F + 4060 ti FHD 게이밍",
    "quote_person_introduction": "퀘이사존, 다나와, 쿨엔에서 활동 중인  잉여인간17호입니다.다양한 필테 경력과 컴덕질을 경험삼아 도움 드리고자 합니다.어떠한 스폰도 받지 않는 유저 입장에서 직접 사용해보고 테스트한 견적 위주로 견적드리겠습니다.",
    "quotations_quotations_description": "[CPU]AMD 라이젠5-5세대 7500F (라파엘) (멀티팩(정품))상세보기[메인보드]ASRock B650M PG Lightning 에즈윈상세보기[메모리]TeamGroup DDR5-5600 CL46 Elite 패키지 (32GB(16Gx2))상세보기[그래픽카드]갤럭시 GALAX 지포스 RTX 4060 Ti OC D6 8GB상세보기[SSD]장우컴퍼니 PM9A1 M.2 NVMe 병행수입 (1TB) 삼성전자상세보기[케이스]1stPlayer T7-P 블랙 (미들타워)상세보기[파워서플라이]마이크로닉스 Classic II 풀체인지 600W 80PLUS BRONZE 230V EU상세보기[CPU쿨러]DEEPCOOL AG400상세보기[조립PC관련][견적왕] 조립 서비스 + 1년 출장 A/S상세보기CPU는 최고의 게이밍 가성비 CPU입니다메인보드는 Dr.MOS 전원부가 탑재된 가성비 좋은 B650보드입니다.메모리는 팀그룹의 DDR5 5600 패키지로 호환성이나 가성비가 좋은 제품입니다.그래픽카드는 AS 탑티어인 갤럭시의 FHD 퍼포먼스 라인 그래픽카드입니다.케이스는 케이스는 시소닉 유통사 맥스엘리트에서 나온 1stPlayer T7-P 블랙 제품이 가격대비 호환성도 좋고, 정숙성이 뛰어난 하이드로 베어링이 탑재된 쿨링팬이 기본 6개에 가성비가 뛰어납니다.파워서플라이는 스테디셀러 파워인 마닉 풀체인지가 브론즈 등급에 AS기간도 7년으로 늘었고, 제로팬으로 정숙성도 뛰어나고 애프터쿨링으로 내구성을 높여 메리트도 높고 가격대도 좋습니다.CPU쿨러는 팔라딘 400 급 성능에 2만원 초반선의 극가성비 쿨러입니다.",
    "quote_feedback": "7500F + 4060 ti FHD 게이밍"
}