{
    "quote_number": "3701",
    "quote_title": "AMD 라이젠7-5세대 7800X3D + RTX 4080 SUPER",
    "date_create": "2024.3.2",
    "cpu_gpu_combinations": "라이젠7 7800X3D + RTX 4080 SUPER 조합",
    "quotation_summary": " AMD 라이젠7-5세대 7800X3D + RTX 4080 SUPER# 워크스테이션",
    "quote_person_introduction": "안녕하세요! 인벤에서 주로 활동하고 있는 Skywalkers입니다.가성비와 성능비 그리고 감성비까지 모두 고려해서 가장 합리적인 구성을 찾을 수 있도록 추천을 드리겠습니다.",
    "quotations_quotations_description": "[CPU]AMD 라이젠7-5세대 7800X3D (라파엘) (정품)상세보기[메인보드]GIGABYTE B650 AORUS ELITE AX ICE 피씨디렉트상세보기[메모리]TeamGroup T-Force DDR5-6000 CL38 Delta RGB 화이트 패키지 (64GB(32Gx2))상세보기[그래픽카드]ZOTAC GAMING 지포스 RTX 4080 SUPER Trinity OC D6X 16GB White상세보기[SSD]마이크론 Crucial T500 M.2 NVMe 대원씨티에스 (2TB)상세보기[데스크탑 HDD]Western Digital WD BLUE 5640/128M (WD80EAZZ, 8TB) x 2 개상세보기[케이스]NZXT H9 Flow Matte White (미들타워)상세보기[파워서플라이]SuperFlower SF-1000F14PE LEADEX VI PRO PLATINUM WHITE (PCIE 5)12VHPWR 케이블 제공상세보기[CPU쿨러]쿨러마스터 MasterLiquid 360L Core ARGB (White)상세보기[조립PC관련][견적왕] 조립 서비스 + 1년 출장 A/S상세보기[조립PC관련]수랭 쿨러 조립 추가 비용상세보기",
    "quote_feedback": "1. 그래픽작업이나 동영상 편집을 하지 않는 사무용에 게임을 위주로 한다면 14700K보다는 게임 끝판왕인 7800X3D로 구성하는 것을 추천드리구요.2. 메인보드는 기판까지 화이트로 제대로 된 화이트 감성을 느낄 수 있는 GIGABYTE B650 AORUS ELITE AX ICE 피씨디렉트로 변경3. 메모리는 QVL리스트를 지원하는 화이트 컨셉의 1티어 제품인 TeamGroup T-Force DDR5-6000 CL38 Delta RGB 화이트 패키지 (64GB(32Gx2))로 변경4. 그래픽카드는 성능이 조금 더 좋고 가격은 저렴한 ZOTAC GAMING 지포스 RTX 4080 SUPER Trinity OC D6X 16GB White로 변경5. SSD는 가장 최근에 출시된 젠4 규격의 끝판왕급 제품이라고 할 수 있는 마이크론 Crucial T500 M.2 NVMe 대원씨티에스 (2TB)로 변경6. 파워는 ATX3.0과 PCIE5 규격을 동시에 지원하는 1000W 용량에 골드보다 상위인 플래티넘 인증 고효율의 풀모듈러 화이트 색상의 제품인 SuperFlower SF-1000F14PE LEADEX VI PRO PLATINUM WHITE (PCIE 5)로 변경7. CPU쿨러는 대장급 성능의 3열 수냉쿨러 중에서는 가성비가 좋은 쿨러마스터 MasterLiquid 360L Core ARGB (White)로 변경참고해서 합리적인 구매하시기 바랍니다."
}