{
    "quote_number": "3717",
    "quote_title": "5600 + RTX 4060 FHD 게이밍",
    "date_create": "2024.3.2",
    "cpu_gpu_combinations": "라이젠5 5600 + RTX 4060 조합",
    "quotation_summary": " 5600 + RTX 4060 FHD 게이밍# 5600 + RTX 4060 FHD 게이밍",
    "quote_person_introduction": "퀘이사존, 다나와, 쿨엔에서 활동 중인  잉여인간17호입니다.다양한 필테 경력과 컴덕질을 경험삼아 도움 드리고자 합니다.어떠한 스폰도 받지 않는 유저 입장에서 직접 사용해보고 테스트한 견적 위주로 견적드리겠습니다.",
    "quotations_quotations_description": "[CPU]AMD 라이젠5-4세대 5600 (버미어) (멀티팩(정품))상세보기[메인보드]ASUS PRIME B550M-A 대원CTS상세보기[메모리]ESSENCORE KLEVV DDR4-3200 CL22 (16GB) x 2 개상세보기[그래픽카드]ZOTAC GAMING 지포스 RTX 4060 TWIN Edge OC D6 8GB상세보기[SSD]삼성전자 PM9A1 M2 NVMe 병행수입 (1TB)상세보기[케이스]몬스타 가츠 X420A 블랙 (미들타워)상세보기[파워서플라이]몬스타 가츠 ExtremeX FX600 80PLUS STANDARD상세보기[CPU쿨러]3RSYS TEAMMOST TM40상세보기[소프트웨어]Microsoft Windows 11 Home (처음사용자용 한글)상세보기[USB 메모리]Sandisk Ultra Shift CZ410 USB 3.0 (128GB)상세보기[쿨러.튜닝.조명.액세서리]장우컴퍼니 JW-HTK01 M.2 방열판상세보기[조립PC관련][견적왕] 조립 서비스 + 1년 출장 A/S상세보기CPU는 여전히 가성비 게이밍 CPU로 명성이 자자한 CPU입니다.메인보드는 5600과 가성비 좋게 구성하기 좋은 메인보드입니다.그래픽카드는 AS 3대장 조텍의 가성비 좋은 RTX 4060입니다.SSD는 삼성 980 프로 OEM 제품으로 가성비가 좋습니다.파워서플라이는 스탠다드 인증에 6년 무상 AS를 지원하고 보급형에선 보기 힘든 9종에 보호회로가 적용된 가성비 좋은 파워입니다.소프트웨어는 인텔 12세대 이후로는 고성능 코어와 효율 코어로 나뉘면서 윈도우 11을 권장합니다.\n인텔의 경우 일부 게임에선 윈11이 성능이 더 잘나옵니다.",
    "quote_feedback": "5600 + RTX 4060 FHD 게이밍"
}