{
    "quote_number": "3721",
    "quote_title": "7800X3D + RTX 4080 SUPER",
    "date_create": "2024.3.3",
    "cpu_gpu_combinations": "라이젠7 7800X3D + RTX 4080 SUPER 조합",
    "quotation_summary": " 7800X3D + RTX 4080 SUPER# 7800X3D + RTX 4080 SUPER",
    "quote_person_introduction": "퀘이사존, 다나와, 쿨엔에서 활동 중인  잉여인간17호입니다.다양한 필테 경력과 컴덕질을 경험삼아 도움 드리고자 합니다.어떠한 스폰도 받지 않는 유저 입장에서 직접 사용해보고 테스트한 견적 위주로 견적드리겠습니다.",
    "quotations_quotations_description": "[CPU]AMD 라이젠7-5세대 7800X3D (라파엘) (정품)상세보기[메인보드]MSI MAG B650 토마호크 WIFI상세보기[메모리]ADATA XPG DDR5-6000 CL30 LANCER RGB 블랙 패키지 (32GB(16Gx2))하이닉스 A다이 언락 제품!상세보기[그래픽카드]ZOTAC GAMING 지포스 RTX 4080 SUPER Trinity D6X 16GB Black상세보기[SSD]마이크론 Crucial T500 M.2 NVMe 대원씨티에스 (1TB)상세보기[케이스]리안리 LANCOOL 216 RGB Black (미들타워)상세보기[파워서플라이]맥스엘리트 MAXWELL COUNT 850W 80PLUS GOLD 풀모듈러 ATX 3.1 (PCIE5)상세보기[CPU쿨러]잘만 Alpha II A36 (BLACK)상세보기[조립PC관련][견적왕] 조립 서비스 + 1년 출장 A/S상세보기[조립PC관련]수랭 쿨러 조립 추가 비용상세보기CPU는 7000번대 3D 제품으로 7950X3D와 달리 별도의 설정없이도 뛰어난 게임 성능을 자랑합니다.  \n전성비는 물론 온도도 뛰어나 공랭으로 가성비 좋게 게이밍 환경 구성이 가능합니다.메인보드는 14+2 페이즈 1120A(80A) Dr.MOS의 강력한 전원부를 가진 보드로 라이젠 하이엔드까지 문제 없는 강력한 보드입니다.메모리는 ADATA의 6000클럭 튜닝 메모리입니다.그래픽카드는 조텍만의 특별한 3+2 AS!\n4080 SUPER 기준 가성비 갓갓!SSD는 PCIe4.0 최상급 성능의 SSD입니다.",
    "quote_feedback": "7800X3D + RTX 4080 SUPER"
}