{
    "quote_number": "3737",
    "quote_title": "코어i7-14세대 14700KF + 지포스 RTX 4070 SUPER",
    "date_create": "2024.3.3",
    "cpu_gpu_combinations": "코어i7-14700KF + RTX 4070 SUPER 조합",
    "quotation_summary": " 코어i7-14세대 14700KF + 지포스 RTX 4070 SUPER# 워크스테이션",
    "quote_person_introduction": "안녕하세요! 인벤에서 주로 활동하고 있는 Skywalkers입니다.가성비와 성능비 그리고 감성비까지 모두 고려해서 가장 합리적인 구성을 찾을 수 있도록 추천을 드리겠습니다.",
    "quotations_quotations_description": "[CPU]코어i7-14세대 14700KF (랩터레이크)(벌크)상세보기[메인보드]GIGABYTE Z790 AORUS ELITE X 피씨디렉트상세보기[메모리]ADATA DDR5-5600 CL46-45-45 (32GB) x 2 개상세보기[그래픽카드]갤럭시 GALAX 지포스 RTX 4070 SUPER 2X D6X 12GB상세보기[SSD]ADATA LEGEND 960 M.2 NVMe (2TB)상세보기[케이스]3RSYS L700 LITE (미들타워)상세보기[파워서플라이]NEWZEN SKULL 750SM MODULAR ATX 3.0 80PLUS GOLD (PCIE5)상세보기[CPU쿨러]DARKFLASH NEBULA DN-360 ARGB (블랙)상세보기[모니터]크로스오버 27GV5Q 패스트165 WQHD 아이세이브 게이밍 무결점상세보기[조립PC관련]수랭 쿨러 조립 추가 비용상세보기[조립PC관련][견적왕] 조립 서비스 + 1년 출장 A/S상세보기CPU쿨러는 CPU쿨러는 대장급 성능의 3열 수냉쿨러 중에서는 압도적인 가성비를 제공하는 DARKFLASH NEBULA DN-360 ARGB (블랙)",
    "quote_feedback": "1. CPU는 20코어 28스레드로 작업에 아주 효율적인 제품인 14700KF 벌크로 구성인텔은 12세대부터 벌크도 정품과 동일한 3년 무상 AS를 제공합니다.정품 박스가 꼭 필요한 것이 아니라면 벌크로 구성하는 것이 보다 효율적입니다.2. 메인보드는 1440A급 출력의 드라이버 모스펫 전원부가 적용되어 있는 GIGABYTE Z790 AORUS ELITE X 피씨디렉트로 구성3. 메모리는 라이프타임 워런티로 압도적인 AS기간을 제공하는 ADATA 5600MHz 고클럭 규격램 32기가 2개 64기가로 넉넉하게 구성4. 그래픽카드는 1티어 AS에 가격적인 메리트도 높은 갤럭시 GALAX 지포스 RTX 4070 SUPER 2X D6X 12GB로 구성5. SSD는 5년 무상AS의 갓성비 젠4 제품인 ADATA LEGEND 960 M.2 NVMe (2TB)로 구성읽기속도 : 7,400(MB/s) / 쓰기속도 : 6,800(MB/s)로 가격대비 최고 수준의 성능이면서 DDR4 1GB 용량의 디램 버퍼 메모리가 적용되어 있습니다.6. 케이스는 상단 3열 수냉쿨러 장착이 가능하고 원터치 스냅도어와 C타입 포트 등을 적용하고서도 가격을 대폭 인하하여 새롭게 출시한 갓성비 제품인 3RSYS L700 LITE (미들타워)로 구성7. 파워는 ATX3.0과 PCIE5 규격을 동시에 지원하는 가성비 좋은 NEWZEN SKULL 750SM MODULAR ATX 3.0 80PLUS GOLD (PCIE5)로 구성8. CPU쿨러는 대장급 성능의 3열 수냉쿨러 중에서는 압도적인 가성비를 제공하는 DARKFLASH NEBULA DN-360 ARGB (블랙)으로 구성9. 모니터는 27인치 QHD 해상도 165Hz 고주사율 제품인 크로스오버 27GV5Q 패스트165 WQHD 아이세이브 게이밍 무결점으로 구성참고해서 합리적인 구매하시기 바랍니다."
}