{
    "quote_number": "3740",
    "quote_title": "7900 + RTX 4070 Ti super 워크스테이션, 3D 작업",
    "date_create": "2024.3.3",
    "cpu_gpu_combinations": "라이젠9 7900 + RTX 4070 Ti SUPER 조합",
    "quotation_summary": " 7900 + RTX 4070 Ti super 워크스테이션, 3D 작업# 7900 + RTX 4070 Ti super 워크스테이션# 3D 작업",
    "quote_person_introduction": "퀘이사존, 다나와, 쿨엔에서 활동 중인  잉여인간17호입니다.다양한 필테 경력과 컴덕질을 경험삼아 도움 드리고자 합니다.어떠한 스폰도 받지 않는 유저 입장에서 직접 사용해보고 테스트한 견적 위주로 견적드리겠습니다.",
    "quotations_quotations_description": "[CPU]AMD 라이젠9-5세대 7900 (라파엘) (멀티팩(정품))상세보기[메인보드]ASRock B650M PG Riptide 대원씨티에스상세보기[메모리]ADATA DDR5-5600 CL46-45-45 (32GB) x 2 개상세보기[그래픽카드]ZOTAC 지포스 RTX 4070 Ti SUPER Trinity D6X 16GB Black상세보기[SSD]마이크론 Crucial T500 히트싱크 M.2 NVMe 대원씨티에스 (2TB)상세보기[케이스]DAVEN APEX Black (미들타워)상세보기[파워서플라이]맥스엘리트 MAXWELL COUNT 850W 80PLUS GOLD 풀모듈러 ATX 3.1 (PCIE5)상세보기[CPU쿨러]Thermalright Peerless Assassin 120 SE 서린상세보기[조립PC관련][견적왕] 조립 서비스 + 1년 출장 A/S상세보기CPU는 X 버전에 비해 발열과 전성비를 잡고 나와 저렴한 메인보드와 공랭쿨러와 사용 가능하고 12코어 24스레드로 뛰어난 작업 성능을 자랑하는 라이젠9 CPU입니다.메인보드는 12+2+1페이즈 최대 600A(50A)의 준수한 전원부의 라이젠 보드입니다그래픽카드는 AS 3대장 조텍의 RTX 4070 Ti SUPER Trinity 입니다.케이스는 그래픽카드 호환성 350mm로 준수한 호환성과 쿨링성능을 자랑하는 케이스입니다.CPU쿨러는 대장급 공랭 중 뛰어난 정숙성과 성능을 겸비한 쿨러입니다.",
    "quote_feedback": "7900 + RTX 4070 Ti super 워크스테이션, 3D 작업"
}