{
    "quote_number": "3799",
    "quote_title": "AMD 라이젠7-5세대 7800X3D + RTX 4080 SUPER",
    "date_create": "2024.3.5",
    "cpu_gpu_combinations": "라이젠7 7800X3D + RTX 4080 SUPER 조합",
    "quotation_summary": " AMD 라이젠7-5세대 7800X3D + RTX 4080 SUPER# 게임용",
    "quote_person_introduction": "안녕하세요! 인벤에서 주로 활동하고 있는 Skywalkers입니다.가성비와 성능비 그리고 감성비까지 모두 고려해서 가장 합리적인 구성을 찾을 수 있도록 추천을 드리겠습니다.",
    "quotations_quotations_description": "[CPU]AMD 라이젠7-5세대 7800X3D (라파엘) (정품)상세보기[메인보드]GIGABYTE B650M AORUS ELITE AX ICE 피씨디렉트상세보기[메모리]TeamGroup DDR5-5600 CL46 Elite 패키지 (32GB(16Gx2))상세보기[그래픽카드]이엠텍 지포스 RTX 4080 SUPER MIRACLE WHITE D6X 16GB상세보기[SSD]마이크론 Crucial T500 M.2 NVMe 대원씨티에스 (2TB)상세보기[케이스]DARKFLASH DRX70 MESH RGB 강화유리 화이트 (미들타워)상세보기[파워서플라이]NEWZEN SKULL 850SM MODULAR ATX 3.0 80PLUS GOLD WHITE (PCIE5)상세보기[CPU쿨러]Thermalright Peerless Assassin 120 SE WHITE ARGB 서린상세보기[조립PC관련][견적왕] 조립 서비스 + 1년 출장 A/S상세보기",
    "quote_feedback": "1. 7800X3D는 100MB에 육박하는 L3 캐시 메모리로 게임을 박살내버리는 타입의 제품이라 다른 CPU에 비해서 메모리 클럭의 영향을 덜 받습니다. 또한 지금처럼 듀얼타워 공랭쿨러로 조립하는 경우에는 메모리 슬롯을 다 덮어버려서 메모리가 보이지도 않구요.메인보드 QVL 리스트 지원 여부 및 공랭쿨러와의 간섭 여부도 확인을 해야해서 이런 경우는 규격램으로 추천을 드리고 있습니다.메모리는 라이프타임 워런티로 압도적인 AS기간을 제공하는 팀그룹 5600MHz 고클럭 규격램 16기가 2개 32기가로 변경2. SSD는 최근에 출시한 젠4 규격의 끝판왕급 제품인 마이크론 Crucial T500 M.2 NVMe 대원씨티에스 (2TB)로 변경3. DLX21처럼 거대한 케이스에 미니보드와 공랭쿨러로 조립하게 되면 내부에 공간이 너무 많이 생기게 됩니다. 내부가 많이 휑해져서 미관상 좋지 못하죠. 이런 경우는 케이스의 사이즈를 조금 줄여주는 것이 좋습니다.동일한 제조사의 화이트 색상에 사이즈 조금 줄인 가성비 좋은 DARKFLASH DRX70 MESH RGB 강화유리 화이트 (미들타워)로 변경4. CPU쿨러는 대장급 성능의 듀얼타워 화이트 공랭 쿨러 중에서는 가성비가 가장 좋은 편인 Thermalright Peerless Assassin 120 SE WHITE ARGB 서린으로 변경참고해서 합리적인 구매하시기 바랍니다."
}