{
    "quote_number": "3804",
    "quote_title": "코어i5-14세대 14600KF + 라데온 RX 6600",
    "date_create": "2024.3.5",
    "cpu_gpu_combinations": "코어i5-14600KF + RX 6600 조합",
    "quotation_summary": " 코어i5-14세대 14600KF + 라데온 RX 6600# 사무용",
    "quote_person_introduction": "안녕하세요! 인벤에서 주로 활동하고 있는 Skywalkers입니다.가성비와 성능비 그리고 감성비까지 모두 고려해서 가장 합리적인 구성을 찾을 수 있도록 추천을 드리겠습니다.",
    "quotations_quotations_description": "[CPU]코어i5-14세대 14600KF (랩터레이크)(벌크)상세보기[메인보드]MSI MAG B760M 박격포상세보기[메모리]TeamGroup DDR5-5600 CL46 Elite 패키지 (32GB(16Gx2))상세보기[그래픽카드]ASRock 라데온 RX 6600 CHALLENGER D D6 8GB 대원씨티에스상세보기[SSD]삼성전자 PM9A1 M2 NVMe 병행수입 (1TB)상세보기[케이스]몬스타 가츠 X520LA 리버스 블랙 (미들타워)상세보기[파워서플라이]몬스타 가츠 ExtremeX FX700 80PLUS STANDARD상세보기[CPU쿨러]PentaWave S06D LE ARGB상세보기[소프트웨어]Microsoft Windows 11 Home (처음사용자용 한글)상세보기[조립PC관련][견적왕] 조립 서비스 + 1년 출장 A/S상세보기",
    "quote_feedback": "1. CPU는 14세대가 출시가 끝난 상황이라 이전 세대로 구성하는 것은 애매한 상황이죠. 조금 더 투자를 하더라도 14600KF로 구성하는 것을 추천드립니다.2. 메모리의 경우 삼성과 마이크론 제품은 불량 이슈가 크게 터졌던 제품들이라 라이프타임 워런티로 압도적인 AS기간을 제공하는 팀그룹 5600MHz 고클럭 규격램 16기가 2개 32기가로 변경3. 구성하신 SSD인 P31은 NVMe 규격 중에서는 속도가 가장 느린 젠3 제품입니다.젠3보다 2배 더 빠른 젠4 제품 중 넘사벽 갓성비의 삼성전자 980PRO OEM버전인 삼성전자 PM9A1 M2 NVMe 병행수입 (1TB)으로 변경4. DAVEN AQUARIUM 블랙 (미들타워)는 C타입 포트 미적용에 USB 포트도 2개만 지원하고 강판도 얇은 편이라 원가 절감한 티가 많이 나는 케이스입니다. 최근 새롭게 출시된 파노라마 뷰 어항케이스 중에서는 압도적인 비주얼과 가성비 그리고 C타입 포트와 하단부 타공망 적용으로 쿨링 효율까지 높인 몬스타 가츠 X520LA 리버스 블랙 (미들타워)로 변경5. 파워는 6년 무상AS에 무려 9종에 달하는 보호회로를 적용하여 안정성에 몰빵을 하고서도 가격은 아주 착한 수준으로 출시가 되었고 현재 출시 이벤트로 가격을 더 인하해서 판매 중이라 갓성비 중에서도 갓성비라고 할 수 있는 몬스타 가츠 ExtremeX FX700 80PLUS STANDARD로 구성대부분의 보급형 파워들은 3-5년 무상AS에 4-6종 보호회로가 적용되어 있어서 추천드리는 제품과는 차이가 좀 나는 편입니다.6. CPU쿨러는 대장급 성능의 듀얼타워 공랭쿨러 중에서는 가성비가 가장 좋은 PentaWave S06D LE ARGB로 변경7. 윈도우  11 홈 처음사용자용 구성했습니다.참고해서 합리적인 구매하시기 바랍니다."
}