{
    "quote_number": "3808",
    "quote_title": "코어i5-14세대 14600K + 지포스 RTX 4060",
    "date_create": "2024.3.5",
    "cpu_gpu_combinations": "코어i5-14600K + RTX 4060 조합",
    "quotation_summary": " 코어i5-14세대 14600K + 지포스 RTX 4060# 게임용",
    "quote_person_introduction": "안녕하세요! 인벤에서 주로 활동하고 있는 Skywalkers입니다.가성비와 성능비 그리고 감성비까지 모두 고려해서 가장 합리적인 구성을 찾을 수 있도록 추천을 드리겠습니다.",
    "quotations_quotations_description": "[CPU]코어i5-14세대 14600K (랩터레이크)(벌크)상세보기[메인보드]MSI MAG B760M 박격포 맥스 WIFI상세보기[메모리]TeamGroup DDR5-5600 CL46 Elite (16GB) x 2 개상세보기[그래픽카드]ZOTAC GAMING 지포스 RTX 4060 TWIN Edge OC D6 8GB상세보기[SSD]마이크론 Crucial T500 M.2 NVMe 대원씨티에스 (1TB)상세보기[케이스]3RSYS L700 LITE (미들타워)상세보기[파워서플라이](마이크로닉스) New Performance 600W 80Plus Bronze Change-up /파워상세보기[CPU쿨러]DARKFLASH NEBULA DN-360 ARGB (블랙)상세보기[조립PC관련][견적왕] 조립 서비스 + 1년 출장 A/S상세보기[조립PC관련]수랭 쿨러 조립 추가 비용상세보기SSD는 PCI-E 4.0 새롭게 떠오르는 가성비 SSDCPU쿨러는 CPU쿨러는 대장급 성능의 3열 수냉쿨러 중에서는 압도적인 가성비를 제공하는 DARKFLASH NEBULA DN-360 ARGB (블랙)",
    "quote_feedback": "1. 13700F와 같이 논K CPU는 K버전과 달리 성능 차이가 제법 나는 편입니다. 그리고 지금은 14세대가 모두 출시가 된 상황이라 13600K보다는 14600K로 구성하는 것을 추천합니다.2. 구성하신 케이스는 상단 3열 수냉쿨러 장착을 지원하지 않습니다.상단 3열 수냉쿨러 장착이 가능하고 원터치 스냅도어와 C타입 포트 등을 적용하고서도 가격을 대폭 인하하여 새롭게 출시한 갓성비 제품인 3RSYS L700 LITE (미들타워)로 변경3. 4060 그래픽카드는 최대 전력 소모량이 115W로 초저전 제품입니다. 정격 500W면 충분한 용량이 되죠.넉넉하게 사용할 수 있도록 정격 600W 브론즈 인증 제품 중에서는 최상위 퀄리티면서 최근 7만원 중후반 대에서 5만원 초반 대로 가격을 대폭 인하하여 갓성비가 된 (마이크로닉스) New Performance 600W 80Plus Bronze Change-up으로 변경참고해서 합리적인 구매하시기 바랍니다."
}