{
    "quote_number": "3890",
    "quote_title": "400만원 3D작업 스팀게임 고사양게임 라이젠 7950X3D + RTX 4080 SUPER 윈도우포함 작업 및 QHD 게이밍 컴퓨터 견적",
    "date_create": "2024.4.9",
    "cpu_gpu_combinations": "라이젠9 7950X3D + RTX 4080 SUPER 조합",
    "quotation_summary": " 라이젠 7950X3D / RTX 4080 SUPER / RAM 64GB / SSD 2TB / 윈도우포함# 작업용# QHD 게이밍# 윈도우포함# 3D작업# 스팀게임# 고사양게임# AAA게임",
    "quote_person_introduction": "안녕하세요. 로카프입니다.우리 주변에는 아직 컴퓨터 견적구성을 어떻게 할 지 몰라 고민에 빠지는 분들이 많이 계십니다.성능은 괜찮을까? 고장은 나지 않을까? 가격은 괜찮은건가? 이런 고민들을 한 번쯤은 해보셨을 겁니다.용도에 알맞는 성능과 합리적인 가격, 최우선으로 안정성과 신뢰도 높은 부품들로 구성된 견적을 추천해드리겠습니다.컴퓨터를 처음 알아보시는 분들의 입장에서 생각하고 견적을 구성해드리는 견적맨이 되겠습니다.",
    "quotations_quotations_description": "[CPU]AMD 라이젠9-5세대 7950X3D (라파엘) (멀티팩(정품))상세보기[메인보드]ASRock B650 PG Lightning 대원씨티에스상세보기[메모리]ADATA DDR5-5600 CL46-45-45 (32GB) x 2 개상세보기[그래픽카드]ZOTAC GAMING 지포스 RTX 4080 SUPER Trinity D6X 16GB Black상세보기[SSD]마이크론 Crucial T500 M.2 NVMe 대원씨티에스 (2TB)상세보기[케이스]DARKFLASH DLX21 RGB MESH 강화유리 블랙 (미들타워)상세보기[파워서플라이]SuperFlower SF-850F14HG LEADEX III GOLD BLACK (PCIE 5)상세보기[CPU쿨러]쿨러마스터 MASTERLIQUID 360 ATMOS (BLACK)상세보기[소프트웨어]Microsoft Windows 11 Home (처음사용자용 한글)상세보기[조립PC관련][견적왕] 조립 서비스 + 1년 출장 A/S상세보기[조립PC관련]수랭 쿨러 조립 추가 비용상세보기CPU는 3D V캐시 구성으로 압도적인 게이밍 성능을 자랑하며 16코어 32쓰레드 구조로 작업성능 또한 뛰어난 7950X3D입니다.메인보드는 840A급 드라이버모스펫 채용으로 전원부 성능이 매우 뛰어나 라이젠 7000시리즈 어떤 CPU와도 구성 할 수 있는 제품입니다. 또한, ATX 사이즈 메인보드로 확장성 역시 매우 좋습니다.메모리는 라이프워런티정책으로 A/S정책 좋은 ADATA 5600클럭 JEDEC 표준 일반램입니다.그래픽카드는 QHD 게이밍도 끄떡없는 극강의 성능을 자랑하는 RTX 4080 SUPER입니다. 더불어 ZOTAC사 제품으로 A/S 걱정에서 자유로울 수 있으며, 구매 후 14일 이내 제품 등록 시 무상 3년 보증에 추가로 2년 확대보증 서비스를 제공하여 오래도록 사용할 수 있습니다.SSD는 232단 TLC NAND가 적용된 최대읽기속도 7,400MB/s 최대쓰기속도 7,000MB/s를 자랑하는 최상위권 PCIe 4.0 SSD인 T500입니다.케이스는 많은 소비자들로부터 꾸준한 사랑을 받고있는 DLX 21 MESH입니다. 140mm 전면팬 3개와 140mm 후면팬 1개 기본구성에 상단 3열 수랭쿨러 호환도 문제없으며 호환길이 CPU공랭쿨러 180mm / 그래픽카드 400mm의 뛰어난 호환성도 장점입니다.파워서플라이는 고주파 증상 발생에도 원활한 A/S가 가능한 SuperFlower사의 850W 골드등급 제품입니다. 12VHPWR 케이블이 기본구성되어 RTX 4000번대 그래픽카드 구성 시 깔끔한 선정리가 가능합니다.CPU쿨러는 360수랭쿨러 쿨링성능 최상위권의 쿨러마스터 360 ATMOS이며 인텔 i5 ~ i9, 라이젠 7000시리즈 X붙은 CPU들과 구성하기에 알맞는 제품입니다.소프트웨어는 처음사용자용 제품이라 추후 PC를 바꾸시더라도 다시 윈도우를 구매하실 필요 없이 기존 시리얼키로 인증하신 뒤 재사용이 가능합니다. 단, 시리얼키 하나 당 PC 1대만 사용이 가능한 점은 동일합니다.",
    "quote_feedback": "사용용도 고려해서 윈도우 미포함 시 400만원 안쪽으로 구성가능한라이젠 7950X3D + RTX 4080 SUPER 조합의 견적 구성 도와드렸습니다.CPU는 3D V캐시 적용으로 캐시메모리 용량이 커 게임성능이 매우 뛰어남과 동시에16코어 32쓰레드 구성으로 작업성능 또한 챙길 수 있는 라이젠 7950X3D 선택했습니다.메인보드는 ATX 사이즈이므로 두꺼운 그래픽카드도 구성이 용이합니다.메모리는 작업도 하시니 튜닝램보다는 JEDEC 표준 일반램 사용 권장드리며DDR5규격은 4장 풀뱅크 구성 시 클럭저하가 있어 32GB 2장 총 64GB로 맞춰드렸습니다.그래픽카드는 가장 고가의 부품인만큼 A/S퀄리티 좋은 이엠텍, 조텍, 갤럭시, inno3D 제품 추천드립니다.SSD는 PCIe4.0 규격의 상위스펙 2TB 제품이며파워는 12VHPWR 케이블 기본제공하는 850W 용량 제품이면 충분하겠습니다.CPU쿨러는 360수랭쿨러 쿨링성능 상위권 제품으로 마무리했으며윈도우는 특별한 이유가 있으신 게 아니라면 Home버전 보셔도 되겠습니다.윈도우는 처음사용자용 제품으로 포함해서 추후 PC 교체 시재구매할 필요없이 인증 옮겨서 지속적으로 사용할 수 있도록 했습니다."
}