{
    "quote_number": "3961",
    "quote_title": "AMD 라이젠5 PRO 르누아르 4650G",
    "date_create": "2024.3.7",
    "cpu_gpu_combinations": "라이젠5 PRO 4650G +  조합",
    "quotation_summary": " AMD 라이젠5 PRO 르누아르 4650G# 사무용",
    "quote_person_introduction": "안녕하세요! 인벤에서 주로 활동하고 있는 Skywalkers입니다.가성비와 성능비 그리고 감성비까지 모두 고려해서 가장 합리적인 구성을 찾을 수 있도록 추천을 드리겠습니다.",
    "quotations_quotations_description": "[CPU]AMD 라이젠5 PRO 르누아르 4650G (정품 멀티팩)(쿨러포함)상세보기[메인보드]ASUS PRIME A520M-A II 대원CTS상세보기[메모리]ESSENCORE KLEVV DDR4-3200 CL22 (8GB) x 2 개상세보기[케이스]3RSYS R240 블랙 (미들타워)상세보기[파워서플라이]마이크로닉스 COOLMAX FOCUS II 500W ETA BRONZE상세보기[CPU쿨러]PentaWave Z04E SRB ARGB상세보기[조립PC관련][견적왕] 조립 서비스 + 1년 출장 A/S상세보기",
    "quote_feedback": "1. 1009번에 있는 견적은 성능을 기대하기 어려운 조합입니다. CPU가 듀얼코어 제품이라 화면 한 두개만 띄워도 느려질 수 있습니다.6코어 12스레드가 적용되어 있어서 다양하게 활용할 수 있고 내장그래픽 성능도 인텔을 압도하는 수준으로 좋은 4650G 기반으로 추천을 드립니다.2. 메인보드는 전원부 히트싱크와 램 슬롯 4개가 적용되어 있는 ASUS PRIME A520M-A II 대원CTS로 변경3. 메모리는 라이프타임 워런티로 삼성램 대비 압도적인 AS기간을 제공하고 SK하이닉스 모듈을 사용해서 안정성도 높고 가격도 저렴한 ESSENCORE KLEVV DDR4-3200 CL22 (8GB) 2개 16기가로 변경4. SSD는 가지고 있는 제품 사용하면 되구요.5. 케이스는 강화유리처럼 파손 위험없는 풀아크릴 스윙도어 패널에 6개의 기본 팬을 장착하고 LED OFF 기능까지 적용된 보급형 끝판왕급인 3RSYS R240 블랙 (미들타워)로 추천드립니다.6. 파워는 80PLUS 인증보다 까다로운 테스트 환경으로 차세대 인증으로 불리는 ETA 브론즈 인증 제품인 마이크로닉스 COOLMAX FOCUS II 500W ETA BRONZE로 변경7. CPU쿨러는 싱글타워 끝판왕급 성능에 케이스와도 잘 어울리고 성능도 좋고 ARGB를 지원하는 제품 중에서는 가격적인 메리트도 가장 높은 갓성비 제품인 PentaWave Z04E SRB ARGB로 구성해서 온도와 소음을 대폭 낮출 수 있도록 했습니다.참고해서 합리적인 구매하시기 바랍니다."
}