{
    "quote_number": "3998",
    "quote_title": "270만원 솔리드웍스 캐드 i7 14700KF + RTX 4070 SUPER 작업용 컴퓨터 견적",
    "date_create": "2024.3.8",
    "cpu_gpu_combinations": "코어i7-14700KF + RTX 4070 SUPER 조합",
    "quotation_summary": " i7 14700KF / RTX 4070 SUPER / RAM 64GB / SSD 1TB# 작업용# 솔리드웍스# CAD",
    "quote_person_introduction": "안녕하세요. 로카프입니다.우리 주변에는 아직 컴퓨터 견적구성을 어떻게 할 지 몰라 고민에 빠지는 분들이 많이 계십니다.성능은 괜찮을까? 고장은 나지 않을까? 가격은 괜찮은건가? 이런 고민들을 한 번쯤은 해보셨을 겁니다.용도에 알맞는 성능과 합리적인 가격, 최우선으로 안정성과 신뢰도 높은 부품들로 구성된 견적을 추천해드리겠습니다.컴퓨터를 처음 알아보시는 분들의 입장에서 생각하고 견적을 구성해드리는 견적맨이 되겠습니다.",
    "quotations_quotations_description": "[CPU]코어i7-14세대 14700KF (랩터레이크)(벌크)상세보기[메인보드]GIGABYTE Z790 AORUS ELITE X 피씨디렉트상세보기[메모리]ADATA DDR5-5600 CL46-45-45 (32GB) x 2 개상세보기[그래픽카드]ZOTAC GAMING 지포스 RTX 4070 SUPER TWIN Edge OC D6X 12GB상세보기[SSD]마이크론 Crucial T500 M.2 NVMe 대원씨티에스 (1TB)상세보기[케이스]DAVEN AQUARIUM 블랙 (미들타워)상세보기[파워서플라이]NEWZEN SKULL 750SM MODULAR ATX 3.0 80PLUS GOLD (PCIE5)상세보기[CPU쿨러]쿨러마스터 MASTERLIQUID 360 ATMOS (BLACK)상세보기[조립PC관련][견적왕] 조립 서비스 + 1년 출장 A/S상세보기[조립PC관련]수랭 쿨러 조립 추가 비용상세보기CPU는 이전세대 같은 라인업의 13700KF 대비 E코어 4개, 캐시용량도 약간 더 늘어난 14700KF입니다. 단, 내장그래픽이 없는 제품이라 영상 편집 시 퀵싱크 기능 활용은 어렵습니다.메인보드는 1440A급의 전원부성능을 가져 13~14세대 i7 CPU 구성에 적합하며 14세대 인텔 CPU와 함께 출시된 Z790 AORUS ELITE X입니다.메모리는 라이프워런티정책으로 A/S정책 좋은 ADATA 5600클럭 JEDEC 표준 일반램입니다.그래픽카드는 RTX 4070과 RTX 4070 Ti 제품 사이에 위치한 라인업이며 길이 234.1mm, 두께 40.2mm의 제원을 가지고 있습니다. 보조전원 커넥터는 12VHPWR 규격이며 구매 후 14일 이내 제품 등록 시 무상 3년 보증에 추가로 2년 확대보증 서비스를 제공하여 오래도록 사용할 수 있습니다.SSD는 최대읽기속도 7,300MB/s 최대쓰기속도 6,800MB/s를 자랑하는 최상위권 PCIe 4.0 SSD인 T500입니다. 보증기간 5년 제공하며 파이슨 컨트롤러가 적용되어 있습니다.케이스는 흔히 어항케이스라고 불리우는 디자인이 적용된 DAVEN AQUARIUM입니다. CPU쿨러 최대호환가능높이 163mm, 그래픽카드 최대호환가능길이 415mm 제원을 가졌으며 ATX 사이즈 메인보드까지 호환가능한 미들타워 제품입니다. 측면 120mm 기본팬 3개, 후면 120mm 기본팬 1개 총 4개를 제공하며 ARGB를 지원하여 메인보드 제조사 프로그램을 통해 색상 조정이 가능합니다.파워서플라이는 무상보증10년 고주파증상도 원활한 A/S받을 수 있는 SKULL 제품으로 750W 골드급 ATX3.0 제품입니다. 12VHPWR 커넥터도 지원합니다.CPU쿨러는 360수랭쿨러 쿨링성능 최상위권의 쿨러마스터 360 ATMOS이며 인텔 i5 ~ i9, 라이젠 7000시리즈 X붙은 CPU들과 구성하기에 알맞는 제품입니다.",
    "quote_feedback": "i7 14700KF + RTX 4070 SUPER 조합의 견적 구성 도와드렸으며CPU는 내장그래픽이 없는 제품이기에 영상편집 시 퀵싱크 기능 활용은 불가능합니다.메인보드는 Z790 칩셋 제품으로 살펴보시면 되며메모리는 작업용도인만큼 JEDEC 표준 일반램으로 32GB 2장 총 64GB 맞춰드렸습니다.그래픽카드는 A/S퀄리티 좋은 이엠텍, 조텍, 갤럭시, inno3D 제품 추천드리며SSD는 PCIe4.0 규격의 스펙 좋은 1TB 제품입니다.파워는 12VHPWR 케이블 기본제공하는 750W 용량 제품이며CPU쿨러는 360수랭쿨러 쿨링성능 상위권 제품으로 마무리했습니다."
}