{
    "quote_number": "4031",
    "quote_title": "14600K + RTX 4060 TI 화이트",
    "date_create": "2024.3.9",
    "cpu_gpu_combinations": "코어i5-14600K + RTX 4060 Ti 조합",
    "quotation_summary": " 14600K + RTX 4060 TI 화이트# 14600K + RTX 4060 TI 화이트",
    "quote_person_introduction": "퀘이사존, 다나와, 쿨엔에서 활동 중인  잉여인간17호입니다.다양한 필테 경력과 컴덕질을 경험삼아 도움 드리고자 합니다.어떠한 스폰도 받지 않는 유저 입장에서 직접 사용해보고 테스트한 견적 위주로 견적드리겠습니다.",
    "quotations_quotations_description": "[CPU]코어i5-14세대 14600K (랩터레이크)(벌크)상세보기[메인보드]MSI MAG B760M 박격포 II상세보기[메모리]TeamGroup DDR5-5600 CL46 Elite (16GB) x 2 개상세보기[그래픽카드]이엠텍 지포스 RTX 4060 Ti MIRACLE WHITE D6 8GB상세보기[SSD]삼성전자 PM9A1 M2 NVMe 병행수입 (1TB)상세보기[케이스]앱코 SUITMASTER V2000 베놈 ARGB 화이트 (미들타워)상세보기[파워서플라이]마이크로닉스 Classic II 풀체인지 600W 80PLUS BRONZE 230V EU 화이트상세보기[CPU쿨러]JONSBO TG-360 ARGB (WHITE)상세보기[소프트웨어]Microsoft Windows 11 Home (처음사용자용 한글)상세보기[조립PC관련][견적왕] 조립 서비스 + 1년 출장 A/S상세보기[조립PC관련]수랭 쿨러 조립 추가 비용상세보기그래픽카드는 AS 1티어 업체, 믿고 쓰는 이엠텍의 RTX 4060 Ti  화이트 제품입니다.SSD는 삼성 980 프로 OEM 제품으로 가성비가 좋습니다.파워서플라이는 케이블은 물론 커넥터까지 화이트라 화이트 감성 내기도 좋고, 블랙에 비해 통풍구도 개선되서 쿨링면에서도 좀 더 괜찮습니다. 마닉 풀체인지 파워가 불량률도 적고 내구성을 위한 에프터 쿨링이나 정숙성을 위한 제로펜 기능 등으로 뛰어난 기능까지 있어 스테디 셀러인 파워입니다.소프트웨어는 인텔 12세대 이후로는 고성능 코어와 효율 코어로 나뉘면서 윈도우 11을 권장합니다.\n인텔의 경우 일부 게임에선 윈11이 성능이 더 잘나옵니다.",
    "quote_feedback": "14600K + RTX 4060 TI 화이트"
}