{
    "quote_number": "4046",
    "quote_title": "QHD 가성비 게이밍 PC",
    "date_create": "2024.3.22",
    "cpu_gpu_combinations": "라이젠5 7500F + RX 7800 XT 조합",
    "quotation_summary": " 1. 가성비 좋은 QHD 게이밍 PC2. 라데온 AFMF 기능을 통해 더 높은 프레임 확보도 가능3. 믿고 쓰는 라라랜드# 가성비 챙기면서 QHD 해상도에서 게임을 희망하는 분들",
    "quote_person_introduction": "안녕하세요.네이버 지식in에서 활동하는 지식in갓 입니다.지식in 상위 500명 (0.0008%) 이내에 해당하는 최상위권 답변자구요 ^0^)/조립 컴퓨터를 직접 구매/조립해서 사용한지 어느덧 20년이 가까워져 가는 고인물입니다.오랜 시간 누적된 지식을 바탕으로 하드웨어 및 사용하실 목적(소프트웨어) 모두 고려해 견적을 추천드리고 있으며,견적왕 활동을 통해 생기는 포인트로 다양한 하드웨어를 직접 구매 후 테스트 해보면서 더 나은 제품 추천드리기 위해 열심히 활동하고 있습니다 ^0^",
    "quotations_quotations_description": "[CPU]AMD 라이젠5-5세대 7500F (라파엘) (멀티팩(정품))상세보기[메인보드]ASRock B650M PG Lightning 대원씨티에스상세보기[메모리]ADATA DDR5-5600 CL46-45-45 (16GB) x 2 개상세보기[그래픽카드]SAPPHIRE 라데온 RX 7800 XT PULSE D6 16GB상세보기[SSD]SK하이닉스 Gold P31 M2 NVMe (1TB)상세보기[케이스]DAVEN APEX Black (미들타워)상세보기[파워서플라이]SF-700R12ST MEGA 80PLUS STANDARD 230V EU상세보기[CPU쿨러]DEEPCOOL AG400상세보기[조립PC관련][견적왕] 조립 서비스 + 1년 출장 A/S상세보기CPU는 13600KF 밑으로 최고의 가성비 CPU메인보드는 새롭게 등장한 B650 최고 가성비메모리는 검증된 가성비 DDR5 5600클럭 제품그래픽카드는 정격용량 700W에 QHD 성능은 RTX 4070을 뛰어넘는 갓성비 그 자체SSD는 게이밍 목적으로는 이만한 가성비 제품이 없죠.케이스는 사이즈도 적당하면서 가성비 좋은 미들타워파워서플라이는 AS 1등 파워의 자존심, SuperFlower 정격 700W 제품CPU쿨러는 가성비 최고의 기본쿨러!조립PC관련는 -",
    "quote_feedback": "부담없는 가격에 QHD 게이밍 PC를 희망하는 분들께 적합합니다.AFMF 기능을 통해 프레임 확보도 용이하고무엇보다 이 가격에 QHD를 할 수 있다는 것 자체가 축복입니다."
}