{
    "quote_number": "4050",
    "quote_title": "280만원 옵치2 디아4 스팀게임 발더스3 포르자 호그와트 라이젠 7800X3D + RX 7900 XTX QHD 게이밍 컴퓨터 견적",
    "date_create": "2024.3.9",
    "cpu_gpu_combinations": "라이젠7 7800X3D + RX 7900 XTX 조합",
    "quotation_summary": " 라이젠 7800X3D / RX 7900 XTX / RAM 32GB / SSD 1TB# QHD 게이밍# 라라랜드# AFMF# 오버워치2# 디아블로4# 스팀게임# 발더스게이트3# 호그와트 레거시# 포르자 호라이즌5",
    "quote_person_introduction": "안녕하세요. 로카프입니다.우리 주변에는 아직 컴퓨터 견적구성을 어떻게 할 지 몰라 고민에 빠지는 분들이 많이 계십니다.성능은 괜찮을까? 고장은 나지 않을까? 가격은 괜찮은건가? 이런 고민들을 한 번쯤은 해보셨을 겁니다.용도에 알맞는 성능과 합리적인 가격, 최우선으로 안정성과 신뢰도 높은 부품들로 구성된 견적을 추천해드리겠습니다.컴퓨터를 처음 알아보시는 분들의 입장에서 생각하고 견적을 구성해드리는 견적맨이 되겠습니다.",
    "quotations_quotations_description": "[CPU]AMD 라이젠7-5세대 7800X3D (라파엘) (멀티팩(정품))상세보기[메인보드]ASRock B650M PG Riptide 대원씨티에스상세보기[메모리]ADATA DDR5-5600 CL46-45-45 (16GB) x 2 개상세보기[그래픽카드]PowerColor 라데온 RX 7900 XTX Hellhound D6 24GB 대원씨티에스상세보기[SSD]마이크론 Crucial T500 M.2 NVMe 대원씨티에스 (1TB)상세보기[케이스]DARKFLASH DK290 Air MESH RGB 강화유리 블랙 (미들타워)상세보기[파워서플라이]NEWZEN SKULL 1000XM ATX 3.0 80PLUS GOLD PCIE5상세보기[CPU쿨러]Thermalright Peerless Assassin 120 SE 서린상세보기[조립PC관련][견적왕] 조립 서비스 + 1년 출장 A/S상세보기CPU는 3D V캐시 구성으로 압도적인 게이밍 성능을 자랑하며 공랭쿨러로도 사용이 가능한 7800X3D입니다. 8코어 16쓰레드 구조로 방송하시는 데도 충분한 성능을 발휘하는 제품입니다.메인보드는 600A급 드라이버모스펫 채용으로 전원부 성능이 매우 뛰어나며 이러한 구성에도 가격경쟁력까지 갖추고 있어 7600 / 7800X3D 등 다양한 AM5소켓 CPU들과 구성하기에 부족함이 없는 B650M PG Riptide입니다.메모리는 라이프워런티정책으로 A/S정책 좋은 ADATA 5600클럭 JEDEC 표준 일반램입니다.그래픽카드는 RTX 4080 SUPER와 전반적으로 비슷한 게임성능에 24.03 현재 상대적으로 금액부담 덜한 RX 7900 XTX입니다. VRAM이 24GB로 좀 더 많으며 DLSS, FSR과 달리 게임의 지원유무에 관계없이 사용가능한 AFMF기능을 활용해 게임프레임을 더욱 높여볼 수 있습니다.SSD는 최대읽기속도 7,300MB/s 최대쓰기속도 6,800MB/s를 자랑하는 최상위권 PCIe 4.0 SSD인 T500입니다. 보증기간 5년 제공하며 파이슨 컨트롤러가 적용되어 있습니다.케이스는 120mm팬 6개와 수직받침대형태의 그래픽카드지지대가 기본구성되어있는 DK290입니다. 제원 상 CPU쿨러 최대호환가능높이는 165mm이며 그래픽카드 최대호환가능길이는 340mm입니다. 상단의 LED 컨트롤 버튼으로 LED모드 및 기본팬 RPM 속도 조정이 가능합니다.파워서플라이는 24.02.23. 현재 슈퍼플라워와 동일한 유통사 제품으로 고주파증상도 원활한 A/S가 가능한 SKULL 1000W 골드급 ATX3.0 풀모듈러 제품입니다. 무상보증기간 10년이며 보증기간 내 불량 발생 시 새제품 교환으로 진행되는 제품입니다.CPU쿨러는 듀얼타워공랭쿨러 가운데 탁월한 쿨링성능과 정숙성을 보여주는 Peerless Assassin 120 SE 제품입니다.",
    "quote_feedback": "라이젠 7800X3D + RX 7900 XTX 조합의 견적 구성 도와드렸습니다.CPU는 3D V캐시 적용으로 캐시 메모리 용량이 커 게임성능이 매우 좋은 7800X3D이며메모리는 16GB 2장 총 32GB 용량 맞춰드렸습니다.그래픽카드는 RTX 4080 SUPER와 전반적으로 비슷한 게임성능에 24.03 현재 상대적으로 금액부담 덜한 RX 7900 XTX입니다.VRAM이 24GB로 좀 더 많으며 DLSS, FSR과 달리 게임의 지원유무에 관계없이 사용가능한 AFMF기능을 활용해 게임프레임을 더욱 높여볼 수 있습니다.SSD는 PCIe4.0 규격의 스펙 좋은 1TB 제품이며파워는 1000W 제품으로 용량 넉넉하게 구성해드렸습니다.CPU쿨러는 상급 듀얼타워공랭쿨러로 마무리했습니다."
}