{
    "quote_number": "4066",
    "quote_title": "AMD 라이젠9-5세대 7900 + 지포스 RTX 4060 Ti",
    "date_create": "2024.3.10",
    "cpu_gpu_combinations": "라이젠9 7900 + RTX 4060 Ti 조합",
    "quotation_summary": " AMD 라이젠9-5세대 7900 + 지포스 RTX 4060 Ti# 게임용",
    "quote_person_introduction": "안녕하세요! 인벤에서 주로 활동하고 있는 Skywalkers입니다.가성비와 성능비 그리고 감성비까지 모두 고려해서 가장 합리적인 구성을 찾을 수 있도록 추천을 드리겠습니다.",
    "quotations_quotations_description": "[CPU]AMD 라이젠9-5세대 7900 (라파엘) (멀티팩(정품))상세보기[메인보드]ASRock B650M PG Riptide 대원씨티에스상세보기[메모리]패트리어트 PATRIOT DDR5-5600 CL46 SIGNATURE (32GB) x 2 개상세보기[그래픽카드]갤럭시 BOY 지포스 RTX 4060 Ti OC D6 8GB상세보기[SSD]삼성전자 PM9A1 M.2 NVMe 벌크 (1TB)상세보기[케이스]BITFENIX TRACERY Black (미들타워)상세보기[파워서플라이]쿨러마스터 G800 GOLD상세보기[CPU쿨러]PentaWave S06D LE ARGB상세보기[조립PC관련][견적왕] 조립 서비스 + 1년 출장 A/S상세보기CPU는 압도적인 전성비로 인한 말도 안되는 낮은 온도의  12코어 24쓰레드 CPU\n온도 제어가 힘든 고성능 CPU에 있어서 가성비 공랭 CPU쿨러로 온도 제어가 가능한 별종인 제품파워서플라이는 안정성과 가성비를 겸비한 골드인증 800W 파워",
    "quote_feedback": "1. 구성하신 메모리는 현재 유통사가 얼마 없어서 카드가 품절이 되고 견적왕의 최대 메리트라고 할 수 있는 견적비교가 되지 않습니다.많은 업체에서 유통하고 있고 SK하이닉스 모듈을 적용하여 안정적으로 사용할 수 있는 패트리어트 PATRIOT DDR5-5600 CL46 SIGNATURE (32GB) x 2 개 64기가로 변경2. 케이스는 4개의 HDD 장착을 지원하는 미들타워로 5V ARGB & PWM 허브도 제공하는 BITFENIX TRACERY Black (미들타워)로 변경3. 파워는 정격 800W 골드인증 제품인 쿨러마스터 G800 GOLD로 변경해서 안정성과 가성비를 모두 챙겼습니다.4. CPU쿨러는 케이스와 잘 어울리면서 5V ARGB 허브에 연결해서 케이스 시스템 팬과 연동을 할 수 있는 대장급 성능의 듀얼타워 공랭쿨러 중에서는 압도적인 가성비를 제공하는 PentaWave S06D LE ARGB로 변경참고해서 합리적인 구매하시기 바랍니다."
}