{
    "quote_number": "4115",
    "quote_title": "12400F + RTX 4060 (HDMI 케이블 추가)",
    "date_create": "2024.3.10",
    "cpu_gpu_combinations": "코어i5-12400F + RTX 4060 조합",
    "quotation_summary": " 12400F + RTX 4060 (HDMI 케이블 추가)# 12400F + RTX 4060 (HDMI 케이블 추가)",
    "quote_person_introduction": "퀘이사존, 다나와, 쿨엔에서 활동 중인  잉여인간17호입니다.다양한 필테 경력과 컴덕질을 경험삼아 도움 드리고자 합니다.어떠한 스폰도 받지 않는 유저 입장에서 직접 사용해보고 테스트한 견적 위주로 견적드리겠습니다.",
    "quotations_quotations_description": "[CPU]인텔 코어i5-12세대 12400F (엘더레이크)(벌크)상세보기[메인보드]ASRock B760M PG LIGHTNING D5 대원씨티에스상세보기[메모리]TeamGroup DDR5-5600 CL46 Elite (16GB) x 2 개상세보기[그래픽카드]이엠텍 지포스 RTX 4060 MIRACLE BLACK D6 8GB상세보기[SSD]삼성전자 PM9A1 M.2 NVMe 벌크 (512GB)상세보기[케이스]DARKFLASH DK290 Air MESH RGB 강화유리 블랙 (미들타워)상세보기[파워서플라이]마이크로닉스 Classic II 풀체인지 600W 80PLUS BRONZE 230V EU상세보기[CPU쿨러]PentaWave Z04E SRB ARGB상세보기[케이블/AV(영상.음성)통합관련]강원전자 NETmate NMC-HB10Z 4K 60Hz HDMI 2.0 케이블 1m상세보기[조립PC관련][견적왕] 조립 서비스 + 1년 출장 A/S상세보기CPU는 인텔 12세대 CPU로 현재 시점에선 13400F보단 가성비가 좋습니다.케이스는 버튼 하나로 RGB LED와 PWM(팬 속 조절)이 가능한 스마트한 쿨링팬에 그래픽카드 지지대 기본 구성 등 가성비가 뛰어난 케이스입니다.파워서플라이는 스테디셀러 파워인 마닉 풀체인지가 브론즈 등급에 AS기간도 7년으로 늘었고, 제로팬으로 정숙성도 뛰어나고 애프터쿨링으로 내구성을 높여 메리트도 높고 가격대도 좋습니다.",
    "quote_feedback": "12400F + RTX 4060 (HDMI 케이블 추가)"
}