{
    "quote_number": "4135",
    "quote_title": "코어i7-14세대 14700KF + 지포스 RTX 4070",
    "date_create": "2024.3.11",
    "cpu_gpu_combinations": "코어i7-14700K + RTX 4070 조합",
    "quotation_summary": " 코어i7-14세대 14700KF + 지포스 RTX 4070# 사무용",
    "quote_person_introduction": "안녕하세요! 인벤에서 주로 활동하고 있는 Skywalkers입니다.가성비와 성능비 그리고 감성비까지 모두 고려해서 가장 합리적인 구성을 찾을 수 있도록 추천을 드리겠습니다.",
    "quotations_quotations_description": "[CPU]코어i7-14세대 14700K (랩터레이크)(벌크)상세보기[메인보드]MSI MAG Z790 토마호크 맥스 WIFI상세보기[메모리]패트리어트 PATRIOT DDR5-5600 CL46 SIGNATURE (32GB) x 2 개상세보기[그래픽카드]갤럭시 GALAX 지포스 RTX 4070 2X D6X 12GB상세보기[SSD]삼성전자 PM9A1 M.2 NVMe 벌크 (512GB)상세보기[SSD]삼성전자 PM9A1 M2 NVMe 병행수입 (1TB)상세보기[케이스]3RSYS L700 LITE (미들타워)상세보기[파워서플라이]쿨러마스터 G800 GOLD상세보기[CPU쿨러]DARKFLASH NEBULA DN-360 ARGB (블랙)상세보기[소프트웨어]Microsoft Windows 11 Home (처음사용자용 한글)상세보기[모니터]크로스오버 Q32V75 QHD IPS 75 무결점상세보기[조립PC관련]수랭 쿨러 조립 추가 비용상세보기[조립PC관련][견적왕] 조립 서비스 + 1년 출장 A/S상세보기파워서플라이는 안정성과 가성비를 겸비한 골드인증 800W 파워CPU쿨러는 CPU쿨러는 대장급 성능의 3열 수냉쿨러 중에서는 압도적인 가성비를 제공하는 DARKFLASH NEBULA DN-360 ARGB (블랙)",
    "quote_feedback": "1. CPU는 20코어 28스레드로 작업하기에 가장 효율적인 제품인 14700K로 구성2. 메인보드는 1440A급 출력의 드라이버 모스펫 전원부에 와이파이&블루투스 모듈이 적용되어 있는 MSI MAG Z790 토마호크 맥스 WIFI로 구성3. 메모리는 라이프타임 워런티로 압도적인 AS기간을 제공하고 SK하이직스 모듈을 적용하여 안정적으로 사용할 수 있는  패트리어트 5600MHz 고클럭 규격램 32기가 2개 64기가로 구성4. 그래픽카드는 1티어 AS에 가격적인 메리트도 높은 갤럭시 GALAX 지포스 RTX 4070 2X D6X 12GB로 구성5. 언리얼 엔진의 경우 OS 드라이브와 데이터 드라이브를 나눠서 사용하는 것이 일반적이라 OS용으로 사용하는 젠4 제품 중 넘사벽 갓성비의 삼성전자 980PRO OEM버전인 삼성전자 PM9A1 M.2 NVMe 벌크 (512GB)로 데이터 드라이브로 사용하는 삼성전자 PM9A1 M2 NVMe 병행수입 (1TB)로 구성6. 케이스는 상단 3열 수냉쿨러 장착이 가능하고 원터치 스냅도어와 C타입 포트 등을 적용하고서도 가격을 대폭 인하하여 새롭게 출시한 갓성비 제품인 3RSYS L700 LITE (미들타워)로 구성7. 파워는 정격 800W 골드인증 제품인 쿨러마스터 G800 GOLD로 구성해서 안정성과 가성비를 모두 챙겼습니다.8. CPU쿨러는 대장급 성능의 3열 수냉쿨러 중에서는 압도적인 가성비를 제공하는 DARKFLASH NEBULA DN-360 ARGB (블랙)으로 구성9. 모니터는 가장 선호되는 IPS패널에 32인치 QHD해상도 제품인 크로스오버 Q32V75 QHD IPS 75 무결점으로 구성참고해서 합리적인 구매하시기 바랍니다."
}