{
    "quote_number": "4174",
    "quote_title": "AMD 라이젠7-5세대 7700 + 지포스 RTX 4060",
    "date_create": "2024.3.12",
    "cpu_gpu_combinations": "라이젠7 7700 + RTX 4060 조합",
    "quotation_summary": " AMD 라이젠7-5세대 7700 + 지포스 RTX 4060# 사무용",
    "quote_person_introduction": "안녕하세요! 인벤에서 주로 활동하고 있는 Skywalkers입니다.가성비와 성능비 그리고 감성비까지 모두 고려해서 가장 합리적인 구성을 찾을 수 있도록 추천을 드리겠습니다.",
    "quotations_quotations_description": "[CPU]AMD 라이젠7-5세대 7700 (라파엘) (멀티팩(정품))상세보기[메인보드]ASRock B650M PG Riptide 대원씨티에스상세보기[메모리]TeamGroup DDR5-5600 CL46 Elite (16GB) x 2 개상세보기[그래픽카드]갤럭시 BOY 지포스 RTX 4060 2X OC V2 D6 8GB상세보기[SSD]삼성전자 PM9A1 M2 NVMe 병행수입 (1TB)상세보기[데스크탑 HDD]Western Digital WD BLUE 5400/256M (WD40EZAX, 4TB)상세보기[케이스]몬스타 가츠 X420A 블랙 (미들타워)상세보기[파워서플라이](마이크로닉스) New Performance 600W 80Plus Bronze Change-up /파워상세보기[CPU쿨러]3RSYS Socoool RC1200 ARGB상세보기[조립PC관련][견적왕] 조립 서비스 + 1년 출장 A/S상세보기",
    "quote_feedback": "1. 업그레이드까지 염두에 둔다면 이번세대로 소켓 지원이 끝나는 인텔보다는 최대 2027년까지 소켓 유지가 확정된 AMD로 구성하는 것이 좋습니다. 인텔은 업그레이드를 한다면 메인보드와 CPU를 함께 변경해야 하지만 AMD는 소켓 지원 마지막 세대에서 CPU만 변경해주면 몇 년은 더 쨍쨍하게 사용이 가능해 집니다. 8코어 16스레드로 사용목적에 맞는 7700으로 구성2. 메인보드는 업그레이드까지 고려해서 600A급 출력의 드라이버 모스펫 전원부가 적용되어 있는 ASRock B650M PG Riptide 대원씨티에스로 구성3. 메모리는 라이프타임 워런티로 압도적인 AS기간을 제공하는 팀그룹 5600MHz 고클럭 규격램 16기가 2개 32기가로 구성4. 그래픽카드는 1티어 AS에 가격적인 메리트도 높은 갤럭시 BOY 지포스 RTX 4060 2X OC V2 D6 8GB로 구성5. SSD는 젠4 제품 중 넘사벽 갓성비의 삼성전자 980PRO OEM버전인 삼성전자 PM9A1 M2 NVMe 병행수입 (1TB)으로 구성했고 HDD는 PMR방식의 4TB 제품으로 구성했습니다.(SSD 1테라 + 하드 3~4테라 라면 로딩이나 그런걸로 버벅일까요?) - > 아니요. 버벅이지 않습니다. 이렇게 구성하는 것이 가장 효율적입니다.6. 케이스는 보급형 끝판왕급 가성비 제품인 몬스타 가츠 X420A 블랙 (미들타워)로 구성7. 파워는 정격 600W 브론즈 인증 제품 중에서는 최상위 퀄리티면서 최근 7만원 중후반 대에서 5만원 초반 대로 가격을 대폭 인하하여 갓성비가 된 (마이크로닉스) New Performance 600W 80Plus Bronze Change-up으로 구성8. CPU쿨러는 대장급 성능의 듀얼타워 공랭쿨러 중에서는 압도적인 가성비를 제공하는 3RSYS Socoool RC1200 ARGB로 구성참고해서 합리적인 구매하시기 바랍니다."
}