{
    "quote_number": "4210",
    "quote_title": "7500F + RX 7800XT 아이구주 M-CUBE 화이트",
    "date_create": "2024.3.12",
    "cpu_gpu_combinations": "라이젠5 7500F + RX 7800 XT 조합",
    "quotation_summary": " 7500F + RX 7800XT 아이구주 M-CUBE 화이트# 7500F + RX 7800XT 아이구주 M-CUBE 화이트",
    "quote_person_introduction": "퀘이사존, 다나와, 쿨엔에서 활동 중인  잉여인간17호입니다.다양한 필테 경력과 컴덕질을 경험삼아 도움 드리고자 합니다.어떠한 스폰도 받지 않는 유저 입장에서 직접 사용해보고 테스트한 견적 위주로 견적드리겠습니다.",
    "quotations_quotations_description": "[CPU]AMD 라이젠5-5세대 7500F (라파엘) (멀티팩(정품))상세보기[메인보드]ASRock A620M-HDV/M.2 대원씨티에스상세보기[그래픽카드]SAPPHIRE 라데온 RX 7800 XT PURE OC D6 16GB상세보기[케이스]아이구주 M-CUBE 화이트 (미니타워)상세보기[파워서플라이]topower Guardian TOP-700DG Single Rail 80PLUS BRONZE WHITE상세보기[CPU쿨러]3RSYS Socoool RC1200 ARGB (WHITE)상세보기[이벤트특가][SSD + RAM] 마이크론 Crucial T500 1TB + Crucial DDR5-5600 (32GB(16Gx2)) 패키지 대원씨티에스상세보기[쿨러.튜닝.조명.액세서리]케이엘시스템 KLcom M.2 2280 방열판 (SILVER)상세보기[조립PC관련][견적왕] 조립 서비스 + 1년 출장 A/S상세보기CPU는 최고의 게이밍 가성비 CPU입니다파워서플라이는 엔트리 라인에서 화이트 감성을 위한 화이트 파워입니다.",
    "quote_feedback": "7500F + RX 7800XT 아이구주 M-CUBE 화이트"
}