{
    "quote_number": "4226",
    "quote_title": "인텔 코어i5-14세대 14500",
    "date_create": "2024.3.13",
    "cpu_gpu_combinations": "코어i5-14500 +  조합",
    "quotation_summary": " 인텔 코어i5-14세대 14500# 사무용",
    "quote_person_introduction": "안녕하세요! 인벤에서 주로 활동하고 있는 Skywalkers입니다.가성비와 성능비 그리고 감성비까지 모두 고려해서 가장 합리적인 구성을 찾을 수 있도록 추천을 드리겠습니다.",
    "quotations_quotations_description": "[CPU]인텔 코어i5-14세대 14500 (랩터레이크 리프레시) (벌크)상세보기[메인보드]ASRock B760M PG LIGHTNING D5 대원씨티에스상세보기[메모리]TeamGroup DDR5-5600 CL46 Elite (16GB) x 2 개상세보기[SSD]삼성전자 PM9A1 M2 NVMe 병행수입 (1TB)상세보기[케이스]몬스타 가츠 X420A 블랙 (미들타워)상세보기[파워서플라이]몬스타 가츠 ExtremeX FX800 80PLUS STANDARD상세보기[CPU쿨러]PentaWave Z04E SRB ARGB상세보기[조립PC관련][견적왕] 조립 서비스 + 1년 출장 A/S상세보기",
    "quote_feedback": "1. 인텔은 12세대부터 벌크도 정품과 동일한 3년 무상 AS를 제공합니다.정품 박스가 꼭 필요한 것이 아니라면 벌크로 구성하는 것이 보다 효율적입니다. 14500 벌크로 변경2. 14500은 온도가 아주 낮은 편이라 메인보드와 CPU쿨러의 선택이 아주 자유로운 편입니다.드라이버 모스펫 전원부와 풀 히트싱크가 적용되어 있으면서도 가성비가 아주 좋은 ASRock B760M PG LIGHTNING D5 대원씨티에스로 변경3. 삼성 램의 경우 불량 이슈가 크게 터졌던 터라 메모리는 라이프타임 워런티로 압도적인 AS기간을 제공하는 팀그룹 5600MHz 고클럭 규격램 16기가 2개 32기가로 변경4. 작업에 있어서 체감이 가장 크게되는 부품 중에 하나가 SSD입니다. 구성하신 P31은 NVMe 규격에서는 속도가 가장 느린 젠3 제품입니다. 젠3 보다 2배 더 빠른 젠4 제품 중 넘사벽 갓성비의 삼성전자 980PRO OEM버전인 삼성전자 PM9A1 M2 NVMe 병행수입 (1TB)으로 변경5. 케이스는 보급형 끝판왕급 가성비 제품인 몬스타 가츠 X420A 블랙 (미들타워)로 변경6. 파워는 6년 무상AS에 무려 9종에 달하는 보호회로를 적용하여 안정성에 몰빵을 하고서도 가격은 아주 착한 수준으로 출시가 되었고 현재 출시 이벤트로 가격을 더 인하해서 판매 중이라 갓성비 중에서도 갓성비라고 할 수 있는 몬스타 가츠 ExtremeX FX800 80PLUS STANDARD로 변경업그레이드까지 고려해서 800W 고용량의 제품으로 추천드리구요. 4070 SUPER급 그래픽카드까지는 커버가 가능한 제품입니다.7. CPU쿨러는 싱글타워 끝판왕급 성능에 케이스와도 잘 어울리고 성능도 좋고 ARGB를 지원하는 제품 중에서는 가격적인 메리트도 가장 높은 갓성비 제품인 PentaWave Z04E SRB ARGB로 구성참고해서 합리적인 구매하시기 바랍니다."
}