{
    "quote_number": "4284",
    "quote_title": "14600K 개발 및 코딩, 워크스테이션",
    "date_create": "2024.3.15",
    "cpu_gpu_combinations": "코어i5-14600K +  조합",
    "quotation_summary": " 14600K 개발 및 코딩, 워크스테이션# 14600K 개발 및 코딩# 워크스테이션",
    "quote_person_introduction": "퀘이사존, 다나와, 쿨엔에서 활동 중인  잉여인간17호입니다.다양한 필테 경력과 컴덕질을 경험삼아 도움 드리고자 합니다.어떠한 스폰도 받지 않는 유저 입장에서 직접 사용해보고 테스트한 견적 위주로 견적드리겠습니다.",
    "quotations_quotations_description": "[CPU]코어i5-14세대 14600K (랩터레이크)(벌크)상세보기[메인보드]ASRock B760M PG Riptide D5 디앤디컴상세보기[메모리]GeIL DDR5-4800 CL40 PRISTINE V (16GB)상세보기[SSD]장우컴퍼니 PM9A1 M.2 NVMe 병행수입 (1TB) 삼성전자상세보기[케이스]몬스타 가츠 X320M 블랙 (미니타워)상세보기[파워서플라이]쿨러마스터 MWE 500 BRONZE V2 230V상세보기[CPU쿨러]PentaWave S06D LE ARGB상세보기[조립PC관련][견적왕] 조립 서비스 + 1년 출장 A/S상세보기[조립PC관련]수랭 쿨러 조립 추가 비용상세보기파워서플라이는 가성비 좋은 쿨러마스터의 500W 브론즈 효율 파워입니다.",
    "quote_feedback": "14600K 개발 및 코딩, 워크스테이션"
}