{
    "quote_number": "4288",
    "quote_title": "AMD 라이젠5-5세대 7500F + 지포스 RTX 4060",
    "date_create": "2024.3.15",
    "cpu_gpu_combinations": "라이젠5 7500F + RTX 4060 조합",
    "quotation_summary": " AMD 라이젠5-5세대 7500F + 지포스 RTX 4060# 게임용",
    "quote_person_introduction": "안녕하세요! 인벤에서 주로 활동하고 있는 Skywalkers입니다.가성비와 성능비 그리고 감성비까지 모두 고려해서 가장 합리적인 구성을 찾을 수 있도록 추천을 드리겠습니다.",
    "quotations_quotations_description": "[CPU]AMD 라이젠5-5세대 7500F (라파엘) (멀티팩(정품))상세보기[메인보드]ASUS EX B650M-V7 대원씨티에스상세보기[메모리]TeamGroup DDR5-5600 CL46 Elite Plus 실버 서린 (16GB) x 2 개상세보기[그래픽카드]ZOTAC GAMING 지포스 RTX 4060 TWIN Edge OC D6 8GB White상세보기[SSD]삼성전자 PM9A1 M2 NVMe 병행수입 (1TB)상세보기[케이스]몬스타 가츠 X620A 리버스 화이트 (미들타워)상세보기[파워서플라이]topower Guardian TOP-600DG Single Rail 80PLUS BRONZE WHITE상세보기[CPU쿨러]3RSYS TEAMMOST TM41 ARGB (WHITE)상세보기[소프트웨어]Microsoft Windows 11 Home (처음사용자용 한글)상세보기[모니터]한성컴퓨터 TFG30F20W 울트라와이드 200 게이밍 무결점상세보기[쿨러.튜닝.조명.액세서리]케이엘시스템 KLcom M.2 2280 방열판 (SILVER)상세보기[조립PC관련][견적왕] 조립 서비스 + 1년 출장 A/S상세보기그래픽카드는 작고 귀엽고 이쁜 정품등록 시 AS 3+2년의 조탁 제품케이스는 흔히 어항케이스라고 불리우는 디자인이 적용된 X620A 리버스입니다. CPU쿨러 최대호환가능높이 165mm, 그래픽카드 최대호환가능길이 430mm 제원을 가졌으며 ATX 사이즈 메인보드까지 호환가능한 미들타워 제품입니다. 측면 120mm 기본팬 3개, 후면 120mm 기본팬 1개 총 4개를 제공하며 ARGB를 지원하여 메인보드 제조사 프로그램을 통해 색상 조정이 가능합니다.파워서플라이는 topower사의 600W 브론즈등급 화이트색상 제품입니다. A/S보증기간 7년을 제공하고 화이트 색상 제품이라 화이트감성 PC에 알맞는 제품입니다.",
    "quote_feedback": "1. 7500F와 7600은 본인의 선택에 따라 가시면 됩니다. 보통은 가성비가 좋은ㅋ 7500F로 추천을 하는 편이죠.2. 비슷한 금액대에 전원부 히트싱크가 적용된 ASUS EX B650M-V7 대원씨티에스로 추천하구요.3. 일반 램에 방열판을 추가하는 것보다는 방열판이 적용되어 있는 TeamGroup DDR5-5600 CL46 Elite Plus 실버 서린 (16GB)으로 구성하고 방열판을 제외하는 것이 더 효율적입니다.4. 차이를 떠나서 3060 12GB는 단종이고 가격적인 메리트도 없습니다. 성능도 4060이 더 좋죠. 그리고 이엠텍 4060 화이트는 현재 유통업체가 없어서 조택 4060 화이트로 추천하구요.5. SSD는 젠4 제품 중 넘사벽 갓성비의 삼성전자 980PRO OEM버전인 삼성전자 PM9A1 M2 NVMe 병행수입 (1TB)으로 추천6. DAVEN AQUARIUM 화이트 (미들타워)는 C타입 단자 미적용에 USB 단자도 2개만 제공하고 강판도 얇아서 원가절감한 티가 많이 납니다. 몬스타 가츠 X620A 리버스 화이트 (미들타워)로 추천7. 파워는 7년 무상 AS에 브론즈 인증, 140mm 팬 장착, 12V 가용력 100%, 성능으로 세계적에서 유명한 국산 삼영콘덴서를 메인콘덴서로 채용, 6종 보호회로 적용 등 가격대비 퀄리티는 최고수준으로 보급형에서는 끝판왕급인 탑파워 가디언으로 강추하구요.8. ARGB가 적혀있는 쿨러들은 모두 직접 설정할 수 있습니다. CPU쿨러는 싱글타워 끝판왕급 성능에 케이스와도 잘 어울리고 성능도 좋고 ARGB를 지원하는 제품 중에서는 가격적인 메리트도 가장 높은 갓성비 제품인 PentaWave Z04E SRB ARGB로 추천9. DSP는 1회성 제품이라 추천하지 않습니다. 처음사용자용으로 구성해야 하구요.10. 앞서 언급했듯이 방열판 있는 메모리로 구성하는 것이 효율적이라 메모리를 변경하는 것이 좋구요.11. sdd 방열판은 저렴한 케이엘시스템 KLcom M.2 2280 방열판 (SILVER)로 구성하면 됩니다.12. 모니터는 구성한 제품으로 진행하면 됩니다.13. 부품 수정해드렸으니 참고해서 합리적인 구매하시기 바랍니다."
}