{
    "quote_number": "4302",
    "quote_title": "200만원 문서작업 주식투자 다중모니터 라이젠 7500F + RX 7600 윈도우포함 모니터2대포함 사무용 컴퓨터 견적",
    "date_create": "2024.3.15",
    "cpu_gpu_combinations": "라이젠5 7500F + RX 7600 조합",
    "quotation_summary": " 라이젠 7500F / RX 7600 / RAM 32GB / SSD 1TB / 윈도우포함 / 모니터 2대 포함# 사무용# 윈도우포함# 모니터2대포함# 다중모니터 구성# 문서작업# 주식투자# 웹서핑# 영상시청",
    "quote_person_introduction": "안녕하세요. 로카프입니다.우리 주변에는 아직 컴퓨터 견적구성을 어떻게 할 지 몰라 고민에 빠지는 분들이 많이 계십니다.성능은 괜찮을까? 고장은 나지 않을까? 가격은 괜찮은건가? 이런 고민들을 한 번쯤은 해보셨을 겁니다.용도에 알맞는 성능과 합리적인 가격, 최우선으로 안정성과 신뢰도 높은 부품들로 구성된 견적을 추천해드리겠습니다.컴퓨터를 처음 알아보시는 분들의 입장에서 생각하고 견적을 구성해드리는 견적맨이 되겠습니다.",
    "quotations_quotations_description": "[CPU]AMD 라이젠5-5세대 7500F (라파엘) (멀티팩(정품))상세보기[메인보드]ASRock B650M PG Lightning 대원씨티에스상세보기[메모리]ADATA DDR5-5600 CL46-45-45 (16GB) x 2 개상세보기[그래픽카드]ASRock 라데온 RX 7600 CHALLENGER OC D6 8GB 대원씨티에스상세보기[SSD]마이크론 Crucial T500 M.2 NVMe 대원씨티에스 (1TB)상세보기[케이스]DAVEN D6 MESH 강화유리 블랙 (미들타워)상세보기[파워서플라이]SuperFlower SF-600R12ST MEGA 80PLUS STANDARD 230V EU상세보기[CPU쿨러]DARKFLASH Ellsworth S21 (블랙)상세보기[소프트웨어]Microsoft Windows 11 Home (처음사용자용 한글)상세보기[모니터]LG전자 27QN600 x 2 개상세보기[쿨러.튜닝.조명.액세서리]케이엘시스템 KLcom M.2 2280 방열판 (BLACK)상세보기[조립PC관련][견적왕] 조립 서비스 + 1년 출장 A/S상세보기CPU는 6코어 12쓰레드 구조로 라이젠 7600과 성능 차이가 크지않으면서 내장그래픽이 없어 금액부담 덜 수 있는 제품입니다.메인보드는 B650칩셋 제품으로 PBO와 커브옵티마이저 기능 사용이 가능하며 드라이버모스펫을 사용한 B650M PG Lightning입니다. 3개의 5V ARGB 헤더가 구성되어 있어 각종 ARGB 부품을 연결하는 데 있어 용이합니다.메모리는 라이프워런티정책으로 A/S정책 좋은 ADATA 5600클럭 JEDEC 표준 일반램입니다.그래픽카드는 RTX 3060 12GB와 비슷한 금액대에서 좀 더 좋은성능, RTX 4060과 비슷한 게임성능을 보여주는 RX7600입니다.SSD는 최대읽기속도 7,300MB/s 최대쓰기속도 6,800MB/s를 자랑하는 최상위권 PCIe 4.0 SSD인 T500입니다. 보증기간 5년 제공하며 파이슨 컨트롤러가 적용되어 있습니다.케이스는 기본팬 6개를 제공하며 CPU쿨러 최대 173mm, 그래픽카드 최대 330mm까지 지원가능한 D6 MESH 제품입니다. 케이스 LED 제어 스위치가 있어 사용자의 취향에 맞춰 RGB를 켜고 끌 수 있으며 상단 280mm 수랭쿨러까지 구성가능합니다.파워서플라이는 국내 유통중인 파워중 A/S정책이 가장 좋은 슈퍼플라워사의 600W 파워입니다. 고주파 증상 발생 시에도 원활한 A/S 진행이 가능합니다!CPU쿨러는 2~3만원대 쿨러 중 가성비가 뛰어난 제품으로, AM4소켓 CPU 구성시 발생할 수 있는 무뽑기 파손증상 방지키트가 구성품에 포함되어 있습니다.소프트웨어는 처음사용자용 제품이라 추후 PC를 바꾸시더라도 다시 윈도우를 구매하실 필요 없이 기존 시리얼키로 인증하신 뒤 재사용이 가능합니다. 단, 시리얼키 하나 당 PC 1대만 사용이 가능한 점은 동일합니다.쿨러.튜닝.조명.액세서리는 가격 부담 크지 않은 M.2 SSD 방열판입니다. 메인보드에 M.2 SSD 방열판이 기본적으로 구성되어있지 않거나 갯수가 부족할 때 사용하시면 좋습니다.",
    "quote_feedback": "라이젠 7500F + RX 7600 조합의 견적 구성 도와드렸습니다.CPU는 100~200만원대 견적 구성 시 가성비 좋은 라이젠 7500F이며메인보드는 PBO와 커브 옵티마이저 기능 사용가능한 B650칩셋 제품입니다.메모리는 16GB 2장 총 32GB 용량 맞춰드렸습니다.그래픽카드는 다중모니터 사용환경을 고려해 추가해드렸으며SSD는 PCIe4.0규격의 상위스펙 1TB 제품 선택했습니다.CPU쿨러는 싱글타워공랭쿨러로 마무리했습니다.윈도우는 처음사용자용 제품으로 포함했으므로 추후 PC 교체 시재구매하실 필요 없이 인증 옮겨서 지속적으로 사용하실 수 있습니다.모니터는 게임용도는 아니시므로 고주사율 제품은 아니지만27인치 QHD해상도 IPS패널 제품 2대 포함해드렸습니다."
}