{
    "quote_number": "4322",
    "quote_title": "AMD 라이젠7-5세대 7800X3D + 지포스 RTX 4080 SUPER",
    "date_create": "2024.3.15",
    "cpu_gpu_combinations": "라이젠7 7800X3D + RTX 4080 SUPER 조합",
    "quotation_summary": " AMD 라이젠7-5세대 7800X3D + 지포스 RTX 4080 SUPER# 게임",
    "quote_person_introduction": "안녕하세요! 인벤에서 주로 활동하고 있는 Skywalkers입니다.가성비와 성능비 그리고 감성비까지 모두 고려해서 가장 합리적인 구성을 찾을 수 있도록 추천을 드리겠습니다.",
    "quotations_quotations_description": "[CPU]AMD 라이젠7-5세대 7800X3D (라파엘) (멀티팩(정품))상세보기[메인보드]GIGABYTE B650M AORUS ELITE AX ICE 피씨디렉트상세보기[메모리]ESSENCORE KLEVV DDR5-5600 CL46 (16GB) x 2 개상세보기[그래픽카드]ZOTAC GAMING 지포스 RTX 4080 SUPER Trinity OC D6X 16GB White상세보기[SSD]마이크론 Crucial T500 M.2 NVMe 대원씨티에스 (1TB)상세보기[SSD]마이크론 Crucial T500 M.2 NVMe 대원씨티에스 (2TB)상세보기[데스크탑 HDD]Toshiba 4TB N300 HDWQ140 (SATA3/7200/128M)상세보기[케이스]3RSYS R640 Quiet 화이트 (미들타워)상세보기[파워서플라이]NEWZEN SKULL 850SM MODULAR ATX 3.0 80PLUS GOLD WHITE (PCIE5)상세보기[CPU쿨러]3RSYS Socoool RC 1800 Quiet ARGB (WHITE)상세보기[소프트웨어]Microsoft Windows 11 Home (처음사용자용 한글)상세보기[쿨러.튜닝.조명.액세서리]3RSYS SILENCE XY 120 ARGB (WHITE) x 3 개상세보기[조립PC관련][견적왕] 조립 서비스 + 1년 출장 A/S상세보기메모리는 하이닉스 A다이 메모리\n인식률 호환성 안정성 굳!SSD는 PCI-E 4.0 새롭게 떠오르는 가성비 SSD",
    "quote_feedback": "1. 지금 구성에서 듀얼타워 공랭쿨러로 조립하게 되면 메모리 슬롯을 다 덮어버려서 메모리가 보이지 않게 됩니다. 품절된 메모리를 기다리기 보다는 어차피 보이지 않는데 규격램으로 구성해도 상관은 없습니다.7800X3D는 100MB에 육박하는 L3 캐시 메모리로 게임을 박살 내버리는 타입이라 다른 CPU에 비해서 메모리 클럭의 영향을 덜 받기도 하구요. 즉 5600이든 6000이든 클럭 차이에 따른 게임 체감이 되지 않습니다.뭔가 아쉽다면 화이트 메모리 방열판을 추가하는 것도 고려하시면 되구요.2. SSD는 최근에 출시한 젠4 규격의 끝판왕급 제품이라고 할 수 있고 가격적인 메리트도 높은 편인 마이크론 Crucial T500 M.2 NVMe 1TB/2TB로 변경3. HDD는 PMR 방식의 원천기술을 가지고 있고 나스용이라 안정성도 높으면서 AS기간도 긴 Toshiba 4TB N300 HDWQ140 (SATA3/7200/128M)로 변경참고해서 합리적인 구매하시기 바랍니다."
}