{
    "quote_number": "4334",
    "quote_title": "AMD 라이젠5-5세대 7600 + 라데온 RX 6800",
    "date_create": "2024.3.16",
    "cpu_gpu_combinations": "라이젠5 7600 + RX 6800 조합",
    "quotation_summary": " AMD 라이젠5-5세대 7600 + 라데온 RX 6800# 게임용",
    "quote_person_introduction": "안녕하세요! 인벤에서 주로 활동하고 있는 Skywalkers입니다.가성비와 성능비 그리고 감성비까지 모두 고려해서 가장 합리적인 구성을 찾을 수 있도록 추천을 드리겠습니다.",
    "quotations_quotations_description": "[CPU]AMD 라이젠5-5세대 7600 (라파엘) (멀티팩(정품))상세보기[메인보드]ASRock B650M PG Lightning 에즈윈상세보기[메모리]ESSENCORE KLEVV DDR5-5600 CL46 (16GB) x 2 개상세보기[그래픽카드]XFX 라데온 RX 6800 SWFT 319 CORE D6 16GB상세보기[SSD]삼성전자 PM9A1 M2 NVMe 병행수입 (1TB)상세보기[케이스]EDDY A1 RGB MESH 강화유리 (미들타워)상세보기[파워서플라이]몬스타 가츠 ExtremeX FX800 80PLUS STANDARD상세보기[CPU쿨러]PentaWave Z04E SRB ARGB상세보기[쿨러.튜닝.조명.액세서리]케이엘시스템 KLcom M.2 2280 방열판 (BLACK)상세보기[조립PC관련][견적왕] 조립 서비스 + 1년 출장 A/S상세보기CPU는 라파엘 논X 제품의 막내로 높은 전성비와 게임 성능으로 DDR5 시스템 가성비 게이밍 라인의 최강자 CPU메모리는 하이닉스 A다이 메모리\n인식률 호환성 안정성 굳!그래픽카드는 RTX 4070 바로 아랫 등급!\nRTX 4060 Ti보다 월등히 좋지만 더 좋은 가성비 제품!쿨러.튜닝.조명.액세서리는 높은 NVMe SSD의 온도를 제어해 줄 가성비 좋은 SSD 방열판",
    "quote_feedback": "1. 메모리는 SK하이닉스 모듈을 사용하여 안정적으로 사용할 수 있는 현 시점 가장 믿을만한 제품 중에 하나인 ESSENCORE KLEVV DDR5-5600 CL46 (16GB) x 2개로 변경2. 그래픽카드는 이전 세대 하이엔드급 성능인 3070 Ti 보다도 깡성능이 더 높은 넘사벽 갓성비 제품이라고 할 수 있는 XFX 라데온 RX 6800 SWFT 319 CORE D6 16GB로 변경AFMF 설정시 4070 TI 이상의 프레임도 기대할 수 있는 메리트가 아주 높은 제품입니다.https://youtu.be/K2Hg-CM6U6A그래픽카드 가성비 비교표 3월 ( SUPER 포함, 3050 6G, 7900GRE 포함) - 신성조 <- 그래픽카드 선택에 도움이 될 영상 링크해드립니다. 시청하시면 도움이 아주 많이 될 겁니다.3. 구성하신 SSD는 NVMe 규격 중에서 가장 느린 젠3 제품입니다.젠3 보다 2배 더 빠른 젠4 제품 중 넘사벽 갓성비의 삼성전자 980PRO OEM버전인 삼성전자 PM9A1 M2 NVMe 병행수입 (1TB)으로 변경했고, 저렴한 방열판도 하나 추가했습니다.4. 케이스는 340mm 그래픽카드를 수용할 수 있고 식스팬이 적용과 LED 설정 및 팬 속도 조절까지 되는 갓성비 수준의 제품인 EDDY A1 RGB MESH 강화유리 (미들타워)로 변경5. 파워는 6년 무상AS에 무려 9종에 달하는 보호회로를 적용하여 안정성에 몰빵을 하고서도 가격은 아주 착한 수준으로 출시가 되었고 현재 출시 이벤트로 가격을 더 인하해서 판매 중이라 갓성비 중에서도 갓성비라고 할 수 있는 몬스타 가츠 ExtremeX FX800 80PLUS STANDARD로 변경대부분의 보급형 파워들은 3-5년 무상AS와 4-6종 보호회로가 적용되어 있어서 추천드리는 파워와는 차이가 납니다.6. CPU쿨러는 싱글타워 끝판왕급 성능에 케이스와도 잘 어울리고 성능도 좋고 ARGB를 지원하는 제품 중에서는 가격적인 메리트도 가장 높은 갓성비 제품인 PentaWave Z04E SRB ARGB로 변경7. 메모리 방열판은 따로 필요하지 않은데 추가를 하고 싶다면 메모리가 2개인지라 방열판도 2개로 구성해야 합니다.참고해서 합리적인 구매하시기 바랍니다."
}