{
    "quote_number": "4338",
    "quote_title": "7600 + RTX 4060 (DARKFLASH DS900 ARGB 강화유리 화이트)",
    "date_create": "2024.3.16",
    "cpu_gpu_combinations": "라이젠5 7600 + RTX 4060 조합",
    "quotation_summary": " 7600 + RTX 4060 (DARKFLASH DS900 ARGB 강화유리 화이트)# 7600 + RTX 4060 (DARKFLASH DS900 ARGB 강화유리 화이트)",
    "quote_person_introduction": "퀘이사존, 다나와, 쿨엔에서 활동 중인  잉여인간17호입니다.다양한 필테 경력과 컴덕질을 경험삼아 도움 드리고자 합니다.어떠한 스폰도 받지 않는 유저 입장에서 직접 사용해보고 테스트한 견적 위주로 견적드리겠습니다.",
    "quotations_quotations_description": "[CPU]AMD 라이젠5-5세대 7600 (라파엘) (멀티팩(정품))상세보기[메인보드]ASRock B650M Pro RS 디앤디컴상세보기[메모리]ESSENCORE KLEVV DDR5-5600 CL46 (16GB) x 2 개상세보기[그래픽카드]이엠텍 지포스 RTX 4060 MIRACLE WHITE D6 8GB상세보기[SSD]마이크론 Crucial T500 M.2 NVMe 아스크텍 (1TB)상세보기[케이스]DARKFLASH DS900 ARGB 강화유리 화이트 (미들타워)상세보기[파워서플라이]마이크로닉스 Classic II 풀체인지 600W 80PLUS BRONZE 230V EU 화이트상세보기[CPU쿨러]DARKFLASH Ellsworth S21 ARGB (화이트)상세보기[소프트웨어]Microsoft Windows 11 Home (처음사용자용 한글)상세보기[쿨러.튜닝.조명.액세서리]장우컴퍼니 JW-HTKM01 화이트 데스크탑용 메모리 램카드 방열판상세보기[조립PC관련][견적왕] 조립 서비스 + 1년 출장 A/S상세보기CPU는 라이젠 NON X 버전으로 발열을 잡고 나와 2~3만원대 공랭쿨러로 커버 가능해 가성비가 좋아졌습니다. \n게임성능도 인텔 13세대 i5 13500보다 뛰어납니다.메모리는 하이닉스 A다이 메모리\n인식률 호환성 안정성 굳!파워서플라이는 케이블은 물론 커넥터까지 화이트라 화이트 감성 내기도 좋고, 블랙에 비해 통풍구도 개선되서 쿨링면에서도 좀 더 괜찮습니다. 마닉 풀체인지 파워가 불량률도 적고 내구성을 위한 에프터 쿨링이나 정숙성을 위한 제로펜 기능 등으로 뛰어난 기능까지 있어 스테디 셀러인 파워입니다.CPU쿨러는 다크플래쉬의 S11 후속 모델로 좀 더 뛰어난 쿨링성능과 상단까지 화이트로 구성해 화이트 감성에도 좋습니다.소프트웨어는 인텔 12세대 이후로는 고성능 코어와 효율 코어로 나뉘면서 윈도우 11을 권장합니다.\n인텔의 경우 일부 게임에선 윈11이 성능이 더 잘나옵니다.",
    "quote_feedback": "7600 + RTX 4060 (DARKFLASH DS900 ARGB 강화유리 화이트)"
}