{
    "quote_number": "4343",
    "quote_title": "인텔 코어i5-14세대 14600KF + 지포스 RTX 4060 Ti",
    "date_create": "2024.3.16",
    "cpu_gpu_combinations": "코어i5-14600KF + RTX 4060 Ti 조합",
    "quotation_summary": " 인텔 코어i5-14세대 14600KF + 지포스 RTX 4060 Ti# 게임",
    "quote_person_introduction": "안녕하세요! 인벤에서 주로 활동하고 있는 Skywalkers입니다.가성비와 성능비 그리고 감성비까지 모두 고려해서 가장 합리적인 구성을 찾을 수 있도록 추천을 드리겠습니다.",
    "quotations_quotations_description": "[CPU]인텔 코어i5-14세대 14600KF (랩터레이크 리프레시) (정품)상세보기[메인보드]MSI MAG B760M 박격포 II상세보기[메모리]TeamGroup DDR5-5600 CL46 Elite (16GB) x 2 개상세보기[그래픽카드]ZOTAC GAMING 지포스 RTX 4060 Ti TWIN Edge D6 8GB상세보기[SSD]삼성전자 PM9A1 M.2 NVMe 병행수입 (512GB)상세보기[SSD]마이크론 Crucial T500 M.2 NVMe 대원씨티에스 (2TB)상세보기[케이스]3RSYS R240 블랙 (미들타워)상세보기[파워서플라이]몬스타 가츠 ExtremeX FX800 80PLUS STANDARD상세보기[CPU쿨러]PentaWave S06D LE ARGB상세보기[조립PC관련][견적왕] 조립 서비스 + 1년 출장 A/S상세보기CPU쿨러는 케이스와도 잘 어울리는 대장급 성능의 듀얼타워 공랭쿨러 중에서는 압도적인 가성비를 제공",
    "quote_feedback": "1. SSD의 경우 메인드라이브로 사용할 500GB는 젠4 제품 중 넘사벽 갓성비의 삼성전자 980PRO OEM버전인 삼성전자 PM9A1 M.2 NVMe 병행수입 (512GB)로 변경했고 서브드라이브로 사용할 2TB는 젠4 규격의 끝판왕급 성능이라고 할 수 있는 마이크론 Crucial T500 M.2 NVMe 대원씨티에스 (2TB)로 변경마이크론 Crucial P5 Plus M.2 NVMe 대원CTS (500GB)은 젠4 규격이지만 속도가 제법 느린 편입니다.2. 케이스는 강화유리처럼 파손 위험없는 풀아크릴 스윙도어 패널에 6개의 기본 팬을 장착하고 LED OFF 기능까지 적용된 보급형 끝판왕급인 3RSYS R240 블랙 (미들타워)로 변경3. 파워는 6년 무상AS에 무려 9종에 달하는 보호회로를 적용하여 안정성에 몰빵을 하고서도 가격은 아주 착한 수준으로 출시가 되었고 현재 출시 이벤트로 가격을 더 인하해서 판매 중이라 갓성비 중에서도 갓성비라고 할 수 있는 몬스타 가츠 ExtremeX FX800 80PLUS STANDARD로 변경해서 그래픽카드 업그레이드도 고려를 했습니다.4. CPU쿨러는 케이스와도 잘 어울리는 대장급 성능의 듀얼타워 공랭 쿨러 중에서는 압도적인 가성비를 제공하는 PentaWave S06D LE ARGB로 변경참고해서 합리적인 구매하시기 바랍니다."
}