{
    "quote_number": "4375",
    "quote_title": "5600 + RX 6800 라라랜드",
    "date_create": "2024.3.17",
    "cpu_gpu_combinations": "라이젠5 5600 + RX 6800 조합",
    "quotation_summary": " 5600 + RX 6800 라라랜드# 5600 + RX 6800 라라랜드",
    "quote_person_introduction": "퀘이사존, 다나와, 쿨엔에서 활동 중인  잉여인간17호입니다.다양한 필테 경력과 컴덕질을 경험삼아 도움 드리고자 합니다.어떠한 스폰도 받지 않는 유저 입장에서 직접 사용해보고 테스트한 견적 위주로 견적드리겠습니다.",
    "quotations_quotations_description": "[CPU]AMD 라이젠5-4세대 5600 (버미어) (멀티팩(정품))상세보기[메인보드]ASUS PRIME B550M-A 대원CTS상세보기[메모리]ESSENCORE KLEVV DDR4-3200 CL22 (16GB) x 3 개상세보기[그래픽카드]XFX 라데온 RX 6800 SWFT 319 CORE D6 16GB상세보기[SSD]SK하이닉스 Gold P31 M2 NVMe (1TB)상세보기[케이스]DARKFLASH DRX70 MESH RGB 강화유리 블랙 (미들타워)상세보기[파워서플라이]마이크로닉스 COOLMAX FOCUS II 700W ETA BRONZE PCIE5상세보기[CPU쿨러]PentaWave Z04E SRB ARGB상세보기[소프트웨어]Microsoft Windows 11 Home (처음사용자용 한글)상세보기[조립PC관련][견적왕] 조립 서비스 + 1년 출장 A/S상세보기CPU는 여전히 가성비 게이밍 CPU로 명성이 자자한 CPU입니다.메인보드는 5600과 가성비 좋게 구성하기 좋은 메인보드입니다.그래픽카드는 RTX 4070 바로 아랫 등급!\nRTX 4060 Ti보다 월등히 좋지만 더 좋은 가성비 제품!SSD는 발열도 적어 게임용으로도 많이 추천되는 제품입니다.케이스는 5만원 이하 케이스 중 전면 TYPE-C 포트를 지원하고, 그래픽카드 지지대 기본 구성에 그래픽카드 호환성도 준수한 케이스입니다.파워서플라이는 브론즈 효율에 PCIE5 규격으로 가격대도 저렴한 가성비 좋은 마이크로닉스 파워입니다.소프트웨어는 인텔 12세대 이후로는 고성능 코어와 효율 코어로 나뉘면서 윈도우 11을 권장합니다.\n인텔의 경우 일부 게임에선 윈11이 성능이 더 잘나옵니다.",
    "quote_feedback": "5600 + RX 6800 라라랜드"
}