{
    "quote_number": "4400",
    "quote_title": "7500F 반본체 (RTX 4060 TI, RX 7600까지 장착 가능)",
    "date_create": "2024.3.17",
    "cpu_gpu_combinations": "라이젠5 7500F +  조합",
    "quotation_summary": " 7500F 반본체 (RTX 4060 TI, RX 7600까지 장착 가능)# 7500F 반본체 (RTX 4060 TI# RX 7600까지 장착 가능)",
    "quote_person_introduction": "퀘이사존, 다나와, 쿨엔에서 활동 중인  잉여인간17호입니다.다양한 필테 경력과 컴덕질을 경험삼아 도움 드리고자 합니다.어떠한 스폰도 받지 않는 유저 입장에서 직접 사용해보고 테스트한 견적 위주로 견적드리겠습니다.",
    "quotations_quotations_description": "[CPU]AMD 라이젠5-5세대 7500F (라파엘) (멀티팩(정품))상세보기[메인보드]MSI PRO B650M-A WIFI상세보기[메모리]TeamGroup T-CREATE DDR5-6000 CL38 EXPERT 패키지 서린 (32GB(16Gx2))상세보기[SSD]삼성전자 PM9A1 M2 NVMe 병행수입 (1TB)상세보기[케이스]1stPlayer T7 블랙 (미들타워)상세보기[파워서플라이]마이크로닉스 Classic II 풀체인지 600W 80PLUS BRONZE 230V EU상세보기[CPU쿨러]PentaWave Z04E SRB ARGB상세보기[소프트웨어]Microsoft Windows 11 Home (처음사용자용 한글)상세보기[조립PC관련][견적왕] 조립 서비스 + 1년 출장 A/S상세보기CPU는 최고의 게이밍 가성비 CPU입니다메인보드는 11페이즈의 준수한 전원부로 가격도 저렴하고 WIFI와 블루투스 무선 연결을 지원하는 보드입니다.SSD는 삼성 980 프로 OEM 제품으로 가성비가 좋습니다.케이스는 전면 TYPE-C 포트 지원에 그래픽카드 지지대 기본 구성으로 구성도 좋고, 탈부착형 먼지 필터로 관리도 용이한 가성비 뛰어난 케이스입니다.파워서플라이는 스테디셀러 파워인 마닉 풀체인지가 브론즈 등급에 AS기간도 7년으로 늘었고, 제로팬으로 정숙성도 뛰어나고 애프터쿨링으로 내구성을 높여 메리트도 높고 가격대도 좋습니다.소프트웨어는 인텔 12세대 이후로는 고성능 코어와 효율 코어로 나뉘면서 윈도우 11을 권장합니다.\n인텔의 경우 일부 게임에선 윈11이 성능이 더 잘나옵니다.",
    "quote_feedback": "7500F 반본체 (RTX 4060 TI, RX 7600까지 장착 가능)"
}