{
    "quote_number": "4416",
    "quote_title": "코어i5-14세대 14600KF + 지포스 RTX 4060",
    "date_create": "2024.3.18",
    "cpu_gpu_combinations": "코어i5-14600KF + RTX 4060 조합",
    "quotation_summary": " 코어i5-14세대 14600KF + 지포스 RTX 4060# 사무용",
    "quote_person_introduction": "안녕하세요! 인벤에서 주로 활동하고 있는 Skywalkers입니다.가성비와 성능비 그리고 감성비까지 모두 고려해서 가장 합리적인 구성을 찾을 수 있도록 추천을 드리겠습니다.",
    "quotations_quotations_description": "[CPU]코어i5-14세대 14600KF (랩터레이크)(벌크)상세보기[메인보드]MSI MAG B760M 박격포 II상세보기[메모리]TeamGroup DDR5-5600 CL46 Elite (16GB) x 2 개상세보기[그래픽카드]ZOTAC GAMING 지포스 RTX 4060 TWIN Edge OC D6 8GB White상세보기[SSD]삼성전자 PM9A1 M2 NVMe 병행수입 (1TB)상세보기[케이스]컴이지 킹덤 퓨어 강화유리 화이트 (미들타워)상세보기[파워서플라이]topower Guardian TOP-600DG Single Rail 80PLUS BRONZE WHITE상세보기[CPU쿨러]DARKFLASH Ellsworth D21 (WHITE)상세보기[조립PC관련][견적왕] 조립 서비스 + 1년 출장 A/S상세보기그래픽카드는 작고 귀엽고 이쁜 정품등록 시 AS 3+2년의 조탁 제품파워서플라이는 topower사의 600W 브론즈등급 화이트색상 제품입니다. A/S보증기간 7년을 제공하고 화이트 색상 제품이라 화이트감성 PC에 알맞는 제품입니다.CPU쿨러는 이쁘고 조용한 다크플래시의 D21",
    "quote_feedback": "1. CPU는 14코어 20스레드로 사용목적에 가장 효율적이라고 할 수 있는 14600KF 벌크로 구성인텔은 12세대부터 벌크도 정품과 동일한 3년 무상 AS를 제공합니다.정품 박스가 꼭 필요한 것이 아니라면 벌크로 구성하는 것이 보다 효율적입니다.2. 메인보드는 900A급 출력의 드라이버 모스펫 전원부가 적용되어 있는 MSI MAG B760M 박격포 II로 구성3. 메모리는 라이프타임 워런티로 압도적인 AS기간을 제공하는 팀그룹 5600MHz 고클럭 규격램 16기가 2개 32기가로 구성4. 그래픽카드는 1티어 AS에 2년 추가 RMA포함 총 5년의 무상AS를 제공하고 동일한 제품군에서는 가격적인 메리트도 있는 조택 4060 화이트로 구성5. SSD는 젠4 제품 중 넘사벽 갓성비의 삼성전자 980PRO OEM버전인 삼성전자 PM9A1 M2 NVMe 병행수입 (1TB)으로 구성6. 케이스는 퓨어 화이트 논LED 컨셉의 가성비 좋은 컴이지 킹덤 퓨어 강화유리 화이트 (미들타워)로 구성7. 파워는 7년 무상 AS에 브론즈 인증, 140mm 팬 장착, 12V 가용력 100%, 성능으로 세계적에서 유명한 국산 삼영콘덴서를 메인콘덴서로 채용, 6종 보호회로 적용 등 가격대비 퀄리티는 최고수준으로 보급형에서는 끝판왕급인 탑파워 가디언 600W 화이트로 구성8. CPU쿨러는 논LED 쿨링 팬이 적용되어 있어서 케이스와 아주 잘 어울리고 대장급 성능의 듀얼타워 공랭쿨러면서 소음도 아주 낮은 수준으로 사실상 공랭쿨러 끝판왕이라고 할 수 있는 DARKFLASH Ellsworth D21 (WHITE)로 구성참고해서 합리적인 구매하시기 바랍니다."
}