{
    "quote_number": "4420",
    "quote_title": "인텔 코어i5-14세대 14500 + 지포스 RTX 3050",
    "date_create": "2024.3.18",
    "cpu_gpu_combinations": "코어i5-14500 + RTX 3050 조합",
    "quotation_summary": " 인텔 코어i5-14세대 14500 + 지포스 RTX 3050# 사무용",
    "quote_person_introduction": "안녕하세요! 인벤에서 주로 활동하고 있는 Skywalkers입니다.가성비와 성능비 그리고 감성비까지 모두 고려해서 가장 합리적인 구성을 찾을 수 있도록 추천을 드리겠습니다.",
    "quotations_quotations_description": "[CPU]인텔 코어i5-14세대 14500 (랩터레이크 리프레시) (벌크)상세보기[메인보드]ASRock B760M PG SONIC WiFi D5 에즈윈상세보기[메모리]TeamGroup DDR5-5600 CL46 Elite 패키지 (32GB(16Gx2))상세보기[그래픽카드]갤럭시 갤라즈 GALAX 지포스 RTX 3050 EX WHITE OC D6 8GB상세보기[SSD]마이크론 Crucial T500 M.2 NVMe 대원씨티에스 (1TB)상세보기[케이스]DARKFLASH DRX70 MESH RGB 강화유리 화이트 (미들타워)상세보기[파워서플라이]마이크로닉스 Classic II 풀체인지 600W 80PLUS BRONZE 230V EU 화이트상세보기[CPU쿨러]3RSYS Socoool RC1200 ARGB (WHITE)상세보기[조립PC관련][견적왕] 조립 서비스 + 1년 출장 A/S상세보기SSD는 PCI-E 4.0 새롭게 떠오르는 가성비 SSD",
    "quote_feedback": "1. ASRock B760M Pro RS D5 + WiFi6E 모듈 패키지 에즈윈과 ASRock B760M 스틸레전드 WiFi D5는 완전히 다른 제품입니다.ASRock B760M Pro RS D5 + WiFi6E 모듈 패키지 에즈윈는 350A급 출력의 드라이브 모스펫이 적용된 7페이즈 코어 전원부에 중형 히트싱크 그리고 M.2 포트 2개를 제공하지만 ASRock B760M 스틸레전드 WiFi D5는 600A급 출력의 드라이버 모스펫 전원부가 적용되어 있는 12페이즈 코어 전원부에 대형 히트싱크 그리고 M.2포트 3개를 제공합니다.2. 구성하신 ASRock B760M PG SONIC WiFi D5 에즈윈와 ASRock B760M 스틸레전드 WiFi D5는 동일한 제품인데 소닉링 홀로그램을 적용한 것만 다릅니다. ASRock B760M 스틸레전드 WiFi D5에 소닉과 콜라보한 캐릭터를 포함시켰다고 보면 됩니다.3. 구성은 잘하셔서 그대로 진행하시면 되겠네요.참고해서 합리적인 구매하시기 바랍니다."
}