{
    "quote_number": "4457",
    "quote_title": "AMD 라이젠5-5세대 7600 + 라데온 RX 6800",
    "date_create": "2024.3.19",
    "cpu_gpu_combinations": "라이젠5 7600 + RX 6800 조합",
    "quotation_summary": " AMD 라이젠5-5세대 7600 + 라데온 RX 6800# 게임용",
    "quote_person_introduction": "안녕하세요! 인벤에서 주로 활동하고 있는 Skywalkers입니다.가성비와 성능비 그리고 감성비까지 모두 고려해서 가장 합리적인 구성을 찾을 수 있도록 추천을 드리겠습니다.",
    "quotations_quotations_description": "[CPU]AMD 라이젠5-5세대 7600 (라파엘) (멀티팩(정품))상세보기[메인보드]ASRock B650M PG Lightning 에즈윈상세보기[메모리]TeamGroup DDR5-5600 CL46 Elite (16GB) x 2 개상세보기[그래픽카드]XFX 라데온 RX 6800 SWFT 319 CORE D6 16GB상세보기[SSD]삼성전자 PM9A1 M.2 NVMe 벌크 (1TB)상세보기[케이스]DARKFLASH DK1000 MESH 강화유리 블랙 (미들타워)상세보기[파워서플라이]몬스타 가츠 ExtremeX FX800 80PLUS STANDARD상세보기[CPU쿨러]3RSYS TEAMMOST TM40상세보기[쿨러.튜닝.조명.액세서리]앱코 SUITMASTER M.2 SSD 방열판 AUTO RGB상세보기[조립PC관련][견적왕] 조립 서비스 + 1년 출장 A/S상세보기CPU는 라파엘 논X 제품의 막내로 높은 전성비와 게임 성능으로 DDR5 시스템 가성비 게이밍 라인의 최강자 CPU그래픽카드는 RTX 4070 바로 아랫 등급!\nRTX 4060 Ti보다 월등히 좋지만 더 좋은 가성비 제품!",
    "quote_feedback": "1. 메모리는 규격램의 클럭이 5600MHz인지라 램 타이밍 조금 줄이려고 금액을 투자하는 것은 비효율적이라고 할 수 있습니다.규격램으로 변경해서 안정성과 가성비를 챙기는 것이 좋습니다.메모리는 라이프타임 워런티로 압도적인 AS기간을 제공하는 팀그룹 5600MHz 고클럭 규격램 16기가 2개 32기가로 변경2. 파워는 6년 무상AS에 무려 9종에 달하는 보호회로를 적용하여 안정성에 몰빵을 하고서도 가격은 아주 착한 수준으로 출시가 되었고 현재 출시 이벤트로 가격을 더 인하해서 판매 중이라 갓성비 중에서도 갓성비라고 할 수 있는 몬스타 가츠 ExtremeX FX800 80PLUS STANDARD로 변경대부분의 보급형 파워들은 3-5년 무상AS에 4-6종의 보호회로가 적용되어 있어서 추천드리는 제품과는 차이가 있습니다.3. CPU쿨러는 싱글타워 끝판왕급 성능에 케이스와 잘어울리는 논LED 블랙 쿨링팬이 적용되었고 최근 3만원 대에서 만원 중후반대로 가격을 대폭인하해서 갓성비 중에서도 갓성비라고 할 수 있는 3RSYS TEAMMOST TM40으로 변경참고해서 합리적인 구매하시기 바랍니다."
}