{
    "quote_number": "4477",
    "quote_title": "코어i5-14세대 14600KF + 라데온 RX 6800",
    "date_create": "2024.3.19",
    "cpu_gpu_combinations": "코어i5-14600KF + RX 6800 조합",
    "quotation_summary": " 코어i5-14세대 14600KF + 라데온 RX 6800# 게임용",
    "quote_person_introduction": "안녕하세요! 인벤에서 주로 활동하고 있는 Skywalkers입니다.가성비와 성능비 그리고 감성비까지 모두 고려해서 가장 합리적인 구성을 찾을 수 있도록 추천을 드리겠습니다.",
    "quotations_quotations_description": "[CPU]코어i5-14세대 14600KF (랩터레이크)(벌크)상세보기[메인보드]MSI MAG B760M 박격포 맥스 WIFI상세보기[메모리]TeamGroup DDR5-5600 CL46 Elite (16GB) x 2 개상세보기[그래픽카드]XFX 라데온 RX 6800 SWFT 319 CORE D6 16GB상세보기[SSD]마이크론 Crucial T500 M.2 NVMe 아스크텍 (1TB)상세보기[데스크탑 HDD]Western Digital WD BLUE 5640/128M (WD80EAZZ, 8TB)상세보기[케이스]DARKFLASH DK1000 MESH 강화유리 블랙 (미들타워)상세보기[파워서플라이]쿨러마스터 G800 GOLD상세보기[CPU쿨러]Thermalright Peerless Assassin 120 SE 서린상세보기[소프트웨어]Microsoft Windows 11 Home (처음사용자용 한글)상세보기[조립PC관련][견적왕] 조립 서비스 + 1년 출장 A/S상세보기그래픽카드는 RTX 4070 바로 아랫 등급!\nRTX 4060 Ti보다 월등히 좋지만 더 좋은 가성비 제품!파워서플라이는 안정성과 가성비를 겸비한 골드인증 800W 파워",
    "quote_feedback": "1. 메모리는 삼성과 마이크론 램의 경우 최근 불량 이슈가 크게 터졌던 터라 라이프타임 워런티로 압도적인 AS기간을 제공하는 팀그룹 5600MHz 고클럭 규격램 16기가 2개 32기가로 변경2. RX 6800은 PCIE5 규격과는 무관한 그래픽카드입니다.파워는 정격 800W 골드인증 제품인 쿨러마스터 G800 GOLD로 변경해서 안정성과 가성비를 모두 챙겼습니다.참고해서 합리적인 구매하시기 바랍니다."
}