{
    "quote_number": "4494",
    "quote_title": "AMD 라이젠5-4세대 5600 + 라데온 RX 6600",
    "date_create": "2024.3.20",
    "cpu_gpu_combinations": "라이젠5 5600 + RX 6800 조합",
    "quotation_summary": " AMD 라이젠5-4세대 5600 + 라데온 RX 6600# 게임용",
    "quote_person_introduction": "안녕하세요! 인벤에서 주로 활동하고 있는 Skywalkers입니다.가성비와 성능비 그리고 감성비까지 모두 고려해서 가장 합리적인 구성을 찾을 수 있도록 추천을 드리겠습니다.",
    "quotations_quotations_description": "[CPU]AMD 라이젠5-4세대 5600 (버미어) (멀티팩(정품))상세보기[메인보드]ASUS PRIME B550M-A 대원CTS상세보기[그래픽카드]XFX 라데온 RX 6800 SWFT 319 CORE D6 16GB상세보기[케이스]3RSYS J700 RGB BLACK (미들타워)상세보기[파워서플라이]몬스타 가츠 ExtremeX FX800 80PLUS STANDARD상세보기[CPU쿨러]PentaWave Z04E SRB ARGB상세보기[조립PC관련][견적왕] 조립 서비스 + 1년 출장 A/S상세보기CPU는 현재 게임 가성비가 가장 좋은 CPU메인보드는 전원부 방열판이 적용된 B550 칩셋 중 가성비가 좋은 메인보드그래픽카드는 RTX 4070 바로 아랫 등급!\nRTX 4060 Ti보다 월등히 좋지만 더 좋은 가성비 제품!",
    "quote_feedback": "1. 메모리와 SSD만 제외하고 나머지 부품들은 새로 구매하는 것이 좋겠습니다.2. 그래픽카드는 4060과는 체급이 다른 수준으로 이전 세대 하이엔드급 성능인 3070 Ti 보다도 깡성능이 더 높은 넘사벽 갓성비 제품이라고 할 수 있는 XFX 라데온 RX 6800 SWFT 319 CORE D6 16GB로 구성AFMF 설정시 4070 TI 이상의 프레임도 기대할 수 있는 메리트가 아주 높은 제품입니다.https://youtu.be/K2Hg-CM6U6A그래픽카드 가성비 비교표 3월 ( SUPER 포함, 3050 6G, 7900GRE 포함) - 신성조 <- 그래픽카드 선택에 도움이 될 영상 링크해드립니다. 시청하시면 도움이 아주 많이 될 겁니다.3. 케이스는 최근까지도 5만원 중후반대에 판매 중이다가 3만원 중반대로 가격을 대폭인하한 3RSYS J700 RGB BLACK (미들타워)로 구성4. 파워는 6년 무상AS에 무려 9종에 달하는 보호회로를 적용하여 안정성에 몰빵을 하고서도 가격은 아주 착한 수준으로 출시가 되었고 현재 출시 이벤트로 가격을 더 인하해서 판매 중이라 갓성비 중에서도 갓성비라고 할 수 있는 몬스타 가츠 ExtremeX FX800 80PLUS STANDARD로 구성5. CPU쿨러는 싱글타워 끝판왕급 성능에 케이스와도 잘 어울리고 성능도 좋고 AM4 소켓 무뽑 방지키트를 제공하고 ARGB를 지원하는 제품 중에서는 가격적인 메리트도 가장 높은 갓성비 제품인 PentaWave Z04E SRB ARGB로 구성참고해서 합리적인 구매하시기 바랍니다."
}