{
    "quote_number": "4498",
    "quote_title": "AMD 라이젠9-5세대 7900X3D + 지포스 RTX 4070 Ti SUPER",
    "date_create": "2024.3.20",
    "cpu_gpu_combinations": "라이젠9 7900X3D + RTX 4070 Ti SUPER 조합",
    "quotation_summary": " AMD 라이젠9-5세대 7900X3D + 지포스 RTX 4070 Ti SUPER# 게임용",
    "quote_person_introduction": "안녕하세요! 인벤에서 주로 활동하고 있는 Skywalkers입니다.가성비와 성능비 그리고 감성비까지 모두 고려해서 가장 합리적인 구성을 찾을 수 있도록 추천을 드리겠습니다.",
    "quotations_quotations_description": "[CPU]AMD 라이젠9-5세대 7900X3D (라파엘) (멀티팩(정품))상세보기[메인보드]ASRock B650 PG Lightning 대원씨티에스상세보기[메모리]TeamGroup DDR5-5600 CL46 Elite (16GB) x 2 개상세보기[그래픽카드]이엠텍 지포스 RTX 4070 Ti SUPER BLACK STORM OC D6X 16GB상세보기[SSD]마이크론 Crucial T500 M.2 NVMe 대원씨티에스 (2TB)상세보기[데스크탑 HDD]Western Digital WD BLUE 5400/256M (WD40EZAX, 4TB)상세보기[케이스]앱코 SUITMASTER M2000 NOVA ARGB 강화유리 블랙 (미들타워)상세보기[파워서플라이]NEWZEN SKULL 850SM MODULAR ATX 3.0 80PLUS GOLD (PCIE5)상세보기[CPU쿨러]PentaWave S06D LE ARGB상세보기[소프트웨어]Microsoft Windows 11 Home (처음사용자용 한글)상세보기[조립PC관련][견적왕] 조립 서비스 + 1년 출장 A/S상세보기CPU쿨러는 케이스와도 잘 어울리는 대장급 성능의 듀얼타워 공랭쿨러 중에서는 압도적인 가성비를 제공",
    "quote_feedback": "1. CPU는 게임 성능이 월등히 높고 전성비도 좋아서 공랭쿨러로 커버가 되는 7900X3D로 변경2. 메인보드는 840A급 출력의 드라이버 모스펫 전원부가 적용된 ATX 규격의 ASRock B650 PG Lightning 대원씨티에스로 변경3. 7900X3D는 메모리 클럭의 영향을 덜 받는 CPU인지라 안정성과 가성비를 챙길 수 있는 TeamGroup DDR5-5600 CL46 Elite (16GB) 2개 32기가로 변경4. 그래픽카드는 1티어 AS 중에서도 최상위면서 가격적인 메리트도 높은 이엠텍 지포스 RTX 4070 Ti SUPER BLACK STORM OC D6X 16GB로 변경5. SSD는 최근 출시된 젠4 규격의 끝판왕급 성능인 마이크론 Crucial T500 M.2 NVMe 대원씨티에스 (2TB)로 변경6. 구성한 씨게이트 HDD는 SMR방식이라 추천ㅇ르 하지 않습니다. PMR 방식의 제품 중 가성비가 가장 좋은 Western Digital WD BLUE 5400/256M (WD40EZAX, 4TB)로 변경7. 파워는 ATX3.0과 PCIE5 규격을 동시에 지원하는 가성비 좋은 NEWZEN SKULL 850SM MODULAR ATX 3.0 80PLUS GOLD (PCIE5)로 변경8. 7900X3D는 전성비가 좋아서 공랭쿨러로 커버가 됩니다.케이스와 잘 어울리는 대장급 성능의 듀얼타워 공랭쿨러 중에서는 압도적인 가성비를 제공하는 PentaWave S06D LE ARGB로 변경참고해서 합리적인 구매하시기 바랍니다."
}