{
    "quote_number": "4508",
    "quote_title": "7500F + RTX 4060 DARKFLASH DS900 ARGB 강화유리 화이트",
    "date_create": "2024.3.20",
    "cpu_gpu_combinations": "라이젠5 7500F + RTX 4060 조합",
    "quotation_summary": " 7500F + RTX 4060 DARKFLASH DS900 ARGB 강화유리 화이트# 7500F + RTX 4060 DARKFLASH DS900 ARGB 강화유리 화이트",
    "quote_person_introduction": "퀘이사존, 다나와, 쿨엔에서 활동 중인  잉여인간17호입니다.다양한 필테 경력과 컴덕질을 경험삼아 도움 드리고자 합니다.어떠한 스폰도 받지 않는 유저 입장에서 직접 사용해보고 테스트한 견적 위주로 견적드리겠습니다.",
    "quotations_quotations_description": "[CPU]AMD 라이젠5-5세대 7500F (라파엘) (멀티팩(정품))상세보기[메인보드]ASRock B650M Pro RS 대원씨티에스상세보기[메모리]TeamGroup DDR5-5600 CL46 Elite Plus 실버 서린 (16GB) x 2 개상세보기[그래픽카드]이엠텍 지포스 RTX 4060 MIRACLE WHITE D6 8GB상세보기[SSD]장우컴퍼니 PM9A1 M.2 NVMe 병행수입 (1TB) 삼성전자상세보기[케이스]DARKFLASH DS900 ARGB 강화유리 화이트 (미들타워)상세보기[파워서플라이]마이크로닉스 Classic II 풀체인지 600W 80PLUS BRONZE 230V EU 화이트상세보기[CPU쿨러]DARKFLASH Ellsworth S21 ARGB (화이트)상세보기[소프트웨어]Microsoft Windows 11 Home (처음사용자용 한글)상세보기[모니터]비트엠 Newsync 277P IPS 180 노블 게이밍 HDR 화이트 무결점상세보기[조립PC관련][견적왕] 조립 서비스 + 1년 출장 A/S상세보기CPU는 최고의 게이밍 가성비 CPU입니다메인보드는 실버계열 방열판과 Dr.MOS 전원부가 탑재된 가성비 좋은 보드입니다.케이스는 케이스는 내부가 훤히 보이는 어항형 디자인에선 측면 리버스 블레이드(역방향) 팬으로 감성도 뛰어나고, 그래픽카드 425mm까지 지원해 호환성은 물론 전면 TYPE-C 포트 지원과 그래픽카드 지지대 기본 구성 등 편의성까지 좋은 가성비 좋은 케이스입니다.파워서플라이는 케이블은 물론 커넥터까지 화이트라 화이트 감성 내기도 좋고, 블랙에 비해 통풍구도 개선되서 쿨링면에서도 좀 더 괜찮습니다. 마닉 풀체인지 파워가 불량률도 적고 내구성을 위한 에프터 쿨링이나 정숙성을 위한 제로펜 기능 등으로 뛰어난 기능까지 있어 스테디 셀러인 파워입니다.CPU쿨러는 다크플래쉬의 S11 후속 모델로 좀 더 뛰어난 쿨링성능과 상단까지 화이트로 구성해 화이트 감성에도 좋습니다.소프트웨어는 인텔 12세대 이후로는 고성능 코어와 효율 코어로 나뉘면서 윈도우 11을 권장합니다.\n인텔의 경우 일부 게임에선 윈11이 성능이 더 잘나옵니다.",
    "quote_feedback": "7500F + RTX 4060 DARKFLASH DS900 ARGB 강화유리 화이트"
}