{
    "quote_number": "4512",
    "quote_title": "인텔 코어i9-14세대 14900KF + 지포스 RTX 4090",
    "date_create": "2024.3.21",
    "cpu_gpu_combinations": "코어i9-14900KF + RTX 4090 조합",
    "quotation_summary": " 인텔 코어i9-14세대 14900KF + 지포스 RTX 4090# 게임용",
    "quote_person_introduction": "안녕하세요! 인벤에서 주로 활동하고 있는 Skywalkers입니다.가성비와 성능비 그리고 감성비까지 모두 고려해서 가장 합리적인 구성을 찾을 수 있도록 추천을 드리겠습니다.",
    "quotations_quotations_description": "[CPU]인텔 코어i9-14세대 14900KF (랩터레이크 리프레시) (정품)상세보기[메인보드]GIGABYTE Z790 AORUS ELITE AX ICE 피씨디렉트상세보기[메모리]TeamGroup T-CREATE DDR5-6000 CL38 EXPERT 화이트 패키지 서린 (32GB(16Gx2))상세보기[그래픽카드]ASUS ROG STRIX 지포스 RTX 4090 O24G GAMING OC D6X 24GB White상세보기[SSD]마이크론 Crucial T500 M.2 NVMe 대원씨티에스 (2TB)상세보기[케이스]3RSYS L920 Quiet 화이트 (미들타워)상세보기[파워서플라이]SuperFlower SF-1300F14XG LEADEX VII GOLD WHITE ATX 3.0 (PCIE5)상세보기[CPU쿨러]발키리 GL360 ARGB (WHITE)상세보기[소프트웨어]Microsoft Windows 11 Home (처음사용자용 한글)상세보기[조립PC관련]수랭 쿨러 조립 추가 비용상세보기[조립PC관련][견적왕] 조립 서비스 + 1년 출장 A/S상세보기",
    "quote_feedback": "1. 구성하신 메모리는 GIGABYTE Z790 AORUS ELITE AX ICE 피씨디렉트의 메모리 지원 호환리스트에 있지 않는 제품입니다.화이트 컨셉에 QVL 리스트에도 있는 TeamGroup T-CREATE DDR5-6000 CL38 EXPERT 화이트 패키지 서린 (32GB(16Gx2))로 변경2. 해외로 수화물로 보낸다면 파손 위험이 상당히 큰 강화유리 케이스는 추천을 하기가 어렵습니다.저소음 컨셉에 4면 방음패드가 부착되어 있고 고성능 저소음 시스템 140mm 팬이 적용되어 있고 팬 컨트롤러까지 제공해서 저소음 컨셉의 시스템을 구성하기에도 좋은 3RSYS L920 Quiet 화이트 (미들타워)로 변경참고해서 합리적인 구매하시기 바랍니다."
}