{
    "quote_number": "4524",
    "quote_title": "14600K + RTX 4070 TI SUPER (QHD 모니터 2대)",
    "date_create": "2024.3.21",
    "cpu_gpu_combinations": "코어i5-14600K + RTX 4070 Ti SUPER 조합",
    "quotation_summary": " 14600K + RTX 4070 TI SUPER (QHD 모니터 2대)# 14600K + RTX 4070 TI SUPER (QHD 모니터 2대)",
    "quote_person_introduction": "퀘이사존, 다나와, 쿨엔에서 활동 중인  잉여인간17호입니다.다양한 필테 경력과 컴덕질을 경험삼아 도움 드리고자 합니다.어떠한 스폰도 받지 않는 유저 입장에서 직접 사용해보고 테스트한 견적 위주로 견적드리겠습니다.",
    "quotations_quotations_description": "[CPU]코어i5-14세대 14600K (랩터레이크)(벌크)상세보기[메인보드]MSI MAG B760M 박격포 II상세보기[메모리]ESSENCORE KLEVV DDR5-5600 CL46 (16GB) x 2 개상세보기[그래픽카드]GIGABYTE 지포스 RTX 4070 Ti SUPER WINDFORCE OC D6X 16GB 피씨디렉트상세보기[SSD]삼성전자 PM9A1 M2 NVMe 병행수입 (1TB)상세보기[케이스]1stPlayer T7-P 블랙 (미들타워)상세보기[파워서플라이]NEWZEN SKULL 850SM MODULAR ATX 3.0 80PLUS GOLD (PCIE5)상세보기[CPU쿨러]PentaWave S06D LE ARGB상세보기[소프트웨어]Microsoft Windows 11 Home (처음사용자용 한글)상세보기[모니터]크로스오버 279QA9 IPS165 QHD 패스트 게이밍 무결점 x 2 개상세보기[조립PC관련][견적왕] 조립 서비스 + 1년 출장 A/S상세보기메모리는 하이닉스 A다이 메모리\n인식률 호환성 안정성 굳!SSD는 삼성 980 프로 OEM 제품으로 가성비가 좋습니다.케이스는 케이스는 시소닉 유통사 맥스엘리트에서 나온 1stPlayer T7-P 블랙 제품이 가격대비 호환성도 좋고, 정숙성이 뛰어난 하이드로 베어링이 탑재된 쿨링팬이 기본 6개에 가성비가 뛰어납니다.파워서플라이는 10년 보증에 ATX 3.0 규격 제품이면서 850W에 11만원대라 가성비는 더 뛰어나고 슈퍼플라워 유통사라 고주파 발생시 새제품 교환 정책도 동일하게 적용되어 가성비 좋게 구성하시기 좋습니다.소프트웨어는 인텔 12세대 이후로는 고성능 코어와 효율 코어로 나뉘면서 윈도우 11을 권장합니다.\n인텔의 경우 일부 게임에선 윈11이 성능이 더 잘나옵니다.",
    "quote_feedback": "14600K + RTX 4070 TI SUPER (QHD 모니터 2대)"
}