{
    "quote_number": "4586",
    "quote_title": "AMD 라이젠7-5세대 7800X3D",
    "date_create": "2024.3.22",
    "cpu_gpu_combinations": "라이젠7 7800X3D +  조합",
    "quotation_summary": " AMD 라이젠7-5세대 7800X3D# 게임용",
    "quote_person_introduction": "안녕하세요! 인벤에서 주로 활동하고 있는 Skywalkers입니다.가성비와 성능비 그리고 감성비까지 모두 고려해서 가장 합리적인 구성을 찾을 수 있도록 추천을 드리겠습니다.",
    "quotations_quotations_description": "[CPU]AMD 라이젠7-5세대 7800X3D (라파엘) (멀티팩(정품))상세보기[메인보드]GIGABYTE B650 AORUS ELITE AX ICE 피씨디렉트상세보기[메모리]TeamGroup T-Force DDR5-6000 CL38 Delta RGB 화이트 패키지 아인스 (32GB(16Gx2))상세보기[SSD]마이크론 Crucial T500 M.2 NVMe 대원씨티에스 (2TB)상세보기[케이스]몬스타 가츠 X620A 리버스 화이트 (미들타워)상세보기[파워서플라이]NEWZEN SKULL 750SM MODULAR ATX 3.0 80PLUS GOLD WHITE (PCIE5)상세보기[CPU쿨러]Thermalright AQUA ELITE 360 ARGB V3 서린 (WHITE)상세보기[조립PC관련][견적왕] 조립 서비스 + 1년 출장 A/S상세보기[조립PC관련]수랭 쿨러 조립 추가 비용상세보기케이스는 흔히 어항케이스라고 불리우는 디자인이 적용된 X620A 리버스입니다. CPU쿨러 최대호환가능높이 165mm, 그래픽카드 최대호환가능길이 430mm 제원을 가졌으며 ATX 사이즈 메인보드까지 호환가능한 미들타워 제품입니다. 측면 120mm 기본팬 3개, 후면 120mm 기본팬 1개 총 4개를 제공하며 ARGB를 지원하여 메인보드 제조사 프로그램을 통해 색상 조정이 가능합니다.",
    "quote_feedback": "1. 메인보드는 튼튼한 전원부에 기판까지 화이트로 제대로 된 화이트 감성을 느낄 수 있는 ATX 규격의 GIGABYTE B650 AORUS ELITE AX ICE 피씨디렉트로 변경2. 케이스는 많이들 추천하는 DAVEN AQUARIUM 화이트 (미들타워)의 경우 C타입 포트 미적용에 USB 포트도 2개만 제공하고 강판도 얇은 편이라 원가 절감한 티가 많이 나는 제품입니다.지금 구성하신 몬스타 가츠 X620A 리버스 화이트 (미들타워)가 가격대비 퀄리티도 높고 C타입 포트도 지원하고 비주얼도 더 좋죠. 강추하구요.3. 메인보드만 변경해서 진행하면 되겠네요.참고해서 합리적인 구매하시기 바랍니다."
}