{
    "quote_number": "4590",
    "quote_title": "인텔 코어i5-14세대 14500 + 지포스 RTX 3050",
    "date_create": "2024.3.22",
    "cpu_gpu_combinations": "코어i5-14500 + RTX 3050 조합",
    "quotation_summary": " 인텔 코어i5-14세대 14500 + 지포스 RTX 3050# 게임용",
    "quote_person_introduction": "안녕하세요! 인벤에서 주로 활동하고 있는 Skywalkers입니다.가성비와 성능비 그리고 감성비까지 모두 고려해서 가장 합리적인 구성을 찾을 수 있도록 추천을 드리겠습니다.",
    "quotations_quotations_description": "[CPU]인텔 코어i5-14세대 14500 (랩터레이크 리프레시) (정품)상세보기[메인보드]ASRock B760M PG LIGHTNING 디앤디컴상세보기[메모리]ESSENCORE KLEVV DDR5-5600 CL46 (16GB) x 2 개상세보기[그래픽카드]MSI 지포스 RTX 3050 벤투스 2X OC D6 6GB상세보기[SSD]삼성전자 PM9A1 M2 NVMe 병행수입 (1TB)상세보기[케이스]몬스타 가츠 X420A 블랙 (미들타워)상세보기[파워서플라이]topower Guardian TOP-600DG 80PLUS BRONZE상세보기[CPU쿨러]3RSYS Socoool RC1200 ARGB상세보기[조립PC관련][견적왕] 조립 서비스 + 1년 출장 A/S상세보기메모리는 하이닉스 A다이 메모리\n인식률 호환성 안정성 굳!파워서플라이는 7년 무상 AS에 브론즈 인증, 140mm 팬 장착, 12V 가용력 100%, 성능으로 세계적에서 유명한 국산 삼영콘덴서를 메인콘덴서로 채용, 6종 보호회로 적용 등 가격대비 퀄리티는 최고수준으로 보급형에서는 끝판왕급인 파워",
    "quote_feedback": "1. CPU는 14코어 20스레드로 금액대 내에서 작업용도로는 가장 성능도 높고 효율적이라고 할 수 있는 14500으로 구성2. 메인보드는 드라이버 모스펫 전원부와 풀 히트싱크가 적용되어 있는 ASRock B760M PG LIGHTNING 디앤디컴으로 구성3. 메모리는 라이프타임 워런티로 압도적인 AS기간을 제공하고 SK하이닉스 모듈을 적용하여 안정적으로 사용할 수 있는 ESSENCORE KLEVV DDR5-5600 CL46 (16GB) x 2개 32기가로 구성4. 그래픽카드는 게임용도가 아니라서 고사양의 제품이 필요하지는 않습니다. 작업하는데 쾌적한 환경을 제공하는 MSI 지포스 RTX 3050 벤투스 2X OC D6 6GB로 구성5. SSD는 젠4 제품 중 넘사벽 갓성비의 삼성전자 980PRO OEM버전인 삼성전자 PM9A1 M2 NVMe 병행수입 (1TB)으로 구성6. 케이스는 최근 출시한 보급형 끝판왕급 가성비 제품인 몬스타 가츠 X420A 블랙 (미들타워)로 구성7. 파워는 7년 무상 AS에 브론즈 인증, 140mm 팬 장착, 12V 가용력 100%, 성능으로 세계적에서 유명한 국산 삼영콘덴서를 메인콘덴서로 채용, 6종 보호회로 적용 등 가격대비 퀄리티는 최고수준으로 보급형에서는 끝판왕급인 탑파워 가디언 600W로 구성8. CPU쿨러는 대장급 성능의 듀얼타워 공랭쿨러 중에서는 압도적인 가성비를 제공하는 3RSYS Socoool RC1200 ARGB로 구성참고해서 합리적인 구매하시기 바랍니다."
}