{
    "quote_number": "4621",
    "quote_title": "코어i5-14세대 14600KF + 지포스 GTX 1650",
    "date_create": "2024.3.23",
    "cpu_gpu_combinations": "코어i5-14600KF + GTX 1650 조합",
    "quotation_summary": " 코어i5-14세대 14600KF + 지포스 GTX 1650# 워크스테이션",
    "quote_person_introduction": "안녕하세요! 인벤에서 주로 활동하고 있는 Skywalkers입니다.가성비와 성능비 그리고 감성비까지 모두 고려해서 가장 합리적인 구성을 찾을 수 있도록 추천을 드리겠습니다.",
    "quotations_quotations_description": "[CPU]코어i5-14세대 14600KF (랩터레이크)(벌크)상세보기[메인보드]MSI MAG B760M 박격포 II상세보기[메모리]ESSENCORE KLEVV DDR5-5600 CL46 (16GB) x 2 개상세보기[그래픽카드]inno3D 지포스 GTX 1650 D6 4GB TWIN X2 OC V3상세보기[SSD]삼성전자 PM9A1 M2 NVMe 병행수입 (1TB)상세보기[케이스]몬스타 가츠 X420A 블랙 (미들타워)상세보기[파워서플라이]topower Guardian TOP-600DG 80PLUS BRONZE상세보기[CPU쿨러]PentaWave S06D LE ARGB상세보기[키보드+마우스 세트]로지텍코리아 MK235 Wireless Combo (정품)상세보기[마우스패드]앱코 APAD 생활방수 장패드상세보기[조립PC관련][견적왕] 조립 서비스 + 1년 출장 A/S상세보기메모리는 하이닉스 A다이 메모리\n인식률 호환성 안정성 굳!파워서플라이는 7년 무상 AS에 브론즈 인증, 140mm 팬 장착, 12V 가용력 100%, 성능으로 세계적에서 유명한 국산 삼영콘덴서를 메인콘덴서로 채용, 6종 보호회로 적용 등 가격대비 퀄리티는 최고수준으로 보급형에서는 끝판왕급인 파워CPU쿨러는 케이스와도 잘 어울리는 대장급 성능의 듀얼타워 공랭쿨러 중에서는 압도적인 가성비를 제공",
    "quote_feedback": "1. 14세대까지 출시가 된 상황에서 12세대로 구성하는 것은 추천을 하기가 어렵습니다.14세대 CPU중 가장 인기도 높고 가성비도 좋아서 많은 사랑을 받고 있는 14600KF로 변경2. 메인보드는 900A급 출력의 드라이버 모스펫 전원부가 적용되어 있는 MSI MAG B760M 박격포 II로 변경3. 메모리는 라이프타임 워런티로 삼성램 대비 압도적인 AS기간을 제공하고 SK하이닉스 모듈을 적용하여 안정적으로 사용할 수 있는ESSENCORE KLEVV DDR5-5600 CL46 (16GB) x 2개 32기가로 변경4. 구성하신 SSD는 디램리스 제품으로 메인브라이브로 사용하는 것은 추천을 하지 않습니다.젠4 제품 중 넘사벽 갓성비의 삼성전자 980PRO OEM버전인 삼성전자 PM9A1 M2 NVMe 병행수입 (1TB)으로 변경5. 케이스는 최근 출시한 보급형 끝판왕급 가성비 제품인 몬스타 가츠 X420A 블랙 (미들타워)로 변경6. 1650은 최대 전력 사용량이 75W에 불과한 초저전력 제품으로 정격 300W면 충분한 용량인 그래픽카드입니다. 효율이 전기세에 영향을 줄 정도로 전력소모를 하는 제품이 아니라서 골드인증 제품의 메리트가 크지도 않구요.파워는 7년 무상 AS에 브론즈 인증, 140mm 팬 장착, 12V 가용력 100%, 성능으로 세계적에서 유명한 국산 삼영콘덴서를 메인콘덴서로 채용, 6종 보호회로 적용 등 가격대비 퀄리티는 최고수준으로 보급형에서는 끝판왕급인 탑파워 가디언 600W로 변경7. CPU쿨러는 싱글타워 끝판왕급 성능에 케이스와도 잘 어울리고 성능도 좋고 ARGB를 지원하는 제품 중에서는 가격적인 메리트도 가장 높은 갓성비 제품인 PentaWave Z04E SRB ARGB로 변경참고해서 합리적인 구매하시기 바랍니다."
}