{
    "quote_number": "4656",
    "quote_title": "7800X3D + RTX 4080 SUPER",
    "date_create": "2024.3.24",
    "cpu_gpu_combinations": "라이젠7 7800X3D + RTX 4080 SUPER 조합",
    "quotation_summary": " 7800X3D + RTX 4080 SUPER# 7800X3D + RTX 4080 SUPER",
    "quote_person_introduction": "퀘이사존, 다나와, 쿨엔에서 활동 중인  잉여인간17호입니다.다양한 필테 경력과 컴덕질을 경험삼아 도움 드리고자 합니다.어떠한 스폰도 받지 않는 유저 입장에서 직접 사용해보고 테스트한 견적 위주로 견적드리겠습니다.",
    "quotations_quotations_description": "[CPU]AMD 라이젠7-5세대 7800X3D (라파엘) (정품)상세보기[메인보드]ASRock B650M Pro RS + WiFi6E 모듈 패키지 디앤디컴상세보기[메모리]ESSENCORE KLEVV DDR5-5600 CL46 (16GB) x 2 개상세보기[그래픽카드]ZOTAC GAMING 지포스 RTX 4080 SUPER Trinity D6X 16GB Black상세보기[SSD]마이크론 Crucial T500 M.2 NVMe 대원씨티에스 (2TB)상세보기[데스크탑 HDD]Western Digital WD BLUE 5400/64M (WD20EARZ, 2TB)상세보기[케이스]잘만 Z10 PLUS WHITE (미들타워)상세보기[파워서플라이]SuperFlower SF-1000F14XG LEADEX VII GOLD WHITE ATX 3.0 (PCIE5)상세보기[CPU쿨러]Thermalright Peerless Assassin 120 SE WHITE ARGB 서린상세보기[조립PC관련][견적왕] 조립 서비스 + 1년 출장 A/S상세보기[조립PC관련]수랭 쿨러 조립 추가 비용상세보기CPU는 7000번대 3D 제품으로 7950X3D와 달리 별도의 설정없이도 뛰어난 게임 성능을 자랑합니다.  \n전성비는 물론 온도도 뛰어나 공랭으로 가성비 좋게 게이밍 환경 구성이 가능합니다.메인보드는 8+2+1페이즈 400AA(50A)로 라이젠7도 문제 없는 가성비 좋은 B650 보드입니다. \nWiFi6E 모듈 패키지로 WIFI와 블루투스 무선연결도 문제 없습니다.메모리는 하이닉스 A다이 메모리\n인식률 호환성 안정성 굳!그래픽카드는 조텍만의 특별한 3+2 AS!\n4080 SUPER 기준 가성비 갓갓!SSD는 PCIE4.0 대역폭 상급 SSD파워서플라이는 뛰어난 효율과 유니버셜 커넥터로 편의성도 좋고, 고주파 발생시 새제품 교환 등 AS 정책도 가장 뛰어난 제품입니다.CPU쿨러는 써멀리아트의 대장급 공랭입니다. 화이트 감성과 정숙성을 원하시는 분들에게 추천드립니다.",
    "quote_feedback": "7800X3D + RTX 4080 SUPER"
}