{
    "quote_number": "4660",
    "quote_title": "인텔 코어i7-14세대 14700KF + 지포스 RTX 4070 SUPER",
    "date_create": "2024.3.24",
    "cpu_gpu_combinations": "코어i7-14700KF + RTX 4070 SUPER 조합",
    "quotation_summary": " 인텔 코어i7-14세대 14700KF + 지포스 RTX 4070 SUPER# 사무용",
    "quote_person_introduction": "안녕하세요! 인벤에서 주로 활동하고 있는 Skywalkers입니다.가성비와 성능비 그리고 감성비까지 모두 고려해서 가장 합리적인 구성을 찾을 수 있도록 추천을 드리겠습니다.",
    "quotations_quotations_description": "[CPU]인텔 코어i7-14세대 14700KF (랩터레이크 리프레시) (정품)상세보기[메인보드]GIGABYTE Z790 AORUS ELITE X 피씨디렉트상세보기[메모리]ESSENCORE KLEVV DDR5-5600 CL46 (16GB) x 2 개상세보기[그래픽카드]inno3D 지포스 RTX 4070 SUPER OC D6X 12GB X3상세보기[SSD]마이크론 Crucial T500 M.2 NVMe 대원씨티에스 (1TB)상세보기[데스크탑 HDD]Western Digital WD BLUE 5400/64M (WD20EARZ, 2TB)상세보기[케이스]DARKFLASH DF5000-BS MESH ARGB 강화유리 블랙 (미들타워)상세보기[파워서플라이]마이크로닉스 COOLMAX FOCUS II 900W ETA SILVER PCIE5상세보기[CPU쿨러]잘만 Alpha II A36 (BLACK)상세보기[조립PC관련][견적왕] 조립 서비스 + 1년 출장 A/S상세보기[조립PC관련]수랭 쿨러 조립 추가 비용상세보기메모리는 하이닉스 A다이 메모리\n인식률 호환성 안정성 굳!SSD는 PCI-E 4.0 새롭게 떠오르는 가성비 SSD케이스는 DF 5000의 개선판!\nBTF까지 완벽 대응!",
    "quote_feedback": "1. 4060 Ti에서 그래픽카드를 높인다면 4070 SUPER로 구성해주면 됩니다.1티어에 준하는 AS를 제공하고 트리플 팬이 적용되어 있으면서 가격적인 메리트도 높은 inno3D 지포스 RTX 4070 SUPER OC D6X 12GB X3로 변경2. 파워는 4000번대 16핀 전용 커넥터가 적용된 그래픽카드의 경우는 12VHPWR 케이블을 지원하는 제품으로 구성하는 것이 보다 안정적으로 사용할 수가 있습니다. 실버 인증에 12VHPWR 케이블이 적용된 마이크로닉스 COOLMAX FOCUS II 900W ETA SILVER PCIE5로 변경4070 SUPER는 16핀 전용 커넥터가 적용되어 있어서 12VHPWR 케이블이 필요합니다.3. CPU쿨러는 40dB 고정에서는 0.69도 높고 풀 RPM에서는 0.58도 높지만 아이들 시와 풀로드 시 소음에 있어서는 훨씬 낮은 수준으로 가격대비 종합 성능은 오히려 상위 제품이라고 할 수 있는 잘만 Alpha II A36 (BLACK)로 변경https://quasarzone.com/bbs/qc_qsz/views/1657751?page=11해당 쿨러 리뷰 자료인데 하단부 성능 벤치 자료 참고하시면 도움이 될 겁니다.참고해서 합리적인 구매하시기 바랍니다."
}