{
    "quote_number": "4676",
    "quote_title": "AMD 라이젠5-5세대 7500F + 라데온 RX 6800",
    "date_create": "2024.3.25",
    "cpu_gpu_combinations": "라이젠5 7500F + RX 6800 조합",
    "quotation_summary": " AMD 라이젠5-5세대 7500F + 라데온 RX 6800# 게임용",
    "quote_person_introduction": "안녕하세요! 인벤에서 주로 활동하고 있는 Skywalkers입니다.가성비와 성능비 그리고 감성비까지 모두 고려해서 가장 합리적인 구성을 찾을 수 있도록 추천을 드리겠습니다.",
    "quotations_quotations_description": "[CPU]AMD 라이젠5-5세대 7500F (라파엘) (멀티팩(정품))상세보기[메인보드]GIGABYTE B650M AORUS ELITE 피씨디렉트상세보기[메모리]ESSENCORE KLEVV DDR5-5600 CL46 (16GB) x 2 개상세보기[그래픽카드]XFX 라데온 RX 6800 SWFT 319 CORE D6 16GB상세보기[SSD]삼성전자 PM9A1 M2 NVMe 병행수입 (1TB)상세보기[케이스]3RSYS J700 RGB BLACK (미들타워)상세보기[파워서플라이]쿨러마스터 G800 GOLD상세보기[CPU쿨러]PentaWave Z04E SRB ARGB상세보기[소프트웨어]Microsoft Windows 11 Home (처음사용자용 한글)상세보기[조립PC관련][견적왕] 조립 서비스 + 1년 출장 A/S상세보기메모리는 하이닉스 A다이 메모리\n인식률 호환성 안정성 굳!그래픽카드는 RTX 4070 바로 아랫 등급!\nRTX 4060 Ti보다 월등히 좋지만 더 좋은 가성비 제품!파워서플라이는 안정성과 가성비를 겸비한 골드인증 800W 파워",
    "quote_feedback": "1. 옵티컬단자(s/pdif)를 쓰려면 메인보드를 지원하는 제품으로 구성해서 연결하면 됩니다.메인보드는 옵티컬 단자를 지원하는 GIGABYTE B650M AORUS ELITE 피씨디렉트로 구성해드렸습니다.2. CPU는 게임 가성비가 가장 좋은 7500F로 구성3. 메모리는 라이프타임 워런티로 압도적인 AS기간을 제공하고 SK하이닉스 모듈을 적용하여 안정적으로 사용할 수 있는 ESSENCORE KLEVV DDR5-5600 CL46 (16GB) x 2개 32기가로 구성4. 그래픽카드는 이전 세대 하이엔드급 성능인 3070 Ti 보다도 깡성능이 더 높은 넘사벽 갓성비 제품이라고 할 수 있는 XFX 라데온 RX 6800 SWFT 319 CORE D6 16GB로 구성AFMF 설정시 4070 TI 이상의 프레임도 기대할 수 있는 메리트가 아주 높은 제품입니다. AFMF는 6000번대 라데온 그래픽카드부터 지원을 합니다.https://youtu.be/K2Hg-CM6U6A그래픽카드 가성비 비교표 3월 ( SUPER 포함, 3050 6G, 7900GRE 포함) - 신성조 <- 그래픽카드 선택에 도움이 될 영상 링크해드립니다. 시청하시면 도움이 아주 많이 될 겁니다.5. SSD는 젠4 제품 중 넘사벽 갓성비의 삼성전자 980PRO OEM버전인 삼성전자 PM9A1 M2 NVMe 병행수입 (1TB)으로 구성했고, 저렴한 방열판도 하나 추가했습니다.6. 케이스는 최근까지도 5만원 중후반대에 판매중었다가 3만원 중반대로 가격을 대폭인하하여 가성비가 아주 좋아진 3RSYS J700 RGB BLACK (미들타워)로 구성7. 파워는 정격 800W 골드인증 제품인 쿨러마스터 G800 GOLD로 구성해서 안정성과 가성비를 모두 챙겼습니다.8. CPU쿨러는 싱글타워 끝판왕급 성능에 케이스와도 잘 어울리고 성능도 좋고 ARGB를 지원하는 제품 중에서는 가격적인 메리트도 가장 높은 갓성비 제품인 PentaWave Z04E SRB ARGB로 구성참고해서 합리적인 구매하시기 바랍니다."
}