{
    "quote_number": "4683",
    "quote_title": "AMD 라이젠5-4세대 5600 + 라데온 RX 580 2048SP",
    "date_create": "2024.3.25",
    "cpu_gpu_combinations": "라이젠5 5600 + RX 580 조합",
    "quotation_summary": " AMD 라이젠5-4세대 5600 + 라데온 RX 580 2048SP# 게임용",
    "quote_person_introduction": "안녕하세요! 인벤에서 주로 활동하고 있는 Skywalkers입니다.가성비와 성능비 그리고 감성비까지 모두 고려해서 가장 합리적인 구성을 찾을 수 있도록 추천을 드리겠습니다.",
    "quotations_quotations_description": "[CPU]AMD 라이젠5-4세대 5600 (버미어) (멀티팩(정품))상세보기[메인보드]ASUS PRIME A520M-A II 대원CTS상세보기[메모리]ESSENCORE KLEVV DDR4-3200 CL22 (16GB) x 2 개상세보기[그래픽카드]액슬 라데온 RX 580 2048SP D5 8GB R2 에즈윈상세보기[SSD]ADATA XPG SX8200 Pro M.2 2280 (512GB)상세보기[케이스]몬스타 가츠 X320M 블랙 (미니타워)상세보기[파워서플라이]몬스타 가츠 ExtremeX FX600 80PLUS STANDARD상세보기[CPU쿨러]PentaWave Z04E SRB ARGB상세보기[조립PC관련][견적왕] 조립 서비스 + 1년 출장 A/S상세보기CPU는 현재 게임 가성비가 가장 좋은 CPU",
    "quote_feedback": "1. 메인보드는 전원부 히트싱크와 램 슬롯 4개가 적용되어 있는 ASUS PRIME A520M-A II 대원CTS로 변경2. 메모리는 라이프타임 워런티로 압도적인 AS기간을 제공하고 SK하이닉스 모듈을 사용해서 안정성도 높고 가격도 저렴한 ESSENCORE KLEVV DDR4-3200 CL22 (16GB) 2개 32기가로 변경3. 그래픽카드는 RX 580 중에서는 가격적인 메리트가 가장 높은 액슬 라데온 RX 580 2048SP D5 8GB R2 에즈윈으로 변경4. 구성하신 SSD는 디램리스 제품에 속도도 낮은 편이라 메인드라이브로는 추천을 하지 않는 제품입니다.젠3 제품 중에서는 5년 무상AS에 성능도 좋고 가격적인 메리트도 있고 디램도 적용되어 있는 ADATA XPG SX8200 Pro M.2 2280 (512GB)로 변경5. 케이스는 보급형 끝판왕급 가성비 제품으로 공간활용성도 높은 몬스타 가츠 X320M 블랙 (미니타워)로 변경6. 파워는 6년 무상AS에 무려 9종에 달하는 보호회로를 적용하여 안정성에 몰빵을 하고서도 가격은 아주 착한 수준으로 출시가 되었고 현재 출시 이벤트로 가격을 더 인하해서 판매 중이라 갓성비 중에서도 갓성비라고 할 수 있는 몬스타 가츠 ExtremeX FX600 80PLUS STANDARD로 변경7. CPU쿨러는 싱글타워 끝판왕급 성능에 케이스와도 잘 어울리고 성능도 좋고 ARGB를 지원하는 제품 중에서는 가격적인 메리트도 가장 높은 갓성비 제품인 PentaWave Z04E SRB ARGB로 변경참고해서 합리적인 구매하시기 바랍니다."
}