{
    "quote_number": "4695",
    "quote_title": "인텔 코어i9-14세대 14900K + 지포스 RTX 4070 Ti SUPER",
    "date_create": "2024.3.25",
    "cpu_gpu_combinations": "코어i9-14900K + RTX 4070 Ti SUPER 조합",
    "quotation_summary": " 인텔 코어i9-14세대 14900K + 지포스 RTX 4070 Ti SUPER# 워크스테이션",
    "quote_person_introduction": "안녕하세요! 인벤에서 주로 활동하고 있는 Skywalkers입니다.가성비와 성능비 그리고 감성비까지 모두 고려해서 가장 합리적인 구성을 찾을 수 있도록 추천을 드리겠습니다.",
    "quotations_quotations_description": "[CPU]인텔 코어i9-14세대 14900K (랩터레이크 리프레시) (정품)상세보기[메인보드]GIGABYTE Z790 AORUS ELITE X 피씨디렉트상세보기[메모리]패트리어트 PATRIOT DDR5-5600 CL46 SIGNATURE (32GB) x 2 개상세보기[그래픽카드]ZOTAC 지포스 RTX 4070 Ti SUPER Trinity D6X 16GB Black상세보기[SSD]마이크론 Crucial T500 M.2 NVMe 대원씨티에스 (2TB)상세보기[케이스]3RSYS L700 LITE (미들타워)상세보기[파워서플라이]NEWZEN SKULL 850SM MODULAR ATX 3.0 80PLUS GOLD (PCIE5)상세보기[CPU쿨러]잘만 Alpha II A36 (BLACK)상세보기[소프트웨어]Microsoft Windows 11 Home (처음사용자용 한글)상세보기[조립PC관련]수랭 쿨러 조립 추가 비용상세보기[조립PC관련][견적왕] 조립 서비스 + 1년 출장 A/S상세보기",
    "quote_feedback": "1. 메인보드는 1440A급 출력의 드라이버 모스펫 전원부가 적용되어 있는 GIGABYTE Z790 AORUS ELITE X 피씨디렉트로 구성2. 메모리는 라이프타임 워런티로 압도적인 AS기간을 제공하고 SK하이닉스 모듈이 적용되어 있어서 안정적으로 사용할 수 있는 패트리어트 PATRIOT DDR5-5600 CL46 SIGNATURE (32GB) x 2개 64기가로 구성3. 그래픽카드는 1티어 AS에 2년 추가 RMA포함 총 5년의 무상AS를 제공하고 동일한 제품군에서는 가격적인 메리트도 있는 조택 4070 Ti SUPER로 구성했습니다. 고가의 그래픽카드일수록 추가되는 2년의 무상AS는 아주 큰 메리트가 됩니다.4. SSD는 최근 출시된 젠4 규격의 끝판왕급 성능 제품인 마이크론 Crucial T500 M.2 NVMe 대원씨티에스 (2TB)로 구성5. 케이스는 상단 3열 수냉쿨러 장착이 가능하고 원터치 스냅도어와 C타입 포트 등을 적용하고서도 가격을 대폭 인하하여 새롭게 출시한 갓성비 제품인 3RSYS L700 LITE (미들타워)로 구성6. 파워는 ATX3.0과 PCIE5 규격을 동시에 지원하는 가성비 좋은 NEWZEN SKULL 850SM MODULAR ATX 3.0 80PLUS GOLD (PCIE5)로 구성7. CPU쿨러는 대장급 성능의 3열 수냉쿨러 중에서 압도적인 가성비를 제공하는 잘만 Alpha II A36 (BLACK)으로 구성참고해서 합리적인 구매하시기 바랍니다."
}