{
    "quote_number": "4705",
    "quote_title": "AMD 라이젠5-5세대 7500F + 지포스 RTX 4060 Ti",
    "date_create": "2024.3.25",
    "cpu_gpu_combinations": "라이젠5 7500F + RTX 4060 Ti 조합",
    "quotation_summary": " AMD 라이젠5-5세대 7500F + 지포스 RTX 4060 Ti# 게임용",
    "quote_person_introduction": "안녕하세요! 인벤에서 주로 활동하고 있는 Skywalkers입니다.가성비와 성능비 그리고 감성비까지 모두 고려해서 가장 합리적인 구성을 찾을 수 있도록 추천을 드리겠습니다.",
    "quotations_quotations_description": "[CPU]AMD 라이젠5-5세대 7500F (라파엘) (멀티팩(정품))상세보기[메인보드]ASUS EX B650M-V7 대원씨티에스상세보기[메모리]ESSENCORE KLEVV DDR5-5600 CL46 (16GB) x 2 개상세보기[그래픽카드]갤럭시 BOY 지포스 RTX 4060 Ti OC D6 8GB상세보기[SSD]삼성전자 PM9A1 M2 NVMe 병행수입 (1TB)상세보기[케이스]DARKFLASH DK290 Air MESH RGB 강화유리 블랙 (미들타워)상세보기[파워서플라이]몬스타 가츠 ExtremeX FX700 80PLUS STANDARD상세보기[CPU쿨러]PentaWave Z04E SRB ARGB상세보기[쿨러.튜닝.조명.액세서리]케이엘시스템 KLcom M.2 2280 방열판 (BLACK)상세보기[조립PC관련][견적왕] 조립 서비스 + 1년 출장 A/S상세보기메모리는 하이닉스 A다이 메모리\n인식률 호환성 안정성 굳!쿨러.튜닝.조명.액세서리는 높은 NVMe SSD의 온도를 제어해 줄 가성비 좋은 SSD 방열판",
    "quote_feedback": "1. 메인보드는 전원부 히트싱크가 적용되어 있는 ASUS EX B650M-V7 대원씨티에스로 변경비슷한 금액대라면 커브 옵티마이저를 지원하지 않는 하위 칩셋인 A620보다는 상위 칩셋인 B650으로 구성하는 것이 좋습니다.2. 메모리는 하이닉스 A다이 언락 제품의 경우 수동으로 램 오버클럭을 할 때 메리트가 있는 제품입니다. 오버클럭을 하지 않는다면 메리트가 없죠.라이프타임 워런티로 압도적인 AS기간을 제공하고 SK하이닉스 모듈을 적용하여 안정적으로 사용할 수 있는 ESSENCORE KLEVV DDR5-5600 CL46 (16GB) x 2개 32기가로 변경3. 그래픽카드는 1티어 AS에 가격적인 메리트도 높은 갤럭시 BOY 지포스 RTX 4060 Ti OC D6 8GB로 변경4. 구성한 SSD는 디램리스에 속도도 느려서 메인드라이브로 사용하는 것은 추천을 하지 않습니다.젠4 제품 중 넘사벽 갓성비의 삼성전자 980PRO OEM버전인 삼성전자 PM9A1 M2 NVMe 병행수입 (1TB)으로 변경했고, 저렴한 방열판도 하나 추가했습니다.5. 파워는 6년 무상AS에 무려 9종에 달하는 보호회로를 적용하여 안정성에 몰빵을 하고서도 가격은 아주 착한 수준으로 출시가 되었고 현재 출시 이벤트로 가격을 더 인하해서 판매 중이라 갓성비 중에서도 갓성비라고 할 수 있는 몬스타 가츠 ExtremeX FX700 80PLUS STANDARD로 변경대부분의 보급형 파워는 3-5년 무상AS에 4-6종 보호회로가 적용되어 있는데 구성하신 세이브포스트 파워도 5년 무상에 4종 보호회로가 적용되어 있습니다.6. CPU쿨러는 싱글타워 끝판왕급 성능에 케이스와도 잘 어울리고 성능도 좋고 ARGB를 지원하는 제품 중에서는 가격적인 메리트도 가장 높은 갓성비 제품인 PentaWave Z04E SRB ARGB로 변경참고해서 합리적인 구매하시기 바랍니다."
}