{
    "quote_number": "4729",
    "quote_title": "[인텔] 화이트 PC 14600KF+4070 SUPER",
    "date_create": "2024.3.26",
    "cpu_gpu_combinations": "코어i5-14600KF + RTX 4070 SUPER 조합",
    "quotation_summary": " [인텔] 화이트 PC 14600KF+4070 SUPER# QHD# 게이밍PC# AAA# 14600KF# RTX 4070 SUPER",
    "quote_person_introduction": "안녕하세요! 견적왕 견적맨 Mr.홍금보 입니다.퀘이사존 다년간 좋은 인지도로 굳게 자리 잡았으며,저렴하다고 제품이 다 좋거나 가성비가 좋은건 아닙니다!합리적인 구매를 하실 수 있게 검증된 제품으로만 판매를 하고 구성을 하고 있으며,기본적으로 A/S가 좋지 않은 곳은 걸러서 구성하고 있습니다.믿고 맡겨주신다면, 그에 부응하도록 최선을 다할것을 굳게 약속 드리겠습니다!",
    "quotations_quotations_description": "[CPU]인텔 코어i5-14세대 14600KF (랩터레이크 리프레시) (정품)상세보기[메인보드]ASRock B760M 스틸레전드 WiFi D5 에즈윈상세보기[메모리]ADATA XPG DDR5-6000 CL30 LANCER RGB 화이트 패키지 (32GB(16Gx2))하이닉스 A다이 언락 제품!상세보기[그래픽카드]MSI 지포스 RTX 4070 SUPER 게이밍 X 슬림 화이트 D6X 12GB 트라이프로져3상세보기[SSD]마이크론 Crucial T500 M.2 NVMe 대원씨티에스 (1TB)상세보기[케이스]잘만 P30 White (미니타워)상세보기[파워서플라이]NEWZEN SKULL 750SM MODULAR ATX 3.0 80PLUS GOLD WHITE (PCIE5)상세보기[CPU쿨러]3RSYS Socoool RC-1800 Quiet 솔더링 (WHITE)상세보기[조립PC관련][견적왕] 조립 서비스 + 1년 출장 A/S상세보기CPU는 P6+E8코어 12+8쓰레드 인텔 CPU!메인보드는 좋은 A/S 준수한 성능!메모리는 6000클럭 튜닝램 제품 가운데 CL타이밍 값이 30으로 낮은편인 ADATA사의 LANCER RGB 화이트 튜닝램입니다. 라이프워런티정책으로 A/S정책이 좋으며 16GB 2장 총 32GB 패키지입니다.SSD는 가성비 PCIe 4.0 SSD!",
    "quote_feedback": "[인텔] 화이트 PC 14600KF+4070 SUPER"
}