{
    "quote_number": "4744",
    "quote_title": "고속 SSD 장착한 저가 사무용",
    "date_create": "2024.4.3",
    "cpu_gpu_combinations": "라이젠5 PRO 4650G +  조합",
    "quotation_summary": " 1. 저가 사무용2. 해당 견적은 가성비 만큼은 최고로 만들겠다고 뽑아낸 견적입니다.# 저가 사무용# 웹서핑용# 문서작업 하시는 분들에게 추천합니다.",
    "quote_person_introduction": "안녕하세요. 컴킬 공식 파트너 슈퍼파월 입니다.PC 업체에서 다년간 일한 노하우로 가성비와A/S를 최대한 신경 써서 견적 추천드리겠습니다.",
    "quotations_quotations_description": "[CPU]AMD 라이젠5 PRO 르누아르 4650G (정품 멀티팩)(쿨러포함)상세보기[메인보드]ASRock B450M-HDV R4.0 대원씨티에스상세보기[메모리]마이크론 Crucial DDR4 8G PC4-25600 CL22상세보기[SSD]Colorful SL500 디앤디컴 (256GB)상세보기[케이스]DAVEN 라피네 (미니타워)상세보기[파워서플라이]SF-500R12ST MEGA 80PLUS STANDARD 230V EU상세보기[조립PC관련][견적왕] 조립 서비스 + 1년 출장 A/S상세보기CPU는 6코어 12쓰레드로 사무용 가성비 제품입니다.메인보드는 AM4 사무용 메인보드로 D-SUB / DVI / HDMI 포트까지 지원합니다.메모리는 가격과 성능 A/S 모든면에서 완벽합니다.SSD는 다이나믹케어 서비스를 자랑하는 Colorful 디앤디컴의 제품에\n저장공간이 많이 필요없는 분들에게 좋은 256G 제품입니다.케이스는 사무용으로 심플한 디자인 입니다.파워서플라이는 고주파 등 A/S 관련하여 교체 서비스가 좋고 내장그래픽카드 구성에 맞는 500W 제품입니다.",
    "quote_feedback": "컴퓨터를 자주 사용하지는 않지는 가끔 웹서핑이나 문서작업, 인터넷 강의또는 플래쉬 게임이나 맞고+바둑 등 간단한 웹게임 롤이나 메이플등 저사양 게임하시는 분들에게 추천드립니다."
}