{
    "quote_number": "4768",
    "quote_title": "310만원 로스트아크 검은사막 온라인 MMORPG 스팀게임 고사양게임 라이젠 7800X3D + RTX 4080 SUPER QHD 게이밍 컴퓨터 견적",
    "date_create": "2024.3.27",
    "cpu_gpu_combinations": "라이젠7 7800X3D + RTX 4080 SUPER 조합",
    "quotation_summary": " 라이젠 7800X3D / RTX 4080 SUPER / RAM 32GB / SSD 1TB# QHD 게이밍# 온라인 MMORPG# 로아# 검은사막# WOW# 스팀게임# 고사양게임",
    "quote_person_introduction": "안녕하세요. 로카프입니다.우리 주변에는 아직 컴퓨터 견적구성을 어떻게 할 지 몰라 고민에 빠지는 분들이 많이 계십니다.성능은 괜찮을까? 고장은 나지 않을까? 가격은 괜찮은건가? 이런 고민들을 한 번쯤은 해보셨을 겁니다.용도에 알맞는 성능과 합리적인 가격, 최우선으로 안정성과 신뢰도 높은 부품들로 구성된 견적을 추천해드리겠습니다.컴퓨터를 처음 알아보시는 분들의 입장에서 생각하고 견적을 구성해드리는 견적맨이 되겠습니다.",
    "quotations_quotations_description": "[CPU]AMD 라이젠7-5세대 7800X3D (라파엘) (멀티팩(정품))상세보기[메인보드]ASRock B650 PG Lightning 대원씨티에스상세보기[메모리]ADATA DDR5-5600 CL46-45-45 (16GB) x 2 개상세보기[그래픽카드]이엠텍 지포스 RTX 4080 SUPER BLACK STORM OC D6X 16GB상세보기[SSD]마이크론 Crucial T500 M.2 NVMe 대원씨티에스 (1TB)상세보기[케이스]마이크로닉스 ML-420 BTF 블랙 (빅타워)상세보기[파워서플라이]SuperFlower SF-850F14HG LEADEX III GOLD BLACK (PCIE 5)상세보기[CPU쿨러]Thermalright Peerless Assassin 120 SE 서린상세보기[조립PC관련][견적왕] 조립 서비스 + 1년 출장 A/S상세보기CPU는 3D V캐시 구성으로 압도적인 게이밍 성능을 자랑하며 공랭쿨러로도 사용이 가능한 7800X3D입니다. 8코어 16쓰레드 구조로 방송하시는 데도 충분한 성능을 발휘하는 제품입니다.메인보드는 840A급 드라이버모스펫 채용으로 전원부 성능이 매우 뛰어나 라이젠 7000시리즈 어떤 CPU와도 구성 할 수 있는 제품입니다. 또한, ATX 사이즈 메인보드로 확장성 역시 매우 좋습니다.메모리는 라이프워런티정책으로 A/S정책 좋은 ADATA 5600클럭 JEDEC 표준 일반램입니다.그래픽카드는 QHD 게이밍도 끄떡없는 극강의 성능을 자랑하는 RTX 4080 SUPER입니다. 이엠텍사 제품이므로 A/S퀄리티가 매우 좋으며 제원 상 길이는 328.9mm, 두께는 63.5mm입니다. 권장파워용량은 850W 이상이며, 보조전원포트 규격은 12VHPWR입니다.SSD는 최대읽기속도 7,300MB/s 최대쓰기속도 6,800MB/s를 자랑하는 최상위권 PCIe 4.0 SSD인 T500입니다. 보증기간 5년 제공하며 파이슨 컨트롤러가 적용되어 있습니다.케이스는 제품명과 같이 BTF 메인보드 장착과 상단 420수랭쿨러 장착을 지원합니다. 팬, ARGB허브가 기본 구성되어있으며 전면 140mm팬 3개, 후면 140mm팬 1개를 기본제공합니다. 제원 상 CPU쿨러 최대호환가능높이는 180mm이며 그래픽카드 최대호환가능길이는 455mm이므로 내부공간이 여유롭습니다.파워서플라이는 고주파 증상 발생에도 원활한 A/S가 가능한 SuperFlower사의 850W 골드등급 제품입니다. 12VHPWR 케이블이 기본구성되어 RTX 4000번대 그래픽카드 구성 시 깔끔한 선정리가 가능합니다.CPU쿨러는 듀얼타워공랭쿨러 가운데 탁월한 쿨링성능과 정숙성을 보여주는 Peerless Assassin 120 SE 제품입니다.",
    "quote_feedback": "게이밍성능 신경 써서 라이젠 7800X3D + RTX 4080 SUPER 조합의 견적 구성 도와드렸습니다.CPU는 3D V캐시 적용으로 캐시메모리 용량이 커 게임성능이 매우 좋은 7800X3D이며특히 로스트아크, 검은사막, WOW와 같은 온라인 MMORPG게임에서의 성능이 독보적입니다.메인보드는 ATX사이즈이므로 확장성 좋고 두꺼운 그래픽카드 구성도 용이한 제품으로 선택했으며그래픽카드는 가장 고가의 부품인만큼 A/S퀄리티 좋은 이엠텍, 조텍, 갤럭시, inno3D 제품 추천드립니다.메모리는 JEDEC 표준 일반램으로 16GB 2장 총 32GB 구성해드렸으며SSD는 PCIe4.0 규격의 스펙 좋은 1TB 제품입니다.파워는 12VHPWR케이블 기본제공하는 850W 용량 제품이면 되겠으며CPU쿨러는 상급 듀얼타워공랭쿨러로 마무리했습니다."
}