{
    "quote_number": "4772",
    "quote_title": "AMD 라이젠5-5세대 7600 + 지포스 RTX 4060 Ti",
    "date_create": "2024.3.27",
    "cpu_gpu_combinations": "라이젠5 7600 + RTX 4060 Ti 조합",
    "quotation_summary": " AMD 라이젠5-5세대 7600 + 지포스 RTX 4060 Ti# 게임용",
    "quote_person_introduction": "안녕하세요! 인벤에서 주로 활동하고 있는 Skywalkers입니다.가성비와 성능비 그리고 감성비까지 모두 고려해서 가장 합리적인 구성을 찾을 수 있도록 추천을 드리겠습니다.",
    "quotations_quotations_description": "[CPU]AMD 라이젠5-5세대 7600 (라파엘) (정품)상세보기[메인보드]GIGABYTE B650M AORUS ELITE AX ICE 피씨디렉트상세보기[메모리]ESSENCORE KLEVV DDR5-5600 CL46 (16GB) x 2 개상세보기[그래픽카드]이엠텍 지포스 RTX 4060 Ti MIRACLE WHITE D6 8GB상세보기[SSD]장우컴퍼니 PM9A1 M.2 NVMe 병행수입 (1TB) 삼성전자상세보기[케이스]몬스타 가츠 X520A 화이트 (미들타워)상세보기[파워서플라이]topower Guardian TOP-700DG Single Rail 80PLUS BRONZE WHITE상세보기[CPU쿨러]3RSYS Socoool RC1200 ARGB (WHITE)상세보기[조립PC관련][견적왕] 조립 서비스 + 1년 출장 A/S상세보기메모리는 하이닉스 A다이 메모리\n인식률 호환성 안정성 굳!파워서플라이는 7년 무상 AS에 브론즈 인증, 140mm 팬 장착, 12V 가용력 100%, 성능으로 세계적에서 유명한 국산 삼영콘덴서를 메인콘덴서로 채용, 6종 보호회로 적용 등 가격대비 퀄리티는 최고수준으로 보급형에서는 끝판왕급인 탑파워 가디언 700W 화이트",
    "quote_feedback": "1. 메모리는 라이프타임 워런티로 압도적인 AS기간을 제공하고 SK하이닉스 모듈을 적용하여 안정적으로 사용할 수 있는 ESSENCORE KLEVV DDR5-5600 CL46 (16GB) x 2개 32기가로 변경현재 구성하신 쿨러가 유통하는 업체가 몇 없어서 어항케이스의 튜닝을 극대화할 수 있도록 듀얼타워 공랭쿨러로 변경을 했습니다.듀얼타워 공랭쿨러는 메인보드의 메모리 슬롯을 다 덮어버려서 메모리가 보이지 않습니다. 즉 LED 튜닝 램이 보이지 않아서 튜닝 메모리의 메리트가 떨어지게 됩니다. 안정성과 가성비를 모두 챙길 수 있도록 변경을 했구요.2. 그래픽카드는 1티어 AS 중에서도 최상위면서 가격적인 메리트도 높은 화이트 색상의 이엠텍 지포스 RTX 4060 Ti MIRACLE WHITE D6 8GB로 변경3. 구성하신 P31 SSD는 NVMe 규격 중에서는 속도가 가장 느린 젠3 제품입니다.젠3 보다 2배 더 빠른 젠4 제품 중 넘사벽 갓성비의 삼성전자 980PRO OEM버전인 삼성전자 PM9A1 M2 NVMe 병행수입 (1TB)으로 변경4. 케이스는 어항케이스 중에 상단 3열 수냉쿨러 장착이 되는 제품으로 공랭쿨러 조립을 하게 되면 내부에 공간이 너무 많이 남게 되면서 튜닝에 특화된 케이스의 매력이 반감됩니다. 3열 수냉쿨러 장착을 하는 것이 아니라면 공랭쿨러용으로 나온 어항케이스로 변경해주는 것이 훨씬 멋지고 이쁜 세팅이 가능하게 됩니다.압도적인 비주얼과 가성비 그리고 하단부 타공망 적용으로 쿨링 효율까지 챙긴 공랭쿨러용 어항케이스인 몬스타 가츠 X520A 화이트 (미들타워)로 변경5. 파워는 7년 무상 AS에 브론즈 인증, 140mm 팬 장착, 12V 가용력 100%, 성능으로 세계적에서 유명한 국산 삼영콘덴서를 메인콘덴서로 채용, 6종 보호회로 적용 등 가격대비 퀄리티는 최고수준으로 보급형에서는 끝판왕급인 탑파워 가디언 700W 화이트로 변경6. CPU쿨러는 대장급 성능의 듀얼타워 공랭쿨러 중에서는 최고의 가성비를 제공하는 3RSYS Socoool RC1200 ARGB (WHITE)로 변경참고해서 합리적인 구매하시기 바랍니다."
}