{
    "quote_number": "4882",
    "quote_title": "AMD 라이젠7-5세대 7800X3D + RTX 4080 SUPER",
    "date_create": "2024.3.30",
    "cpu_gpu_combinations": "라이젠7 7800X3D + RTX 4080 SUPER 조합",
    "quotation_summary": " AMD 라이젠7-5세대 7800X3D + RTX 4080 SUPER# 게임용",
    "quote_person_introduction": "안녕하세요! 인벤에서 주로 활동하고 있는 Skywalkers입니다.가성비와 성능비 그리고 감성비까지 모두 고려해서 가장 합리적인 구성을 찾을 수 있도록 추천을 드리겠습니다.",
    "quotations_quotations_description": "[CPU]AMD 라이젠7-5세대 7800X3D (라파엘) (멀티팩(정품))상세보기[메인보드]ASRock B650 PG Lightning 대원씨티에스상세보기[메모리]ESSENCORE KLEVV DDR5-5600 CL46 (16GB) x 2 개상세보기[그래픽카드]ZOTAC GAMING 지포스 RTX 4080 SUPER AMP EXTREME AIRO D6X 16GB상세보기[SSD]삼성전자 PM9A1 M2 NVMe 병행수입 (1TB)상세보기[케이스]3RSYS J700 RGB BLACK (미들타워)상세보기[파워서플라이]NEWZEN SKULL 850SM MODULAR ATX 3.0 80PLUS GOLD (PCIE5)상세보기[CPU쿨러]PentaWave S06D LE ARGB상세보기[조립PC관련][견적왕] 조립 서비스 + 1년 출장 A/S상세보기메모리는 하이닉스 A다이 메모리\n인식률 호환성 안정성 굳!CPU쿨러는 케이스와도 잘 어울리는 대장급 성능의 듀얼타워 공랭쿨러 중에서는 압도적인 가성비를 제공",
    "quote_feedback": "1. 삼성 램의 경우 대규모 불량 이슈가 터졌던 제품이라 라이프타임 워런티로 압도적인 AS기간을 제공하고 SK하이닉스 모듈을 적용하여 안정적으로 사용할 수 있는 ESSENCORE KLEVV DDR5-5600 CL46 (16GB) x 2개 32기가로 변경현재 가장 많이 AMD CPU와 추천되는 메모리가 5600MHz 규격램입니다. 문제가 있었다면 벌써 큰 이슈가 되었겠죠. 출시 초기에 약간의 문제가 있었지만 지금은 없다고 봐도 되는 수준이라 최근 신성조님 영상보면 5600 자주 등장을 합니다. 테스트도 많이 하구요.2. 구성하신 P31 SSD는 NVMe 규격 중에서 속도가 가장 느린 젠3 제품입니다.젠3 대비 2배 더 빠른 젠4 제품 중 넘사벽 갓성비의 삼성전자 980PRO OEM버전인 삼성전자 PM9A1 M2 NVMe 병행수입 (1TB)으로 변경3. 그래픽카드의 길이가 355.3mm로 지금 구성한 케이스(330mm까지 장착 지원)에서는 장착이 불가능합니다. 371mm까지 장착 지원을 하면서 최근 가격도 대폭인하해서 갓성비 수준의 제품이 된 3RSYS J700 RGB BLACK (미들타워)로 변경4. 파워는 ATX3.0과 PCIE5 규격을 동시에 지원하는 가성비 좋은 NEWZEN SKULL 850SM MODULAR ATX 3.0 80PLUS GOLD (PCIE5)로 변경5. CPU쿨러는 케이스와도 잘 어울리면서 대장급 성능의 듀얼타워 공랭쿨러 중에서는 압도적인 가성비를 제공하는 PentaWave S06D LE ARGB로 변경참고해서 합리적인 구매하시기 바랍니다."
}