{
    "quote_number": "4898",
    "quote_title": "430만원 로아 검은사막 스팀게임 고사양게임 라이젠 7950X3D + RTX 4080 SUPER 화이트감성 작업 및 QHD 게이밍 컴퓨터 견적",
    "date_create": "2024.3.30",
    "cpu_gpu_combinations": "라이젠9 7950X3D + RTX 4080 SUPER 조합",
    "quotation_summary": " 라이젠 7950X3D / RTX 4080 SUPER / RAM 32GB / SSD 2TB+2TB# 작업용# QHD 게이밍# 화이트감성# SSD 2장 구성# 로스트아크# 검은사막# 스팀게임# 고사양게임",
    "quote_person_introduction": "안녕하세요. 로카프입니다.우리 주변에는 아직 컴퓨터 견적구성을 어떻게 할 지 몰라 고민에 빠지는 분들이 많이 계십니다.성능은 괜찮을까? 고장은 나지 않을까? 가격은 괜찮은건가? 이런 고민들을 한 번쯤은 해보셨을 겁니다.용도에 알맞는 성능과 합리적인 가격, 최우선으로 안정성과 신뢰도 높은 부품들로 구성된 견적을 추천해드리겠습니다.컴퓨터를 처음 알아보시는 분들의 입장에서 생각하고 견적을 구성해드리는 견적맨이 되겠습니다.",
    "quotations_quotations_description": "[CPU]AMD 라이젠9-5세대 7950X3D (라파엘) (멀티팩(정품))상세보기[메인보드]GIGABYTE B650 AORUS ELITE AX ICE 피씨디렉트상세보기[메모리]ADATA DDR5-5600 CL46-45-45 (16GB) x 2 개상세보기[그래픽카드]ZOTAC GAMING 지포스 RTX 4080 SUPER Trinity OC D6X 16GB White상세보기[SSD]마이크론 Crucial T500 M.2 NVMe 대원씨티에스 (2TB) x 2 개상세보기[케이스]Antec C8 MESH White (빅타워)상세보기[파워서플라이]SuperFlower SF-1000F14PE LEADEX VI PRO PLATINUM WHITE (PCIE 5)12VHPWR 케이블 제공상세보기[CPU쿨러]발키리 GL360 ARGB (WHITE)상세보기[쿨러.튜닝.조명.액세서리]발키리 X12 ARGB (WHITE) x 7 개상세보기[쿨러.튜닝.조명.액세서리]LEADCOOL RH-1 EVO ARGB 메모리 방열판 화이트 (2PACK)상세보기[조립PC관련][견적왕] 조립 서비스 + 1년 출장 A/S상세보기[조립PC관련]수랭 쿨러 조립 추가 비용상세보기CPU는 3D V캐시 구성으로 압도적인 게이밍 성능을 자랑하며 16코어 32쓰레드 구조로 작업성능 또한 뛰어난 7950X3D입니다.메인보드는 720A급의 전원부성능을 가졌으며 WIFI와 블루투스기능을 탑재한 B650칩셋의 ATX사이즈 제품입니다. 전체적으로 전원부 방열판과 M.2 SSD 방열판이 잘 구성되어있으며 기판까지 화이트색상이 적용된 디자인을 가지고있습니다.메모리는 라이프워런티정책으로 A/S정책 좋은 ADATA 5600클럭 JEDEC 표준 일반램입니다.그래픽카드는 QHD 게이밍도 끄떡없는 극강의 성능을 자랑하는 RTX 4080 SUPER입니다. 더불어 ZOTAC사 제품으로 A/S 걱정에서 자유로울 수 있으며, 구매 후 14일 이내 제품 등록 시 무상 3년 보증에 추가로 2년 확대보증 서비스를 제공하여 오래도록 사용할 수 있습니다. 화이트 색상 제품으로 화이트 감성 PC 구성에 제격입니다.SSD는 232단 TLC NAND가 적용된 최대읽기속도 7,400MB/s 최대쓰기속도 7,000MB/s를 자랑하는 최상위권 PCIe 4.0 SSD인 T500입니다.케이스는 케이스팬을 따로 추가해서 화이트감성 견적 구성 시 고려해볼만한 어항케이스 디자인 C8 MESH입니다. 우측면, 상단, 하단 풀메쉬 디자인에 듀얼 챔버 구조입니다. 상단/측면/하단/후면에 쿨링팬 총 10개까지 구성가능하며 그래픽카드 최대호환가능길이 440mm로 공간적인 여유도 있습니다.파워서플라이는 RTX 4090의 권장파워용량 1000W를 충족하는 플래티넘등급의 슈퍼플라워 제품입니다. 12VHPWR 커넥터를 지원하며 고주파 증상에도 원활한 A/S를 받을 수 있을만큼 정책이 매우 좋습니다.CPU쿨러는 360수랭쿨러 쿨링성능 최상위권의 발키리 GL360이며 인텔 i5 ~ i9, 라이젠 7000시리즈 X붙은 CPU들과 구성하기에 알맞는 제품입니다.",
    "quote_feedback": "라이젠 7950X3D + RTX 4080 SUPER 화이트조합의 견적 구성 도와드렸습니다.CPU는 3D V캐시 적용으로 캐시메모리 용량이 커 게임성능이 무척이나 좋을 뿐 아니라16코어 32쓰레드 구성이므로 작업성능 또한 챙겨볼 수 있는 라이젠 7950X3D입니다.메모리는 JEDEC 표준 일반램으로 16GB 2장 총 32GB 용량 맞춰드렸으며그래픽카드는 가장 고가의 부품인만큼 A/S퀄리티 좋은 이엠텍, 조텍, 갤럭시, inno3D 제품 추천드립니다.SSD는 PCIe4.0 상위스펙 제품 2TB 2장으로 총 4TB 용량 맞춰드렸습니다.파워는 12VHPWR 케이블 있는 1000W 용량제품이면 충분히 여유있으며CPU쿨러는 360수랭쿨러 쿨링성능 상위권 제품으로 마무리했습니다."
}