{
    "quote_number": "4912",
    "quote_title": "AMD 라이젠5-4세대 5600 +  라데온 RX 7600",
    "date_create": "2024.3.31",
    "cpu_gpu_combinations": "라이젠5 5600 + RX 7600 조합",
    "quotation_summary": " AMD 라이젠5-4세대 5600 +  라데온 RX 7600# 게임용",
    "quote_person_introduction": "안녕하세요! 인벤에서 주로 활동하고 있는 Skywalkers입니다.가성비와 성능비 그리고 감성비까지 모두 고려해서 가장 합리적인 구성을 찾을 수 있도록 추천을 드리겠습니다.",
    "quotations_quotations_description": "[CPU]AMD 라이젠5-4세대 5600 (버미어) (멀티팩(정품))상세보기[메인보드]ASUS PRIME A520M-A II 대원CTS상세보기[메모리]ESSENCORE KLEVV DDR4-3200 CL22 (16GB) x 2 개상세보기[그래픽카드]PowerColor 라데온 RX 7600 Fighter D6 8GB 대원씨티에스상세보기[SSD]ADATA XPG SX8200 Pro M.2 2280 코잇 (1TB)상세보기[케이스]몬스타 가츠 X420A 블랙 (미들타워)상세보기[파워서플라이]몬스타 가츠 ExtremeX FX700 80PLUS STANDARD상세보기[CPU쿨러]PentaWave Z04E SRB ARGB상세보기[조립PC관련][견적왕] 조립 서비스 + 1년 출장 A/S상세보기CPU는 현재 게임 가성비가 가장 좋은 CPU",
    "quote_feedback": "1. 메모리는 라이프타임 워런티로 압도적인 AS기간을 제공하고 SK하이닉스 모듈을 사용해서 안정성도 높고 가격도 저렴한 ESSENCORE KLEVV DDR4-3200 CL22 (16GB) 2개 32기가로 변경2. 그래픽카드는 RX 7600 중에서는 가격적인 메리트가 가장 높은 PowerColor 라데온 RX 7600 Fighter D6 8GB 대원씨티에스로 변경3. 현재 구성한 시스템은 젠4 규격의 SSD 대역폭을 지원하지 않습니다. 젠3까지만 지원을 하구요.SSD는 젠3 제품 중에서는 5년 무상AS에 성능도 좋고 가격적인 메리트도 있는 ADATA XPG SX8200 Pro M.2 2280 코잇 (1TB)로 변경읽기속도 : 3,500(MB/s) / 쓰기속도 : 3,000(MB/s)로 최고 성능이면서 디램 버퍼메모리와 전용 히트싱크까지 적용되어 있습니다.4. 케이스는 최근에 출시한 보급형 끝판왕급 가성비 제품인 몬스타 가츠 X420A 블랙 (미들타워)로 변경https://coolenjoy.net/bbs/system/1278729직접 조립해서 테스트를 해봤는데 가격대비 퀄리티가 상당히 좋고 디자인 또한 훌륭하더군요.5. 파워는 6년 무상AS에 무려 9종에 달하는 보호회로를 적용하여 안정성에 몰빵을 하고서도 가격은 아주 착한 수준으로 출시가 되었고 현재 출시 이벤트로 가격을 더 인하해서 판매 중이라 갓성비 중에서도 갓성비라고 할 수 있는 몬스타 가츠 ExtremeX FX700 80PLUS STANDARD로 변경6. CPU쿨러는 싱글타워 끝판왕급 성능에 케이스와도 잘 어울리고 성능도 좋고 ARGB를 지원하는 제품 중에서는 가격적인 메리트도 가장 높은 갓성비 제품인 PentaWave Z04E SRB ARGB로 변경참고해서 합리적인 구매하시기 바랍니다."
}