{
    "quote_number": "4924",
    "quote_title": "5600 + RX 580",
    "date_create": "2024.3.31",
    "cpu_gpu_combinations": "라이젠5 5600 + RX 580 조합",
    "quotation_summary": " 5600 + RX 580# 5600 + RX 580",
    "quote_person_introduction": "퀘이사존, 다나와, 쿨엔에서 활동 중인  잉여인간17호입니다.다양한 필테 경력과 컴덕질을 경험삼아 도움 드리고자 합니다.어떠한 스폰도 받지 않는 유저 입장에서 직접 사용해보고 테스트한 견적 위주로 견적드리겠습니다.",
    "quotations_quotations_description": "[CPU]AMD 라이젠5-4세대 5600 (버미어) (멀티팩(정품))상세보기[메인보드]Biostar A520MS 제이씨현상세보기[메모리]ESSENCORE KLEVV DDR4-3200 CL22 (8GB) x 2 개상세보기[그래픽카드]AFOX 라데온 RX 580 2048SP D5 8GB 대원씨티에스상세보기[SSD]ADATA XPG SX8100 M.2 2280 (256GB)상세보기[케이스]몬스타 가츠 X120M 블랙 (미니타워)상세보기[파워서플라이]몬스타 가츠 ExtremeX FX500 80PLUS STANDARD상세보기[조립PC관련][견적왕] 조립 서비스 + 1년 출장 A/S상세보기CPU는 여전히 가성비 게이밍 CPU로 명성이 자자한 CPU입니다.",
    "quote_feedback": "5600 + RX 580"
}