{
    "quote_number": "4945",
    "quote_title": "라라랜드 끝판왕! 78X3D + RX 7900 XTX",
    "date_create": "2024.4.1",
    "cpu_gpu_combinations": "라이젠7 7800X3D + RX 7900 XTX 조합",
    "quotation_summary": " 1. 3D 캐시 탑재 CPU로 게임 프레임 방어에 유리2. AFMF(게임 프레임 보간 기술) 지원으로 높은 프레임 기대 가능# UHD# 게이밍# AFMF",
    "quote_person_introduction": "﻿안녕하세요! 견적맨 파란개비 입니다.다년간의 PC A/S와 퀘이사존, 인벤, 카카오톡  오픈채팅 등의 커뮤니티 활동으로 다져진 경험으로합리적인 가격과 성능, 사후 처리까지 문제없는 제품을 찾아 추천드리겠습니다!",
    "quotations_quotations_description": "[CPU]AMD 라이젠7-5세대 7800X3D (라파엘) (정품)상세보기[메인보드]ASUS TUF Gaming B650M-E WIFI 대원씨티에스상세보기[메모리]마이크론 Crucial DDR5-5600 CL46 PRO 패키지 (32GB(16Gx2))상세보기[그래픽카드]PowerColor 라데온 RX 7900 XTX Hellhound D6 24GB 대원씨티에스상세보기[SSD]삼성전자 980 PRO M.2 NVMe (1TB)상세보기[케이스]DARKFLASH DLX21 RGB MESH 강화유리 블랙 (미들타워)상세보기[파워서플라이]SuperFlower SF-850F14HG LEADEX III GOLD BLACK (PCIE 5)상세보기[CPU쿨러]Thermalright Peerless Assassin 120 SE 서린상세보기[조립PC관련][견적왕] 조립 서비스 + 1년 출장 A/S상세보기CPU는 3D 캐시가 구성된 X3D 라인업 제품입니다.\n게이밍 CPU에서는 최고봉이라 부를 수 있는 제품입니다.메인보드는 WIFI와 블루투스를 지원하는 ASUS B650 칩셋 메인보드 입니다.\nM-ATX 폼팩터로 3슬롯 그래픽카드 장착 시 하단 케이블과 간섭이 발생할 수 있으나\nSATA 케이블을 제외하면 대부분의 케이블은 간섭없이 장착 가능합니다.\nSATA 포트의 경우 메인보드 우측의 3개 포트에 연결하면 간섭을 피할 수 있습니다.메모리는 마이크론의 PRO 메모리 입니다.\n5600클럭 기본 지원에 패키지 구성으로 두 메모리가 제조년월을 공유하기 때문에 오버클럭에서도 조금 더 용이합니다.그래픽카드는 파워컬러의 7900 XTX 제품입니다.\n타사 대비 10~20가량 저렴한 가격대(24년 4월 기준)를 가지고 있어 7900 XTX 제품 중 메리트가 상당합니다.\nAFMF를 지원하여 QHD~UHD까지 활용 가능합니다.SSD는 가격대는 조금 높은 편이나 PCIe 4.0 SSD 중에선 끝판왕이라고 불릴만한 제품입니다.케이스는 다크플래시의 DLX21 입니다.\n4개의 팬이 구성되어 있고 RGB 컨트롤도 가능한 제품입니다.\n전면 메쉬로 구성되어 있어 내부 통풍에도 유리한 구성입니다.파워서플라이는 슈퍼플라워의 850W 80PLUS 골드 등급 제품입니다.\n제품의 퀄리티도 매우 준수하나 뛰어난 보증 정책으로 사후 지원까지 완벽한 제품입니다.CPU쿨러는 써멀라이트의 가성비 트윈타워 공랭입니다.\n트윈 타워형 공랭 중 3만원대의 제품은 거의 유일합니다.조립PC관련는 견적왕 조립 + 1년 방문 출장 A/S 입니다.\n조립된 본체를 받으실 수 있으며 하드웨어적 문제의 경우 구매일로부터 1년간 무상으로 출장 A/S 받아보실 수 있습니다.",
    "quote_feedback": "3D 캐시로 최저 프레임 방어에 용이하며AFMF 기술 지원으로 UHD까지 이용 가능한 그래픽카드 구성."
}