{
    "quote_number": "4949",
    "quote_title": "100 만원 미만 가성비 게이밍 PC (5600+ rx7600)",
    "date_create": "2024.4.1",
    "cpu_gpu_combinations": "라이젠5 5600 + RX 7600 조합",
    "quotation_summary": " 1. 100만원 미만의 게이밍 PC2. FHD 해상도 사용자3. 가성비 종결# 가성비 게이밍 PC# FHD 해상도",
    "quote_person_introduction": "안녕하세요. 견적왕에서 견적맨으로 활동하고 있는 coke-bear 입니다.퀘이사존에서 주로 활동하며 그 외 커뮤니티에서도 간간히 활동하고 있습니다.하드웨어에 관심이 많아 제품을 직접 사용해보기도 하고 주변 지인들 PC 견적부터 조립도 해주다보니PC 구매를 어려워하거나 용도에 맞지 않게 구매하여 불필요한 지출을 하는 경우를 보게 되었습니다.그런 분들께 조금이라도 도움이 되고자 PC 구매자분들께 합리적인 구매를 할 수 있게 견적맨으로 활동하게 되었습니다.",
    "quotations_quotations_description": "[CPU]AMD 라이젠5-4세대 5600 (버미어) (멀티팩(정품))상세보기[메인보드]ASRock B550M-HDV 대원씨티에스상세보기[메모리]마이크론 Crucial DDR4 8G PC4-25600 CL22 x 2 개상세보기[그래픽카드]ASRock 라데온 RX 7600 CHALLENGER OC D6 8GB 대원씨티에스상세보기[SSD]SK하이닉스 Gold P31 M2 NVMe (1TB)상세보기[케이스]DAVEN D4 MESH BLACK (미들타워)상세보기[파워서플라이]SuperFlower SF-600R12ST MEGA 80PLUS STANDARD 230V EU상세보기[CPU쿨러]DEEPCOOL AG400상세보기[조립PC관련][견적왕] 조립 서비스 + 1년 출장 A/S상세보기CPU는 12400F 와 비교되는 제품군으로 12400F 대비 구성 가격대가 10만원 가량 저렴하고 저렴하게 구성 가능한 6코어 제품입니다.메인보드는 b550m 보드 중 가격대가 저렴하면서 전원부는 5600을 사용하는데 여유있는 제품입니다.메모리는 삼성 3200 메모리와 동일한 성능에 라이프 워런티를 가지고 있어 1년 보증의 삼성 메모리 대비 무한대의 기간동안 보증받을 수 있고 가격 또한 소폭 저렴합니다.그래픽카드는 라데온의 4060 라인업 제품입니다. AFMF 기능 업데이트로 인해 4060 보다 상위 성능의 프레임으로 활용 가능합니다.SSD는 PCIE3.0 M.2 방식의 저장장치 제품입니다. PCIE3.0 말미에 출시하여 현재까지도 매우 많이 쓰이는 제품으로 그만큼 성능과 안정성이 검증된 제품입니다.케이스는 저가형 미들타워 케이스인 데이븐의 D4 MESH 제품입니다. 전면 메쉬형태의 제품으로 내부 발열 해소에 유리하고 강판두께 또한 준수합니다.파워서플라이는 파워 회사 중 as 정책이 가장 좋은 슈퍼플라워의 600w 파워입니다.CPU쿨러는 2만원대 가격에 무뽑방지와 3만원대 팔라딘이나 RC400 제품군과의 쿨링 성능도 뒤지지 않는 가성비 최고의 공랭쿨러 입니다.",
    "quote_feedback": "100만원 미만 게이밍 PC 구성 중 4060 보다 가격은 저렴하면서 성능은 상위 성능으로 활용 가능한 구성입니다.AFMF 기능 업데이트로 인해 프레임 2배 향상이 가능하여 상위 라인업의 제품과 견줄 수 있을만한 게임 프레임으로 활용 가능합니다."
}