{
    "quote_number": "4973",
    "quote_title": "7500F NZXT H9 FLOW 화이트 감성",
    "date_create": "2024.4.1",
    "cpu_gpu_combinations": "라이젠5 7500F +  조합",
    "quotation_summary": " 7500F NZXT H9 FLOW 화이트 감성# 7500F NZXT H9 FLOW 화이트 감성",
    "quote_person_introduction": "퀘이사존, 다나와, 쿨엔에서 활동 중인  잉여인간17호입니다.다양한 필테 경력과 컴덕질을 경험삼아 도움 드리고자 합니다.어떠한 스폰도 받지 않는 유저 입장에서 직접 사용해보고 테스트한 견적 위주로 견적드리겠습니다.",
    "quotations_quotations_description": "[CPU]AMD 라이젠5-5세대 7500F (라파엘) (멀티팩(정품))상세보기[메인보드]ASRock B650M Pro RS 대원씨티에스상세보기[메모리]TeamGroup T-Force DDR5-6000 CL38 Delta RGB 화이트 패키지 아인스 (32GB(16Gx2))상세보기[SSD]마이크론 Crucial T500 M.2 NVMe 대원씨티에스 (2TB)상세보기[케이스]NZXT H9 Flow Matte White (미들타워)상세보기[파워서플라이]NEWZEN SKULL 750SM MODULAR ATX 3.0 80PLUS GOLD WHITE (PCIE5)상세보기[CPU쿨러]NZXT KRAKEN 360 RGB (WHITE)상세보기[쿨러.튜닝.조명.액세서리]NZXT F120 RGB DUO Matte White (3PACK/Controller)상세보기[쿨러.튜닝.조명.액세서리]NZXT F120 RGB DUO Matte White (1PACK)상세보기[조립PC관련][견적왕] 조립 서비스 + 1년 출장 A/S상세보기[조립PC관련]수랭 쿨러 조립 추가 비용상세보기CPU는 최고의 게이밍 가성비 CPU입니다메인보드는 실버계열 방열판과 Dr.MOS 전원부가 탑재된 가성비 좋은 보드입니다.메모리는 팀그룹의 화이트 튜닝메모리입니다.SSD는 PCIE4.0 대역폭 상급 SSD파워서플라이는  10년 보증에 슈퍼플라워랑 같은 유통사로 고주파 발생시 새제품 교환 등 AS 정책도 동일하고 가격대도 좋은 파워입니다.",
    "quote_feedback": "7500F NZXT H9 FLOW 화이트 감성"
}