{
    "quote_number": "5047",
    "quote_title": "AMD 라이젠5-5세대 7600",
    "date_create": "2024.4.4",
    "cpu_gpu_combinations": "라이젠5 7600 +  조합",
    "quotation_summary": " AMD 라이젠5-5세대 7600# 게임용",
    "quote_person_introduction": "안녕하세요! 인벤에서 주로 활동하고 있는 Skywalkers입니다.가성비와 성능비 그리고 감성비까지 모두 고려해서 가장 합리적인 구성을 찾을 수 있도록 추천을 드리겠습니다.",
    "quotations_quotations_description": "[CPU]AMD 라이젠5-5세대 7600 (라파엘) (정품)상세보기[메인보드]ASUS TUF Gaming B650-E WIFI 대원씨티에스상세보기[메모리]TeamGroup DDR5-5600 CL46 Elite (16GB) x 2 개상세보기[SSD]삼성전자 PM9A1 M2 NVMe 병행수입 (1TB)상세보기[케이스]3RSYS L700 LITE (미들타워)상세보기[파워서플라이]NEWZEN SKULL 750SM MODULAR ATX 3.0 80PLUS GOLD (PCIE5)상세보기[CPU쿨러]PentaWave S06D LE ARGB상세보기[쿨러.튜닝.조명.액세서리]3RSYS TF-L7 140 SUB (BLACK) x 2 개상세보기[조립PC관련][견적왕] 조립 서비스 + 1년 출장 A/S상세보기CPU쿨러는 케이스와도 잘 어울리는 대장급 성능의 듀얼타워 공랭쿨러 중에서는 압도적인 가성비를 제공",
    "quote_feedback": "1. 메인보드는 와이파이&블루투스 모듈이 적용되어 있으면서 가성비가 더 좋은  ASUS TUF Gaming B650-E WIFI 대원씨티에스로 변경2. 메모리는 라이프타임 워런티로 압도적인 AS기간을 제공하는 팀그룹 5600MHz 고클럭 규격램 16기가 2개 32기가로 변경5600MHz 규격 램의 경우 아무런 설정없이 사용하게 되면 5200MHz로 안정적으로 동작을 하고 바이오스에 들어가서 EXPO 클릭을 한 번만 해주면 5600MHz로도 사용이 가능해서 선택지가 하나 더 생기게 됩니다. 5200 규격램보다는 메리트가 더 크다고 할 수 있죠.3. 구성하신 SSD인 P31은 NVMe 규격 중에서 속도가 가장 느린 젠3 제품입니다.젠3 보다 2배 더 빠른 젠4 제품 중 넘사벽 갓성비의 삼성전자 980PRO OEM버전인 삼성전자 PM9A1 M2 NVMe 병행수입 (1TB)으로 변경4. 케이스는 상단 3열 수냉쿨러 장착이 가능하고 원터치 스냅도어와 C타입 포트 등을 적용하고서도 가격을 대폭 인하하여 새롭게 출시한 갓성비 제품인 3RSYS L700 LITE (미들타워)로 변경DLX21과 성능과 디자인 그리고 편의성까지 모든 부분에서 완벽하게 대체가 되는 케이스입니다.5. 파워는 ATX3.0과 PCIE5 규격을 동시에 지원하는 가성비 좋은 NEWZEN SKULL 750SM MODULAR ATX 3.0 80PLUS GOLD (PCIE5)로 변경6. CPU쿨러는 케이스와 더 잘 어울리는 대장급 성능의 듀얼타워 공랭쿨러 중에서는 압도적인 가성비를 제공하는 PentaWave S06D LE ARGB로 변경7. 상단에는 140mm 시스템 팬 2개를 추가해서 쿨링과 튜닝효과를 극대화했습니다.참고해서 합리적인 구매하시기 바랍니다."
}