{
    "quote_number": "5051",
    "quote_title": "AMD 라이젠5-5세대 7500F + 라데온 RX 6800",
    "date_create": "2024.4.4",
    "cpu_gpu_combinations": "라이젠5 7500F + RX 6800 조합",
    "quotation_summary": " AMD 라이젠5-5세대 7500F + 라데온 RX 6800# 게임용",
    "quote_person_introduction": "안녕하세요! 인벤에서 주로 활동하고 있는 Skywalkers입니다.가성비와 성능비 그리고 감성비까지 모두 고려해서 가장 합리적인 구성을 찾을 수 있도록 추천을 드리겠습니다.",
    "quotations_quotations_description": "[CPU]AMD 라이젠5-5세대 7500F (라파엘) (멀티팩(정품))상세보기[메인보드]ASRock B650M PG Lightning + WiFi6E 모듈 패키지 에즈윈상세보기[메모리]TeamGroup DDR5-5600 CL46 Elite (16GB) x 2 개상세보기[그래픽카드]XFX 라데온 RX 6800 SWFT 319 CORE D6 16GB상세보기[SSD]삼성전자 PM9A1 M2 NVMe 병행수입 (1TB)상세보기[데스크탑 HDD]Western Digital WD 1TB BLUE WD10EZEX SATA3/7200/64M /HDD상세보기[케이스]3RSYS J700 RGB BLACK (미들타워)상세보기[파워서플라이]몬스타 가츠 ExtremeX FX800 80PLUS STANDARD상세보기[CPU쿨러]PentaWave Z04E SRB ARGB상세보기[쿨러.튜닝.조명.액세서리]장우컴퍼니 JW-HTK01 M.2 방열판상세보기[조립PC관련][견적왕] 조립 서비스 + 1년 출장 A/S상세보기그래픽카드는 RTX 4070 바로 아랫 등급!\nRTX 4060 Ti보다 월등히 좋지만 더 좋은 가성비 제품!",
    "quote_feedback": "1. 메인보드는 블루투스와 와이파이를 지원하는 제품 중에서는 가격적인 메리트가 가장 높은 ASRock B650M PG Lightning + WiFi6E 모듈 패키지 에즈윈으로 변경2. 메모리의 경우 삼성과 마이크론은 대규모 불량 이슈가 터졌던 터라 라이프타임 워런티로 압도적인 AS기간을 제공하는 팀그룹 5600MHz 고클럭 규격램 16기가 2개 32기가로 변경3. 그래픽카드는 이전 세대 하이엔드급 성능인 3070 Ti 보다도 깡성능이 더 높은 넘사벽 갓성비 제품이라고 할 수 있는 XFX 라데온 RX 6800 SWFT 319 CORE D6 16GB로 변경AFMF 설정시 4070 TI 이상의 프레임도 기대할 수 있는 메리트가 아주 높은 제품입니다.https://youtu.be/K2Hg-CM6U6A그래픽카드 선택에 도움이 될 영상 링크해드립니다. 시청하시면 도움이 아주 많이 될 겁니다.4. 구성하신 SSD는 NVMe 규격 중에서는 가장 느린 젠3 제품입니다.젠3 보다 2배 더 빠른 젠4 제품 중 넘사벽 갓성비의 삼성전자 980PRO OEM버전인 삼성전자 PM9A1 M2 NVMe 병행수입 (1TB)으로 변경했고, 저렴한 방열판도 하나 추가했습니다.5. RX 6800의 경우 길이가 340mm로 긴 편이라 371mm까지 장착 지원을 하는 끝판왕 가성비 제품인 3RSYS J700 RGB BLACK (미들타워)로 변경6. 파워는 6년 무상AS에 무려 9종에 달하는 보호회로를 적용하여 안정성에 몰빵을 하고서도 가격은 아주 착한 수준으로 출시가 되었고 현재 출시 이벤트로 가격을 더 인하해서 판매 중이라 갓성비 중에서도 갓성비라고 할 수 있는 몬스타 가츠 ExtremeX FX800 80PLUS STANDARD로 변경7. 7500F는 듀얼 타워 공랭쿨러가 필요할 만큼 온도가 높지 않습니다. 싱글 타워로도 충분히 온도 제어가 됩니다.CPU쿨러는 싱글타워 끝판왕급 성능에 케이스와도 잘 어울리고 성능도 좋고 ARGB를 지원하는 제품 중에서는 가격적인 메리트도 가장 높은 갓성비 제품인 PentaWave Z04E SRB ARGB로 변경참고해서 합리적인 구매하시기 바랍니다."
}