{
    "quote_number": "5092",
    "quote_title": "AMD 라이젠5-5세대 7500F + 지포스 RTX 4070 SUPER",
    "date_create": "2024.4.6",
    "cpu_gpu_combinations": "라이젠5 7500F + RTX 4070 SUPER 조합",
    "quotation_summary": " AMD 라이젠5-5세대 7500F + 지포스 RTX 4070 SUPER# 게임용",
    "quote_person_introduction": "안녕하세요! 인벤에서 주로 활동하고 있는 Skywalkers입니다.가성비와 성능비 그리고 감성비까지 모두 고려해서 가장 합리적인 구성을 찾을 수 있도록 추천을 드리겠습니다.",
    "quotations_quotations_description": "[CPU]AMD 라이젠5-5세대 7500F (라파엘) (멀티팩(정품))상세보기[메인보드]ASRock B650M PG Lightning + WiFi6E 모듈 패키지 에즈윈상세보기[메모리]ESSENCORE KLEVV DDR5-6000 CL30 BOLT V 패키지 서린 (32GB(16Gx2))상세보기[그래픽카드]ZOTAC GAMING 지포스 RTX 4070 SUPER TWIN Edge OC D6X 12GB상세보기[SSD]삼성전자 PM9A1 M2 NVMe 병행수입 (1TB)상세보기[케이스]몬스타 가츠 X420A 블랙 (미들타워)상세보기[파워서플라이]NEWZEN SKULL 750SM MODULAR ATX 3.0 80PLUS GOLD (PCIE5)상세보기[CPU쿨러]3RSYS TEAMMOST TM40상세보기[쿨러.튜닝.조명.액세서리]장우컴퍼니 JW-HTK01 M.2 방열판상세보기[조립PC관련][견적왕] 조립 서비스 + 1년 출장 A/S상세보기그래픽카드는 RTX 4070과 RTX 4070 Ti 제품 사이에 위치한 라인업이며 길이 234.1mm, 두께 40.2mm의 제원을 가지고 있습니다. 보조전원 커넥터는 12VHPWR 규격이며 구매 후 14일 이내 제품 등록 시 무상 3년 보증에 추가로 2년 확대보증 서비스를 제공하여 오래도록 사용할 수 있습니다.",
    "quote_feedback": "1. 7500F의 경우 온도가 낮은 편이라 듀얼타워 공랭쿨러가 필요하지 않고 메인보드 선택도 자유로운 편입니다. 그리고 현재 구성한 MSI MAG B650M 박격포 WIFI는 그래픽카드가 2번 슬롯부터 장착하는 레이아웃이 적용되어 있어서 많이 아쉬운 제품이죠. 두께가 조금이라도 있는 그래픽카드로 조립시 케이스 프론트 패널 케이블과 간섭이 생길 수도 있습니다. 웬만하면 1번 슬롯부터 그래픽카드 장착이 되는 메인보드로 구성하는 것을 추천을 드리구요.블루투스와 와이파이를 지원하는 제품 중에서는 가성비가 가장 좋은 ASRock B650M PG Lightning + WiFi6E 모듈 패키지 에즈윈으로 변경2. 그래픽카드는 1티어 AS에 2년 추가 RMA포함 총 5년의 무상AS를 제공하고 동일한 제품군에서는 가격적인 메리트도 있는 조택 4070 SUPER로 변경했습니다. 고가의 그래픽카드일수록 추가되는 2년의 무상AS는 아주 큰 메리트가 됩니다.3. 구성하신 P31 SSD는 NVMe 규격 중에서 속도가 가장 느린 젠3 제품입니다.젠3보다 2배 더 빠른 젠4 제품 중 넘사벽 갓성비의 삼성전자 980PRO OEM버전인 삼성전자 PM9A1 M2 NVMe 병행수입 (1TB)으로 변경했고, 저렴한 방열판도 하나 추가했습니다.4. DLX21 케이스는 준빅타워급으로 사이즈가 상당히 큰 편입니다. 현재 구성처럼 미니보드에 공랭쿨러로 조립하는 경우에는 내부에 빈 공간이 많이 생겨서 휑 하게 보이게 됩니다. 미관상 좋지 못하기 때문에 이런 구성에서는 케이스 사이즈를 줄여주는 것이 좋습니다.최근에 출시된 가성비 끝판왕 케이스인 몬스타 가츠 X420A 블랙 (미들타워)로 변경https://coolenjoy.net/bbs/system/1278729<-- 해당 케이스 조립 자료입니다. 직접 조립을 했고 상당히 멋진 시스템으로 만들어 주더군요.5. 파워는 ATX3.0과 PCIE5 규격을 동시에 지원하는 가성비 좋은 NEWZEN SKULL 850SM MODULAR ATX 3.0 80PLUS GOLD (PCIE5)로 변경6. CPU쿨러는 싱글타워 끝판왕급 성능에 최근 3만원 대에서 만원 중후반대로 가격을 대폭인하해서 갓성비 중에서도 갓성비라고 할 수 있는 3RSYS TEAMMOST TM40으로 변경참고해서 합리적인 구매하시기 바랍니다."
}