{
    "quote_number": "5102",
    "quote_title": "140만원 스팀게임 고사양게임 호그와트 라이젠 7500F + RX 6800 FHD 게이밍 컴퓨터 견적",
    "date_create": "2024.4.6",
    "cpu_gpu_combinations": "라이젠5 7500F + RX 6800 조합",
    "quotation_summary": " 라이젠 7500F / RX 6800 / RAM 32GB / SSD 1TB# FHD 게이밍# 라라랜드# AFMF# 스팀게임# 고사양게임# 호그와트 레거시",
    "quote_person_introduction": "안녕하세요. 로카프입니다.우리 주변에는 아직 컴퓨터 견적구성을 어떻게 할 지 몰라 고민에 빠지는 분들이 많이 계십니다.성능은 괜찮을까? 고장은 나지 않을까? 가격은 괜찮은건가? 이런 고민들을 한 번쯤은 해보셨을 겁니다.용도에 알맞는 성능과 합리적인 가격, 최우선으로 안정성과 신뢰도 높은 부품들로 구성된 견적을 추천해드리겠습니다.컴퓨터를 처음 알아보시는 분들의 입장에서 생각하고 견적을 구성해드리는 견적맨이 되겠습니다.",
    "quotations_quotations_description": "[CPU]AMD 라이젠5-5세대 7500F (라파엘) (멀티팩(정품))상세보기[메인보드]ASRock B650M PG Lightning 대원씨티에스상세보기[메모리]ADATA XPG DDR5-6000 CL30 LANCER RGB 블랙 패키지 (32GB(16Gx2))하이닉스 A다이 언락 제품!상세보기[그래픽카드]XFX 라데온 RX 6800 SWFT 319 CORE D6 16GB상세보기[SSD]마이크론 Crucial T500 M.2 NVMe 대원씨티에스 (1TB)상세보기[케이스]DAVEN SIX FLOW 블랙 (미들타워)상세보기[파워서플라이]SF-700R12ST MEGA 80PLUS STANDARD 230V EU상세보기[CPU쿨러]DARKFLASH Ellsworth S21 (블랙)상세보기[쿨러.튜닝.조명.액세서리]장우컴퍼니 JW-HTK01 M.2 방열판상세보기[조립PC관련][견적왕] 조립 서비스 + 1년 출장 A/S상세보기CPU는 6코어 12쓰레드 구조로 라이젠 7600과 성능 차이가 크지않으면서 내장그래픽이 없어 금액부담 덜 수 있는 제품입니다.메인보드는 B650칩셋 제품으로 PBO와 커브옵티마이저 기능 사용이 가능하며 드라이버모스펫을 사용한 B650M PG Lightning입니다. 3개의 5V ARGB 헤더가 구성되어 있어 각종 ARGB 부품을 연결하는 데 있어 용이합니다.메모리는 6000클럭 튜닝램 제품 가운데 CL타이밍 값이 30으로 낮은편인 ADATA사의 LANCER RGB 블랙 튜닝램입니다. 라이프워런티정책으로 A/S정책이 좋으며 16GB 2장 총 32GB 패키지입니다.그래픽카드는 24. 02. 20. 현재 RTX 4060Ti 대비 게임성능 훨씬 더 좋으면서 가격부담은 덜한 RX 6800입니다. DX11, 12게임이라면 게임지원여부와 무관하게 AFMF기능 활용해 게임프레임을 더 높여볼 수도 있습니다. 제원 상 길이는 340mm, 두께 52mm이며 보조전원은 8핀포트 2개입니다.SSD는 최대읽기속도 7,300MB/s 최대쓰기속도 6,800MB/s를 자랑하는 최상위권 PCIe 4.0 SSD인 T500입니다. 보증기간 5년 제공하며 파이슨 컨트롤러가 적용되어 있습니다.케이스는 140mm 기본팬 6개를 제공하고 CPU쿨러최대호환가능높이 185mm, 그래픽카드최대호환가능길이 350mm 제원의 DAVEN SIX FLOW입니다. 좌측면 스윙도어 형태이며 LED ON/OFF 스위치가 있어 사용자 취향에 따라 켜고 끌 수 있습니다.파워서플라이는 국내 유통중인 파워중 A/S정책이 가장 좋은 슈퍼플라워사의 700W 파워입니다. 고주파 증상 발생 시에도 원활한 A/S 진행이 가능합니다!CPU쿨러는 2~3만원대 쿨러 중 가성비가 뛰어난 제품으로, AM4소켓 CPU 구성시 발생할 수 있는 무뽑기 파손증상 방지키트가 구성품에 포함되어 있습니다.",
    "quote_feedback": "게이밍용도에 맞춰 라이젠 7500F + RX 6800 라라랜드 견적 구성 도와드렸습니다.CPU는 100~200만원 초반 견적 구성 시 가성비 매우 좋은 7500F이며메인보드는 PBO와 커브 옵티마이저 기능 사용가능한 B650칩셋 제품입니다.메모리는 6000클럭 튜닝램으로 16GB 2장 총 32GB 용량 맞춰드렸으며SSD는 PCIe4.0 상위스펙 1TB 용량 제품입니다.그래픽카드는 RTX 4060Ti 대비 전반적인 게임성능 좀 더 좋으면서 금액부담 덜하고AFMF기능 활용해 게임프레임 더욱 높여볼 수 있는 RX 6800입니다.파워는 700W 용량 제품이면 되겠으며CPU쿨러는 싱글타워공랭쿨러로 마무리했습니다."
}