{
    "quote_number": "5134",
    "quote_title": "AMD 라이젠5-5세대 7500F + 라데온 RX 7800 XT",
    "date_create": "2024.4.7",
    "cpu_gpu_combinations": "라이젠5 7500F + RX 7800 XT 조합",
    "quotation_summary": " AMD 라이젠5-5세대 7500F + 라데온 RX 7800 XT# 게임",
    "quote_person_introduction": "안녕하세요! 인벤에서 주로 활동하고 있는 Skywalkers입니다.가성비와 성능비 그리고 감성비까지 모두 고려해서 가장 합리적인 구성을 찾을 수 있도록 추천을 드리겠습니다.",
    "quotations_quotations_description": "[CPU]AMD 라이젠5-5세대 7500F (라파엘) (멀티팩(정품))상세보기[메인보드]ASRock B650M PG Lightning 에즈윈상세보기[메모리]TeamGroup DDR5-5600 CL46 Elite (16GB) x 2 개상세보기[그래픽카드]PowerColor 라데온 RX 7800 XT Hellhound D6 16GB 대원씨티에스상세보기[SSD]삼성전자 PM9A1 M2 NVMe 병행수입 (1TB)상세보기[케이스]Antec CX200M RGB ELITE 블랙 (미니타워)상세보기[파워서플라이]쿨러마스터 G800 GOLD상세보기[CPU쿨러]PentaWave Z04E SRB ARGB상세보기[소프트웨어]Microsoft Windows 11 Home (처음사용자용 한글)상세보기[쿨러.튜닝.조명.액세서리]장우컴퍼니 JW-HTK01 M.2 방열판상세보기[조립PC관련][견적왕] 조립 서비스 + 1년 출장 A/S상세보기파워서플라이는 안정성과 가성비를 겸비한 골드인증 800W 파워",
    "quote_feedback": "1. 구성하신 잘만 P30은 상단에 3열 수냉쿨러가 장착이 되는 디자인의 어항케이스로 공간이 제법 많이 비게 됩니다. 여기에 시스템 팬을 추가하는 것이 아니라면 공랭쿨러 전용으로 출시되어서 5개의 팬을 기본으로 장착한 Antec CX200M RGB ELITE 블랙 (미니타워)로 추천을 드립니다.P30과 동일한 디자인으로 상단 2개 하단 2개 후면 1개 등 총 5개의 팬을 기본 장착하고 있어서 공랭쿨러 조립시 최상위 튜닝효과를 제공합니다.2. 파워는 정격 800W 골드인증 제품인 쿨러마스터 G800 GOLD로 변경해서 안정성과 가성비를 모두 챙겼습니다.3. 메인보드에서 M.2 방열판을 제공하지 않아서 저렴한 방열판도 하나 추가했습니다.참고해서 합리적인 구매하시기 바랍니다."
}