{
    "quote_number": "5159",
    "quote_title": "AMD 라이젠5-5세대 7500F + 지포스 RTX 4060 Ti",
    "date_create": "2024.4.8",
    "cpu_gpu_combinations": "라이젠5 7500F + RTX 4060 Ti 조합",
    "quotation_summary": " AMD 라이젠5-5세대 7500F + 지포스 RTX 4060 Ti# 게임용",
    "quote_person_introduction": "안녕하세요! 인벤에서 주로 활동하고 있는 Skywalkers입니다.가성비와 성능비 그리고 감성비까지 모두 고려해서 가장 합리적인 구성을 찾을 수 있도록 추천을 드리겠습니다.",
    "quotations_quotations_description": "[CPU]AMD 라이젠5-5세대 7500F (라파엘) (멀티팩(정품))상세보기[메인보드]ASRock B650M Pro RS + WiFi6E 모듈 패키지 디앤디컴상세보기[메모리]TeamGroup DDR5-5600 CL46 Elite (16GB) x 2 개상세보기[그래픽카드]이엠텍 지포스 RTX 4060 Ti MIRACLE WHITE D6 8GB상세보기[SSD]마이크론 Crucial T500 M.2 NVMe 아스크텍 (1TB)상세보기[케이스]몬스타 가츠 X220M 화이트 (미니타워)상세보기[파워서플라이]topower Guardian TOP-700DG Single Rail 80PLUS BRONZE WHITE상세보기[CPU쿨러]마이크로닉스 ICEROCK MA-410 (WHITE)상세보기[소프트웨어]Microsoft Windows 11 Home (처음사용자용 한글)상세보기[조립PC관련][견적왕] 조립 서비스 + 1년 출장 A/S상세보기메인보드는 가성비 좋은 화이트 B650M WiFi 킷 메인보드파워서플라이는 7년 무상 AS에 브론즈 인증, 140mm 팬 장착, 12V 가용력 100%, 성능으로 세계적에서 유명한 국산 삼영콘덴서를 메인콘덴서로 채용, 6종 보호회로 적용 등 가격대비 퀄리티는 최고수준으로 보급형에서는 끝판왕급인 탑파워 가디언 700W 화이트",
    "quote_feedback": "1. 메인보드는 와이파이 킷이 패키지로 제공되는 ASRock B650M Pro RS + WiFi6E 모듈 패키지 디앤디컴으로 변경2. 메모리는 삼성과 마이크론 램은 대규모 불량 이슈가 터졌던 터라 라이프타임 워런티로 압도적인 AS기간을 제공하는 팀그룹 5600MHz 고클럭 규격램 16기가 2개 32기가로 변경3. 구성하신 케이스는 후면 팬 1개만 장착되어 있고 하단부도 막혀있는 디자인이라 차가운 공기를 내부로 흡기할 수 있는 부분이 없습니다. 쿨링 효율이 최하 수준의 제품이라 3개의 팬을 기본 장착하고 하단부 통 타공망으로 쿨링 효율도 높였고 비주얼도 아주 좋은 어항케이스 몬스타 가츠 X220M 화이트 (미니타워)로 변경4. 파워는 7년 무상 AS에 브론즈 인증, 140mm 팬 장착, 12V 가용력 100%, 성능으로 세계적에서 유명한 국산 삼영콘덴서를 메인콘덴서로 채용, 6종 보호회로 적용 등 가격대비 퀄리티는 최고수준으로 보급형에서는 끝판왕급인 탑파워 가디언 700W 화이트로 변경5. CPU쿨러는 케이스 시스템 팬의 화이트 LED인지라 화이트 색상의 쿨링 팬이 적용되어 있어서 케이스와 아주 잘 어울리는 마이크로닉스 ICEROCK MA-410 (WHITE)로 변경참고해서 합리적인 구매하시기 바랍니다."
}