{
    "quote_number": "5179",
    "quote_title": "480만원 원컴방송 게임방송 MMORPG 스팀게임 고사양게임 라이젠 7800X3D + RTX 4090 윈도우포함 게이밍 컴퓨터 견적",
    "date_create": "2024.4.9",
    "cpu_gpu_combinations": "라이젠7 7800X3D + RTX 4090 조합",
    "quotation_summary": " 라이젠 7800X3D / RTX 4090 / RAM 64GB / SSD 2TB / 윈도우포함# QHD/4K 게이밍# 윈도우포함# 원컴방송# 게임방송# OBS# MMORPG# 스팀게임# 고사양게임",
    "quote_person_introduction": "안녕하세요. 로카프입니다.우리 주변에는 아직 컴퓨터 견적구성을 어떻게 할 지 몰라 고민에 빠지는 분들이 많이 계십니다.성능은 괜찮을까? 고장은 나지 않을까? 가격은 괜찮은건가? 이런 고민들을 한 번쯤은 해보셨을 겁니다.용도에 알맞는 성능과 합리적인 가격, 최우선으로 안정성과 신뢰도 높은 부품들로 구성된 견적을 추천해드리겠습니다.컴퓨터를 처음 알아보시는 분들의 입장에서 생각하고 견적을 구성해드리는 견적맨이 되겠습니다.",
    "quotations_quotations_description": "[CPU]AMD 라이젠7-5세대 7800X3D (라파엘) (멀티팩(정품))상세보기[메인보드]ASRock B650 PG Lightning 대원씨티에스상세보기[메모리]ADATA DDR5-5600 CL46-45-45 (32GB) x 2 개상세보기[그래픽카드]이엠텍 지포스 RTX 4090 GAMEROCK D6X 24GB상세보기[SSD]마이크론 Crucial T500 M.2 NVMe 대원씨티에스 (2TB)상세보기[케이스]DARKFLASH DLX21 RGB MESH 강화유리 블랙 (미들타워)상세보기[파워서플라이]NEWZEN SKULL 1000XM ATX 3.0 80PLUS GOLD PCIE5상세보기[CPU쿨러]Thermalright Peerless Assassin 120 SE 서린상세보기[소프트웨어]Microsoft Windows 11 Home (처음사용자용 한글)상세보기[조립PC관련][견적왕] 조립 서비스 + 1년 출장 A/S상세보기CPU는 3D V캐시 구성으로 압도적인 게이밍 성능을 자랑하며 공랭쿨러로도 사용이 가능한 7800X3D입니다. 8코어 16쓰레드 구조로 방송하시는 데도 충분한 성능을 발휘하는 제품입니다.메인보드는 840A급 드라이버모스펫 채용으로 전원부 성능이 매우 뛰어나 라이젠 7000시리즈 어떤 CPU와도 구성 할 수 있는 제품입니다. 또한, ATX 사이즈 메인보드로 확장성 역시 매우 좋습니다.메모리는 라이프워런티정책으로 A/S정책 좋은 ADATA 5600클럭 JEDEC 표준 일반램입니다.그래픽카드는 4K 게이밍도 가능하며 최상위 라인업에 군림하고 있는 RTX 4090입니다. 이엠텍사의 A/S는 많은 사용자들로부터 좋은 평가를 받고 있는 만큼 안심하고 사용할 수 있는 그래픽카드입니다.SSD는 232단 TLC NAND가 적용된 최대읽기속도 7,400MB/s 최대쓰기속도 7,000MB/s를 자랑하는 최상위권 PCIe 4.0 SSD인 T500입니다.케이스는 많은 소비자들로부터 꾸준한 사랑을 받고있는 DLX 21 MESH입니다. 140mm 전면팬 3개와 140mm 후면팬 1개 기본구성에 상단 3열 수랭쿨러 호환도 문제없으며 호환길이 CPU공랭쿨러 180mm / 그래픽카드 400mm의 뛰어난 호환성도 장점입니다.파워서플라이는 24.02.23. 현재 슈퍼플라워와 동일한 유통사 제품으로 고주파증상도 원활한 A/S가 가능한 SKULL 1000W 골드급 ATX3.0 풀모듈러 제품입니다. 무상보증기간 10년이며 보증기간 내 불량 발생 시 새제품 교환으로 진행되는 제품입니다.CPU쿨러는 듀얼타워공랭쿨러 가운데 탁월한 쿨링성능과 정숙성을 보여주는 Peerless Assassin 120 SE 제품입니다.소프트웨어는 처음사용자용 제품이라 추후 PC를 바꾸시더라도 다시 윈도우를 구매하실 필요 없이 기존 시리얼키로 인증하신 뒤 재사용이 가능합니다. 단, 시리얼키 하나 당 PC 1대만 사용이 가능한 점은 동일합니다.",
    "quote_feedback": "사용용도에 맞춰 윈도우포함 라이젠 7800X3D + RTX 4090 견적 구성 도와드렸습니다.원컴방송은 그래픽카드 송출을 활용하시면 되겠으며OBS와 같은 방송프로그램에서 인코더를 NVENC로 선택한 뒤 진행하시면 되겠습니다.CPU는 3D V캐시 적용으로 캐시메모리 용량이 커 게임성능이인텔 i9과 비교될정도로 매우 좋은 라이젠 7800X3D 선택했습니다.메모리는 JEDEC 표준 일반램으로 32GB 2장 총 64GB 용량 맞춰드렸으며그래픽카드는 가장 고가의 부품인만큼 A/S퀄리티 좋은 이엠텍, 조텍, 갤럭시, inno3D 제품 추천드립니다.SSD는 PCIe4.0 상위스펙 2TB 용량 제품이며파워는 12VHPWR 케이블 기본 제공하는 1000W 제품입니다.CPU쿨러는 상급 듀얼타워공랭쿨러로 마무리했습니다.윈도우는 처음사용자용 제품으로 포함해서 추후 PC 교체 시재구매할 필요없이 인증 옮겨서 지속적으로 사용할 수 있도록 했습니다."
}