{
    "quote_number": "5211",
    "quote_title": "인텔 코어i5-13세대 13400F + 라데온 RX 6600",
    "date_create": "2024.4.10",
    "cpu_gpu_combinations": "코어i5-13400F + RX 6600 조합",
    "quotation_summary": " 인텔 코어i5-13세대 13400F + 라데온 RX 6600# 게임용",
    "quote_person_introduction": "안녕하세요! 인벤에서 주로 활동하고 있는 Skywalkers입니다.가성비와 성능비 그리고 감성비까지 모두 고려해서 가장 합리적인 구성을 찾을 수 있도록 추천을 드리겠습니다.",
    "quotations_quotations_description": "[CPU]인텔 코어i5-13세대 13400F (랩터레이크)(벌크)상세보기[메인보드]ASRock B760M PG LIGHTNING/D4 에즈윈상세보기[메모리]ESSENCORE KLEVV DDR4-3200 CL22 (16GB) x 2 개상세보기[그래픽카드]ASRock 라데온 RX 6600 CHALLENGER D D6 8GB 대원씨티에스상세보기[SSD]장우컴퍼니 PM9A1 M.2 NVMe 병행수입 (1TB) 삼성전자상세보기[케이스]몬스타 가츠 X420A 블랙 (미들타워)상세보기[파워서플라이]몬스타 가츠 ExtremeX FX600 80PLUS STANDARD상세보기[CPU쿨러]PentaWave Z04E SRB ARGB상세보기[모니터]컴이지 킹덤 K2716F REAL165 GAMING 무결점상세보기[조립PC관련][견적왕] 조립 서비스 + 1년 출장 A/S상세보기메인보드는 B760칩셋 제품으로 350A급의 전원부 성능을 가졌으며 전원부 방열판, M.2 SSD 방열판, 2개의 M.2 슬롯 등 기본적인 구성이 충실한 B760M PG LIGHTNING D4입니다.",
    "quote_feedback": "1. CPU는 10코어 16스레드로 금액대 내에서 작업과 게임을 하는데는 가장 성능이 좋은 13400F로 구성2. 메인보드는 드라이버 모스펫 전원부와 풀 히트싱크가 적용되어 있는ASRock B760M PG LIGHTNING/D4 에즈윈으로 구성3. 메모리는 라이프타임 워런티로 압도적인 AS기간을 제공하고 SK하이닉스 모듈을 사용해서 안정성도 높고 가격도 저렴한 ESSENCORE KLEVV DDR4-3200 CL22 (16GB) 2개 32기가로 구성4. 그래픽카드는 금액대 내에서 구성할 수 있는 성능이 가장 좋은 ASRock 라데온 RX 6600 CHALLENGER D D6 8GB 대원씨티에스로 구성5. SSD는 젠4 제품 중 넘사벽 갓성비의 삼성전자 980PRO OEM버전인 삼성전자 PM9A1 M2 NVMe 병행수입 (1TB)으로 구성6. 케이스는 가성비 끝판왕급 제품인 몬스타 가츠 X420A 블랙 (미들타워)로 구성7. 파워는 6년 무상AS에 무려 9종에 달하는 보호회로를 적용하여 안정성에 몰빵을 하고서도 가격은 아주 착한 수준으로 출시가 되었고 현재 출시 이벤트로 가격을 더 인하해서 판매 중이라 갓성비 중에서도 갓성비라고 할 수 있는 몬스타 가츠 ExtremeX FX600 80PLUS STANDARD로 구성8. CPU쿨러는 싱글타워 끝판왕급 성능에 케이스와도 잘 어울리고 성능도 좋고 ARGB를 지원하는 제품 중에서는 가격적인 메리트도 가장 높은 갓성비 제품인 PentaWave Z04E SRB ARGB로 구성9. 모니터는 FHD 해상도 165Hz 고주사율 게이밍 제품인 컴이지 킹덤 K2716F REAL165 GAMING 무결점으로 구성참고해서 합리적인 구매하시기 바랍니다."
}